requested_index,id,question,type,chapter,right,ta,options_text,option_a,option_b,option_c,option_d,option_e,option_f,option_g,imageurl,sohuimg,bestanswer
256,256,年满20周岁，可以初次申请下列哪种准驾车型？,2,1,1,1,"A:大型货车, B:大型客车, C:重型牵引挂车, D:所有车型",大型货车,大型客车,重型牵引挂车,所有车型,,,,,,自2025年1月1日起《机动车驾驶证申领和使用规定》，申请大型货车、中型客车驾驶证在20周岁以上，63周岁以下
27136,27136,机动车行驶证灭失、丢失，机动车所有人要向登记地车辆管理所申请补领、换领。,1,1,1,1,"A:正确, B:错误",正确,错误,,,,,,,,机动车登记证书、行驶证、号牌都是属于机动车相关的证件。丢失的需在登记地的车管所申请补领、换领。《机动车登记规定》第五十二条：机动车登记证书、行驶证灭失、丢失或者损毁的，机动车所有人应当向登记地车辆管理所申请补领、换领。申请时，机动车所有人应当确认申请信息并提交身份证明。
7681,7681,发动机号码、车辆识别代号因磨损，锈蚀，事故等原因辨认不清或者损坏的，可以向登记地车辆管理所申请备案。,1,1,1,1,"A:正确, B:错误",,,,,,,,,,已注册登记的机动车，车辆识别代号因磨损、锈蚀、事故等原因辨认不清或者损坏的，机动车所有人应当在信息或者事项变更后三十日内，向登记地车辆管理所申请变更备案，所以选择正确。《机动车登记规定》第二十三条：车辆识别代号因磨损、锈蚀、事故等原因辨认不清或者损坏的，机动车所有人应当在信息或者事项变更后三十日内，向登记地车辆管理所申请变更备案。
258,258,科目三考试分为道路驾驶技能考试和安全文明驾驶常识考试两部分。,1,1,1,1,"A:正确, B:错误",,,,,,,,,,科目三包括道路驾驶技能和安全文明驾驶常识考试科目。其中安全文明驾驶常识考试科目俗称科目四，实际上包含在科目三中，所以选择正确。《机动车驾驶证申领和使用规定》第三十条：机动车驾驶人考试内容分为道路交通安全法律、法规和相关知识考试科目（以下简称“科目一”）、场地驾驶技能考试科目（以下简称“科目二”）、道路驾驶技能和安全文明驾驶常识考试科目（以下简称“科目三”）。
7682,7682,机动车登记证书丢失后应及时补办，避免被不法分子利用。,1,1,1,1,"A:正确, B:错误",,,,,,,,,,机动车登记证书丢失后应及时补办，否则可能被不法分子利用，所以选择正确。《机动车登记规定》第五十二条：动车登记证书、行驶证灭失、丢失或者损毁的，机动车所有人应当向登记地车辆管理所申请补领、换领。申请时，机动车所有人应当确认申请信息并提交身份证明。
27138,27138,机动车驾驶人在一个记分周期内累积记分满12分的，应按规定参加满分学习、考试。,1,1,1,1,"A:正确, B:错误",正确,错误,,,,,,,,一个周期内记满12分的会被暂扣驾驶证，送达满分教育通知书，需参加满分学习、考试。《道路交通安全违法行为记分管理办法》第十七条：机动车驾驶人在一个记分周期内累积记分满12分的，公安机关交通管理部门应当扣留其机动车驾驶证，开具强制措施凭证，并送达满分教育通知书，通知机动车驾驶人参加满分学习、考试。
260,260,在学习驾驶证明的有效期内，科目二和科目三道路驾驶技能考试预约考试的次数分别不得超过多少次？,2,1,3,3,"A:3次, B:4次, C:5次, D:6次",3次,4次,5次,6次,,,,,,科目二和科目三可预约考试的次数分别不得超过5次，第五次考试仍不合格的，已考试合格的其他科目成绩作废，所以选择5次《机动车驾驶证申领和使用规定》第四十七条 ：在学习驾驶证明有效期内，科目二和科目三道路驾驶技能考试预约考试的次数分别不得超过五次第五次考试仍不合格的，已考试合格的其他科目成绩作废
33540,33540,参加公安机关交通管理部门组织的交通安全公益活动的，满几小时为一次，一次扣减几分？,2,1,1,1,"A:1小时，1分, B:2小时，2分, C:1小时，2分, D:2小时，1分",1小时，1分,2小时，2分,1小时，2分,2小时，1分,,,,,,《道路交通安全违法行为记分管理办法》第二十七条：参加公安机关交通管理部门组织的交通安全公益活动的，满一小时为一次，一次扣减1分。
261,261,学习驾驶证明的有效期是（）年。,2,1,2,2,"A:2, B:3, C:4, D:1",2,3,4,1,,,,,,学习驾驶证明的有效期为三年，但有效期截止日期不得超过申请年龄条件上限，所以选择3年《机动车驾驶证申领和使用规定》第四十一条：学习驾驶证明的有效期为三年，但有效期截止日期不得超过申请年龄条件上限申请人应当在有效期内完成科目二和科目三考试
6,6,对未取得驾驶证驾驶机动车的，追究其法律责任。,1,1,1,1,"A:正确, B:错误",,,,,,,,,,未取得驾驶证驾驶机动车的，违反《道路交通安全法》，追究法律责任，由公安机关交通管理部门处二百元以上二千元以下罚款，可以并处十五日以下拘留，所以选择正确。《中华人民共和国道路交通安全法》第九十九条：未取得机动车驾驶证、机动车驾驶证被吊销或者机动车驾驶证被暂扣期间驾驶机动车的，由公安机关交通管理部门处二百元以上二千元以下罚款。
262,262,申请人因故不能按照预约时间参加考试时，应当提前一日申请取消预约。,1,1,1,1,"A:正确, B:错误",,,,,,,,,,申请人因故不能按照预约时间参加考试的，应当提前一日申请取消预约，所以选择正确《机动车驾驶证申领和使用规定》第四十六条 ：申请人因故不能按照预约时间参加考试的，应当提前一日申请取消预约对申请人未按照预约考试时间参加考试的，判定该次考试不合格
33798,33798,驾驶中型以上载客载货汽车在一般城市道路上行驶超过规定时速百分之五十以上的，一次记6分。,1,1,2,2,"A:正确, B:错误",正确,错误,,,,,,,,题干说一般道路，就是在高速公路、城市快速路以外的道路上行驶，超过时速50%，一次记9分。《道路交通安全违法行为记分管理办法》规定：驾驶中型以上载客载货汽车在一般道路上行驶超过规定时速百分之五十以上的，一次记9分。
263,263,机动车驾驶证遗失、损毁无法辨认时，机动车驾驶人应当向机动车驾驶证核发地车辆管理所申请补发。,1,1,1,1,"A:正确, B:错误",,,,,,,,,,机动车驾驶证遗失的，机动车驾驶人应当向机动车驾驶证核发地或者核发地以外的车辆管理所申请补发，所以选择正确。《机动车驾驶证申领和使用规定》第六十九条：机动车驾驶证遗失的，机动车驾驶人应当向机动车驾驶证核发地或者核发地以外的车辆管理所申请补发。
33543,33543,驾驶证电子版与纸质版具有同等效力。,1,1,1,1,"A:正确, B:错误",,,,,,,,,,《机动车驾驶证申领和使用规定》第六十一条：机动车驾驶证电子版与纸质版具有同等效力
264,264,有吸食、注射毒品后驾驶驾车行为的机动车驾驶人，不会被注销驾驶证。,1,1,2,2,"A:正确, B:错误",,,,,,,,,,有吸食、注射毒品后驾驶驾车行为的机动车驾驶人，将被车辆管理所注销其机动车驾驶证，题中说不会被注销，所以选择错误。《机动车驾驶证申领和使用规定》第七十九条：被查获有吸食、注射毒品后驾驶机动车行为，依法被责令社区戒毒、社区康复或者决定强制隔离戒毒，或者长期服用依赖性精神药品成瘾尚未戒除的的机动车驾驶人，车辆管理所应当注销其机动车驾驶证。
265,265,有执行社区戒毒、强制隔离戒毒、社区康复措施记录的，车辆管理所将注销其驾驶证。,1,1,1,1,"A:正确, B:错误",,,,,,,,,,依法被责令社区戒毒、社区康复或者决定强制隔离戒毒的机动车驾驶人，将被车辆管理所注销其机动车驾驶证，所以选择正确。《机动车驾驶证申领和使用规定》第七十九条：被查获有吸食、注射毒品后驾驶机动车行为，依法被责令社区戒毒、社区康复或者决定强制隔离戒毒，或者长期服用依赖性精神药品成瘾尚未戒除的的机动车驾驶人，车辆管理所应当注销其机动车驾驶证。
33545,33545,申请人隐瞒有关情况或者提供虚假材料申领机动车驾驶证的，会受到什么处罚？,2,1,1,1,"A:处五百元以下罚款，申请人在一年内不得再次申领机动车驾驶证, B:处五百元以上两千元以下罚款，申请人终身不得再次申领机动车驾驶证, C:处两千元以下罚款，申请人在一年内不得再次申领机动车驾驶证, D:申请人终身不得再次申领机动车驾驶证",处五百元以下罚款，申请人在一年内不得再次申领机动车驾驶证,处五百元以上两千元以下罚款，申请人终身不得再次申领机动车驾驶证,处两千元以下罚款，申请人在一年内不得再次申领机动车驾驶证,申请人终身不得再次申领机动车驾驶证,,,,,,隐瞒情况或提供虚假资料申领机动车驾驶证是违法的，会被处五百元以下罚款，申请人在一年内不得再次申领机动车驾驶证《机动车驾驶证申领和使用规定》第九十三条：申请人隐瞒有关情况或者提供虚假材料申领机动车驾驶证的，公安机关交通管理部门不予受理或者不予办理，处五百元以下罚款；申请人在一年内不得再次申领机动车驾驶证
33801,33801,驾驶载货汽车载物超过最大允许总质量百分之五十以上的，一次记12分。,1,1,2,2,"A:正确, B:错误",正确,错误,,,,,,,,驾驶载货汽车载物超过最大允许总质量50%以上的记6分。《道路交通安全违法行为记分管理办法》第十条：驾驶载货汽车载物超过最大允许总质量百分之五十以上的，一次记6分。
10,10,驾驶机动车应当随身携带哪种证件？,2,1,2,2,"A:工作证, B:驾驶证, C:身份证, D:职业资格证",工作证,驾驶证,身份证,职业资格证,,,,,,驾驶机动车时，应当随身携带驾驶证。《中华人民共和国道路交通安全法》第十九条：驾驶人应当按照驾驶证载明的准驾车型驾驶机动车；驾驶机动车时，应当随身携带机动车驾驶证。
266,266,机动车号牌灭失、丢失或者损毁的，机动车所有人应当向哪个部门申请补领、换领？,2,1,3,3,"A:住地交警支队车辆管理所, B:驾驶证核发地车辆管理所, C:登记地车辆管理所, D:当地公安局",住地交警支队车辆管理所,驾驶证核发地车辆管理所,登记地车辆管理所,当地公安局,,,,,,机动车号牌灭失、丢失或者损毁应当向登记地车辆管理所申请补领、换领，所以选登记地车辆管理所。《机动车登记规定》第五十一条：机动车号牌灭失、丢失或者损毁的，机动车所有人应当向登记地车辆管理所申请补领、换领。申请时，机动车所有人应当确认申请信息并提交身份证明。
267,267,机动车号牌灭失、丢失或者损毁的，机动车所有人应当向居住地车辆管理所申请补领、换领。,1,1,2,2,"A:正确, B:错误",,,,,,,,,,机动车号牌灭失、丢失或者损毁应当向登记地车辆管理所申请补领、换领，而不是居住地，所以选择错误。《机动车登记规定》第五十一条：机动车号牌灭失、丢失或者损毁的，机动车所有人应当向登记地车辆管理所申请补领、换领。申请时，机动车所有人应当确认申请信息并提交身份证明。
268,268,机动车购买后尚未注册登记，需要临时上道路行驶的，可以凭什么临时上道路行驶？,2,1,2,2,"A:合法来源凭证, B:临时行驶车号牌, C:借用的机动车号牌, D:法人单位证明",合法来源凭证,临时行驶车号牌,借用的机动车号牌,法人单位证明,,,,,,机动车购买后尚未注册登记，需要临时上道路行驶的，应安装临时号牌，所以选择临时行驶车号牌。《中华人民共和国道路交通安全法》第八条：尚未登记的机动车，需要临时上道路行驶的，应当取得临时通行牌证。
13,13,在实习期内驾驶机动车的，应当在车身后部粘贴或者悬挂哪种标志？,2,1,3,3,"A:注意新手标志, B:注意避让标志, C:统一式样的实习标志, D:注意车距标志",注意新手标志,注意避让标志,统一式样的实习标志,注意车距标志,,,,,,实习期内驾驶机动车的，应当在车身后部粘贴或者悬挂统一式样的实习标志。《中华人民共和国道路交通安全法实施条例》第二十二条：在实习期内驾驶机动车的，应当在车身后部粘贴或者悬挂统一式样的实习标志。
269,269,申请人以欺骗、贿赂等不正当手段取得机动车驾驶证的（被撤销的），申请人在多长时间内不得再次申领机动车驾驶证？,2,1,4,4,"A:6个月, B:1年, C:2年, D:3年",6个月,1年,2年,3年,,,,,,申请人以欺骗、贿赂等不正当手段取得机动车驾驶证的，3年内，不得再次申领机动车驾驶证，所以选择3年。《机动车驾驶证申领和使用规定》第九十三条：申请人以欺骗、贿赂等不正当手段取得机动车驾驶证的，公安机关交通管理部门收缴机动车驾驶证，撤销机动车驾驶许可，处二千元以下罚款；申请人在三年内不得再次申领机动车驾驶证。
27149,27149,驾车在城市快速路上违法占用应急车道行驶的，一次记（）分。,2,1,4,4,"A:12, B:3, C:9, D:6",12,3,9,6,,,,,,《道路交通安全违法行为记分管理办法》第十条：驾驶机动车在高速公路或者城市快速路上违法占用应急车道行驶的，一次记6分
33805,33805,机动车驾驶人同时被处以暂扣机动车驾驶证的，经满分学习、考试合格且罚款已缴纳的，记分予以清除，在暂扣期限届满后发还机动车驾驶证。,1,1,1,1,"A:正确, B:错误",正确,错误,,,,,,,,本题考点为满分学习相关内容《道路交通安全违法行为记分管理办法》第二十三条：机动车驾驶人经满分学习、考试合格且罚款已缴纳的，记分予以清除，发还机动车驾驶证机动车驾驶人同时被处以暂扣机动车驾驶证的，在暂扣期限届满后发还机动车驾驶证
14,14,以欺骗、贿赂等不正当手段取得驾驶证被依法撤销驾驶许可的，（）不得重新申请驾驶许可？,2,1,1,1,"A:3年内, B:5年内, C:1年内, D:终生",3年内,5年内,1年内,终生,,,,,,以欺骗、贿赂等不正当手段取得机动车登记或者驾驶许可的，3年内不得重新申请驾驶许可《机动车驾驶证申领和使用规定》第九十三条：申请人以欺骗、贿赂等不正当手段取得机动车驾驶证的，公安机关交通管理部门收缴机动车驾驶证，撤销机动车驾驶许可，处二千元以下罚款；申请人在三年内不得再次申领机动车驾驶证
270,270,申请人在考试过程中有贿赂、舞弊行为的，取消考试资格，已经通过考试的其他科目成绩无效。,1,1,1,1,"A:正确, B:错误",,,,,,,,,,申请人在考试过程中有贿赂、舞弊行为的，取消考试资格，已经通过考试的其他科目成绩无效，所以选择正确。《机动车驾驶证申领和使用规定》第九十三条：申请人在考试过程中有贿赂、舞弊行为的，取消考试资格，已经通过考试的其他科目成绩无效，公安机关交通管理部门处二千元以下罚款；申请人在一年内不得再次申领机动车驾驶证。
33550,33550,驾驶机动车在高速公路或者城市快速路上不按规定车道行驶的，一次记3分。,1,1,1,1,"A:正确, B:错误",,,,,,,,,,《道路交通安全违法行为记分管理办法》第十一条：驾驶机动车在高速公路或者城市快速路上不按规定车道行驶的，一次记3分。
15,15,驾驶人要按照驾驶证载明的准驾车型驾驶车辆。,1,1,1,1,"A:正确, B:错误",,,,,,,,,,驾驶人要按照驾驶证载明的准驾车型驾驶车辆，与准驾车型不符的机动车不得驾驶，所以选择正确。《中华人民共和国道路交通安全法》第十九条：驾驶人应当按照驾驶证载明的准驾车型驾驶机动车。
33807,33807,驾驶校车、中型以上载客载货汽车、危险品运输车辆在高速公路、城市快速路以外的道路上行驶超过规定时速百分之五十以上的，一次记9分。,1,1,1,1,"A:正确, B:错误",正确,错误,,,,,,,,题干中有关键词以外，高速公路、城市快速路以外的道路就是普通道路。《道路交通安全违法行为记分管理办法》规定：驾驶校车、中型以上载客载货汽车、危险物品运输车辆在高速公路、城市快速路以外的道路上行驶超过规定时速百分之五十以上的，一次记9分。
33809,33809,驾驶校车在高速公路、城市快速路以外的道路上行驶超过规定时速百分之十以上未达到百分之二十的，一次记1分。,1,1,1,1,"A:正确, B:错误",正确,错误,,,,,,,,题干中有关键词以外，高速公路、城市快速路以外的道路就是普通道路。《道路交通安全违法行为记分管理办法》规定：驾驶校车在高速公路、城市快速路以外的道路上行驶超过规定时速百分之十以上未达到百分之二十的，一次记1分。
21,21,驾驶报废机动车上路行驶的驾驶人，除按规定罚款外，还要受到哪种处理？,2,1,4,4,"A:撤销驾驶许可, B:收缴驾驶证, C:强制恢复车况, D:吊销驾驶证",撤销驾驶许可,收缴驾驶证,强制恢复车况,吊销驾驶证,,,,,,本题考点为驾驶拼装、报废车《道路交通安全法》第一百条：驾驶拼装的机动车或者已达到报废标准的机动车上道路行驶的，公安机关交通管理部门应当予以收缴，强制报废对驾驶前款所列机动车上道路行驶的驾驶人，处二百元以上二千元以下罚款，并吊销机动车驾驶证
7701,7701,补领驾驶证后，（）。,2,1,2,2,"A:原驾驶证继续使用, B:原驾驶证作废，不得继续使用, C:原驾驶证特殊情况下使用, D:替换使用",原驾驶证继续使用,原驾驶证作废，不得继续使用,原驾驶证特殊情况下使用,替换使用,,,,,,补领新驾驶证后，原驾驶证作废不得使用，所以选择原驾驶证作废，不得继续使用《机动车驾驶证申领和使用规定》第六十九条：机动车驾驶人补领机动车驾驶证后，原机动车驾驶证作废，不得继续使用
22,22,对驾驶已达到报废标准的机动车上路行驶的驾驶人，会受到下列哪种处罚？,2,1,2,2,"A:处15日以下拘留, B:吊销机动车驾驶证, C:处20以上200元以下罚款, D:追究刑事责任",处15日以下拘留,吊销机动车驾驶证,处20以上200元以下罚款,追究刑事责任,,,,,,本题考点为驾驶拼装、报废车《道路交通安全法》第一百条：驾驶拼装的机动车或者已达到报废标准的机动车上道路行驶的，公安机关交通管理部门应当予以收缴，强制报废对驾驶前款所列机动车上道路行驶的驾驶人，处二百元以上二千元以下罚款，并吊销机动车驾驶证
7702,7702,机动车驾驶人补领机动车驾驶证后，原机动车驾驶证作废。,1,1,1,1,"A:正确, B:错误",,,,,,,,,,补领新驾驶证后，原驾驶证作废不得使用，所以选择正确。《机动车驾驶证申领和使用规定》第六十九条：机动车驾驶人补领机动车驾驶证后，原机动车驾驶证作废，不得继续使用。
7703,7703,超过机动车驾驶证有效期一年以上未换证被注销，但未超过2年的，机动车驾驶人应当如何恢复驾驶资格？,2,1,1,1,"A:参加道路交通安全法律、法规和相关知识考试合格后, B:参加场地考试合格后, C:参加道路驾驶技能考试合格后, D:参加安全文明驾驶常识考试合格后",参加道路交通安全法律、法规和相关知识考试合格后,参加场地考试合格后,参加道路驾驶技能考试合格后,参加安全文明驾驶常识考试合格后,,,,,,驾驶证超过有效期一年以上未换证的，但未超过2年的，机动车驾驶人参加道路交通安全法律、法规和相关知识考试合格后，可以恢复驾驶资格，所以选择正确《机动车驾驶证申领和使用规定》第七十九条：机动车驾驶人超过机动车驾驶证有效期一年以上未换证的，车辆管理所应当注销其机动车驾驶证；被注销机动车驾驶证未超过二年的，机动车驾驶人参加道路交通安全法律、法规和相关知识考试合格后，可以恢复驾驶资格
27159,27159,机动车驾驶人在实习期内驾驶机动车不得上高速公路行驶。,1,1,2,2,"A:正确, B:错误",正确,错误,,,,,,,,机动车驾驶人在实习期内只是不能单独上高速公路行驶，“不得上高速公路行驶”是错的。在由持有相同驾驶证，或包含其准驾车型驾驶证，三年以上的驾驶人陪同时，是可以上高速的。
24,24,驾驶机动车上路前应当检查车辆安全技术性能。,1,1,1,1,"A:正确, B:错误",,,,,,,,,,驾驶机动车上路前，应当检查车辆安全技术性能，不得驾驶具有安全隐患的机动车上路，所以选择正确。《中华人民共和国道路交通安全法》第二十一条：驾驶人驾驶机动车上道路行驶前，应当对机动车的安全技术性能进行认真检查；不得驾驶安全设施不全或者机件不符合技术标准等具有安全隐患的机动车。
7704,7704,已注册登记的机动车达到国家规定的强制报废标准的，应当向登记地车辆管理所申请注销登记。,1,1,1,1,"A:正确, B:错误",,,,,,,,,,机动车已达到国家强制报废标准的，机动车所有人应当向登记地车辆管理所申请注销登记，所以选择正确。《机动车登记规定》第三十七条：机动车已达到国家强制报废标准的，机动车所有人应当向登记地车辆管理所申请注销登记。
25,25,不得驾驶具有安全隐患的机动车上道路行驶。,1,1,1,1,"A:正确, B:错误",,,,,,,,,,驾驶机动车上路前，应当检查车辆安全技术性能，不得驾驶具有安全隐患的机动车上路，所以选择正确。《中华人民共和国道路交通安全法》第二十一条：驾驶人驾驶机动车上道路行驶前，应当对机动车的安全技术性能进行认真检查；不得驾驶安全设施不全或者机件不符合技术标准等具有安全隐患的机动车。
7705,7705,存在以下哪种行为的申请人在一年内不得再次申领机动车驾驶证？,2,1,2,2,"A:在考试过程中出现身体不适, B:在考试过程中有舞弊行为, C:不能按照教学大纲认真练习驾驶技能, D:未参加理论培训",在考试过程中出现身体不适,在考试过程中有舞弊行为,不能按照教学大纲认真练习驾驶技能,未参加理论培训,,,,,,申请人在考试过程中有贿赂、舞弊行为的，取消考试资格，已经通过考试的其他科目成绩无效，公安机关交通管理部门处二千元以下罚款；申请人在一年内不得再次申领机动车驾驶证，其他选项的行为没有严重到限制申领机动车驾驶证，所以选择在考试过程中有舞弊行为。《机动车驾驶证申领和使用规定》第九十三条：申请人在考试过程中有贿赂、舞弊行为的，取消考试资格，已经通过考试的其他科目成绩无效，公安机关交通管理部门处二千元以下罚款；申请人在一年内不得再次申领机动车驾驶证。
26,26,拼装的机动车只要认为安全就可以上路行驶。,1,1,2,2,"A:正确, B:错误",,,,,,,,,,拼装车未进行安全技术检测，有安全隐患，不能上路行驶，所以选择错误。《中华人民共和国道路交通安全法》第一百条：驾驶拼装的机动车或者已达到报废标准的机动车上道路行驶的，公安机关交通管理部门应当予以收缴，强制报废。
33562,33562,申请人以欺骗、贿赂等不正当手段取得机动车驾驶证的，会受到什么处罚？,2,1,4,4,"A:处五百元以下罚款，申请人在三年内不得再次申领机动车驾驶证, B:处五百元以下罚款, C:申请人在一年内不得再次申领机动车驾驶证, D:处两千元以下罚款，申请人在三年内不得再次申领机动车驾驶证",处五百元以下罚款，申请人在三年内不得再次申领机动车驾驶证,处五百元以下罚款,申请人在一年内不得再次申领机动车驾驶证,处两千元以下罚款，申请人在三年内不得再次申领机动车驾驶证,,,,,,以欺骗、贿赂等手段取得驾驶证是违法行为。会被收缴驾驶证，罚款二千元，三年内不得再次申领。《机动车驾驶证申领和使用规定》第九十三条：申请人以欺骗、贿赂等不正当手段取得机动车驾驶证的，公安机关交通管理部门收缴机动车驾驶证，撤销机动车驾驶许可，处二千元以下罚款；申请人在三年内不得再次申领机动车驾驶证。
27,27,已经达到报废标准的机动车经大修后可以上路行驶。,1,1,2,2,"A:正确, B:错误",,,,,,,,,,已达到报废标准的机动车，有安全隐患，不得上路行驶，应强制报废。《中华人民共和国道路交通安全法》第一百条：驾驶拼装的机动车或者已达到报废标准的机动车上道路行驶的，公安机关交通管理部门应当予以收缴，强制报废。
7707,7707,持有大型客车、重型牵引挂车、城市公交车、中型客车、大型货车驾驶证的驾驶人，记分周期内有记分的，应当在记分周期结束后三十日内到公安机关交通管理部门接受审验，同时还应当申报身体条件情况。,1,1,1,1,"A:正确, B:错误",,,,,,,,,,持有大型客车、重型牵引挂车、城市公交车、中型客车、大型货车驾驶证的驾驶人，记分周期内有记分的，应当在每个记分周期结束后三十日内到公安机关交通管理部门接受审验，提交身体条件证明，所以选择正确。《机动车驾驶证申领和使用规定》第七十二条：持有大型客车、重型牵引挂车、城市公交车、中型客车、大型货车驾驶证的驾驶人，应当在每个记分周期结束后三十日内到公安机关交通管理部门接受审验。但在一个记分周期内没有记分记录的，免予本记分周期审验。机动车驾驶人可以在机动车驾驶证核发地或者核发地以外的地方参加审验、提交身体条件证明。
28,28,下列哪种证件是驾驶机动车上路行驶应当随车携带？,2,1,3,3,"A:机动车登记证, B:机动车保险单, C:机动车行驶证, D:出厂合格证明",机动车登记证,机动车保险单,机动车行驶证,出厂合格证明,,,,,,驾驶机动车上路行驶，应当随车携带机动车行驶证、驾驶证。《中华人民共和国道路交通安全法》第十一条：驾驶机动车上道路行驶，应当悬挂机动车号牌，放置检验合格标志、保险标志，并随车携带机动车行驶证。
224028,224028,在学习驾驶证明的有效期内，可以预约6次科目三道路驾驶技能考试。,1,1,2,2,"A:正确, B:错误",正确,错误,,,,,,,,科目三可预约考试的次数分别不得超过5次，第五次考试仍不合格的，已考试合格的其他科目成绩作废《机动车驾驶证申领和使用规定》第四十七条：在学习驾驶证明有效期内，科目二和科目三道路驾驶技能考试预约考试的次数分别不得超过五次第五次考试仍不合格的，已考试合格的其他科目成绩作废
33564,33564,驾驶未悬挂机动车号牌的机动车上道路行驶的，一次记12分。,1,1,2,2,"A:正确, B:错误",,,,,,,,,,未悬挂号牌或者遮挡、污损号牌，记9分机动车号牌使用的是伪造、变造的，记12分；未按规定安装机动车号牌，记3分题中说的是未挂号牌，应记9分《道路交通安全违法行为记分管理办法》规定：驾驶未悬挂机动车号牌的机动车上路行驶，一次记9分所以本题选择错误
13597,13597,驾驶达到报废标准的机动车上道路行驶的，公安交通管理部门将会予以收缴。以下说法错误的是什么？,2,1,4,4,"A:驾驶报废车影响驾驶人行车安全, B:报废车机械老化、容易发生交通事故, C:车辆不符合安全技术标准，需要强制报废, D:不美观，影响城市形象",驾驶报废车影响驾驶人行车安全,报废车机械老化、容易发生交通事故,车辆不符合安全技术标准，需要强制报废,不美观，影响城市形象,,,,,,由于报废车机械老化，极其不符合安全技术标准，因此很容易发生交通事故并影响驾驶人行车安全，需要强制报废。与是否影响城市形象无关。本题选择错误的说法，所以选择“不美观，影响城市形象”。
33565,33565,驾驶机动车不按交通信号灯指示通行的，一次记3分。,1,1,2,2,"A:正确, B:错误",,,,,,,,,,不按交通信号灯指示通行，记6分。《道路交通安全违法行为记分管理办法》第十条：驾驶机动车不按交通信号灯指示通行的，一次记6分。
30,30,下列哪种标志是驾驶机动车上路行驶应当在车上放置的标志？,2,1,4,4,"A:产品合格标志, B:保持车距标志, C:提醒危险标志, D:检验合格标志",产品合格标志,保持车距标志,提醒危险标志,检验合格标志,,,,,,驾驶机动车上道路行驶，应当在车上放置检验合格标志，并携带机动车行驶证、驾驶证。《中华人民共和国道路交通安全法》第十一条：驾驶机动车上道路行驶，应当悬挂机动车号牌，放置检验合格标志、保险标志，并随车携带机动车行驶证。
224030,224030,持有C2驾驶证可以驾驶三轮汽车。,1,1,2,2,"A:正确, B:错误",正确,错误,,,,,,,,本题考点为准驾车型相关内容持有C2驾驶证可以驾驶自动挡汽车，不可以驾驶三轮汽车
27168,27168,驾驶人将机动车交给驾驶证被吊销的人驾驶的，交通警察可以依法吊销驾驶证。,1,1,1,1,"A:正确, B:错误",正确,错误,,,,,,,,驾驶证被吊销的人属于无证人员，将机动车交给无证人员驾驶的将被处以二百元以上二千元以下罚款，可以并处吊销驾驶证。《道路交通安全法》第九十九条：将机动车交由未取得机动车驾驶证或者机动车驾驶证被吊销、暂扣的人驾驶的，由公安机关交通管理部门处二百元以上二千元以下罚款，可以并处吊销机动车驾驶证。
33,33,驾驶机动车上路行驶应当按规定悬挂号牌。,1,1,1,1,"A:正确, B:错误",,,,,,,,,,驾驶机动车上路行驶应按规定悬挂号牌，所以选择正确《中华人民共和国道路交通安全法》第十一条：驾驶机动车上道路行驶，应当悬挂机动车号牌，放置检验合格标志、保险标志，并随车携带机动车行驶证
37,37,公安交通管理部门对驾驶人的交通违法行为除依法给予行政处罚外，实行下列哪种制度？,2,1,3,3,"A:违法登记制度, B:奖励里程制度, C:累积记分制度, D:强制报废制度",违法登记制度,奖励里程制度,累积记分制度,强制报废制度,,,,,,驾驶人的交通违法行为，在一个周期内累积记分，所以选择累积记分制度。《中华人民共和国道路交通安全法》第二十四条：公安机关交通管理部门对机动车驾驶人违反道路交通安全法律、法规的行为，除依法给予行政处罚外，实行累积记分制度。
7718,7718,有下列哪种行为，3年内不得再次申领机动车驾驶证？,2,1,3,3,"A:实习期记满12分，注销驾驶证的, B:申请人在考试过程中有舞弊行为的, C:申请人以欺骗、贿赂等不正当手段取得机动车驾驶证的, D:申请人未能在培训过程中认真练习的",实习期记满12分，注销驾驶证的,申请人在考试过程中有舞弊行为的,申请人以欺骗、贿赂等不正当手段取得机动车驾驶证的,申请人未能在培训过程中认真练习的,,,,,,申请人以欺骗、贿赂等不正当手段取得机动车驾驶证的，在三年内不得再次申领机动车驾驶证《机动车驾驶证申领和使用规定》第九十三条：申请人以欺骗、贿赂等不正当手段取得机动车驾驶证的，公安机关交通管理部门收缴机动车驾驶证，撤销机动车驾驶许可，处二千元以下罚款；申请人在三年内不得再次申领机动车驾驶证选项解释申请人在考试过程中有舞弊行为的，一年内不得再次申领机动车驾驶证
39,39,公安机关交通管理部门对累积记分达到规定分值的驾驶人怎样处理？,2,1,4,4,"A:依法追究刑事责任, B:处15日以下拘留, C:终生禁驾, D:进行法律法规教育，重新考试",依法追究刑事责任,处15日以下拘留,终生禁驾,进行法律法规教育，重新考试,,,,,,驾驶人累积记分达到规定分值后，要进行法律法规教育、重新考试，并且累积记分达到的分值不同，考试内容不同。《中华人民共和国道路交通安全法》第二十四条：公安机关交通管理部门对累积记分达到规定分值的机动车驾驶人，扣留机动车驾驶证，对其进行道路交通安全法律、法规教育，重新考试。
7719,7719,申请人患有精神病的，可以申领机动车驾驶证，但是在发病期间不得驾驶机动车。,1,1,2,2,"A:正确, B:错误",,,,,,,,,,患有精神病的不得申请机动车驾驶证，题中说可以申领，所以选择错误。《机动车驾驶证申领和使用规定》第十五条：有器质性心脏病、癫痫病、美尼尔氏症、眩晕症、癔病、震颤麻痹、精神病、痴呆以及影响肢体活动的神经系统疾病等妨碍安全驾驶疾病的，不得申请机动车驾驶证。
40,40,驾驶人出现下列哪种情况，不得驾驶机动车？,2,1,1,1,"A:驾驶证丢失、损毁, B:驾驶证接近有效期, C:记分达到10分, D:记分达到6分",驾驶证丢失、损毁,驾驶证接近有效期,记分达到10分,记分达到6分,,,,,,驾驶证丢失或损毁后，不可以驾驶机动车。驾驶证未超过有效期、记分未达到12分的情况，是可以驾驶机动车的。所以选择驾驶证丢失、损毁。《中华人民共和国道路交通安全法实施条例》第二十八条：机动车驾驶人在机动车驾驶证丢失、损毁、超过有效期或者被依法扣留、暂扣期间以及记分达到12分的，不得驾驶机动车。
322600,322600,申请人因故不能按照预约时间参加考试的，应当提前一日申请取消预约，对申请人未按照预约考试时间参加考试的，判定该次考试不合格。,1,1,1,1,"A:正确, B:错误",对,错,,,,,,,,申请人因故不能按照预约时间参加考试的，应当提前一日申请取消预约，所以选择正确《机动车驾驶证申领和使用规定》第四十六条：申请人因故不能按照预约时间参加考试的，应当提前一日申请取消预约对申请人未按照预约考试时间参加考试的，判定该次考试不合格
41,41,驾驶人在驾驶证丢失后3个月内还可以驾驶机动车。,1,1,2,2,"A:正确, B:错误",,,,,,,,,,驾驶证丢失后不得驾驶机动车，只要未申请补发的都属于无证驾驶，所以选择错误。《中华人民共和国道路交通安全法实施条例》第二十八条：机动车驾驶人在机动车驾驶证丢失、损毁、超过有效期或者被依法扣留、暂扣期间以及记分达到12分的，不得驾驶机动车。
7721,7721,机动车驾驶证有效期超过一年以上未换证的，驾驶证将被注销。,1,1,1,1,"A:正确, B:错误",,,,,,,,,,超过机动车驾驶证有效期一年以上未换证的，车辆管理所应当注销其机动车驾驶证，所以选择正确。《机动车驾驶证申领和使用规定》第七十九条：超过机动车驾驶证有效期一年以上未换证的，车辆管理所应当注销其机动车驾驶证。
42,42,驾驶人持超过有效期的驾驶证可以在1年内驾驶机动车。,1,1,2,2,"A:正确, B:错误",,,,,,,,,,驾驶证过期立即作废，不得驾驶机动车，所以选择错误。《中华人民共和国道路交通安全法实施条例》第二十八条：机动车驾驶人在机动车驾驶证丢失、损毁、超过有效期或者被依法扣留、暂扣期间以及记分达到12分的，不得驾驶机动车。
7722,7722,驾驶证审验内容不包括以下哪一项？,2,1,4,4,"A:道路交通安全违法行为、交通事故处理情况, B:身体条件情况, C:道路交通安全违法行为记分及记满12分后参加学习和考试情况, D:机动车检验情况",道路交通安全违法行为、交通事故处理情况,身体条件情况,道路交通安全违法行为记分及记满12分后参加学习和考试情况,机动车检验情况,,,,,,机动车驾驶证审验内容包括：道路交通安全违法行为、交通事故处理情况、身体条件情况、道路交通安全违法行为记分及记满12分后参加学习和考试情况。题中问不包括哪一项，所以选择机动车检验情况。《机动车驾驶证申领和使用规定》第七十三条：机动车驾驶证审验内容包括：（一）道路交通安全违法行为、交通事故处理情况；（二）身体条件情况；（三）道路交通安全违法行为记分及记满12分后参加学习和考试情况。
33578,33578,申请轻型牵引挂车准驾车型的，年龄不得超过多少岁？,2,1,4,4,"A:55周岁, B:63周岁, C:65周岁, D:70周岁",55周岁,63周岁,65周岁,70周岁,,,,,,申请轻型牵引挂车准驾车型的，年龄条件在20岁以上，70周岁以下，选70周岁自2025年1月1日起《机动车驾驶证申领和使用规定》，申请轻型牵引挂车准驾车型的，在20周岁以上，70周岁以下
180266,180266,驾驶已达到报废标准的机动车上路行驶的，公安交管部门应当予以收缴，强制报废。,1,1,1,1,"A:正确, B:错误",,,,,,,,,,驾驶报废机动车上路，公安部门依法收缴，是因为达到报废标准的机动车由于报废车机械老化，不符合安全技术标准，容易发生交通事故并非不美观，影响城市形象，强制报废的主要目的是为了保障道路交通安全
43,43,驾驶人的驾驶证损毁后不得驾驶机动车。,1,1,1,1,"A:正确, B:错误",,,,,,,,,,驾驶证损毁后不得驾驶机动车，只要未申请补发的都属于无证驾驶，所以选择错误。《中华人民共和国道路交通安全法实施条例》第二十八条：机动车驾驶人在机动车驾驶证丢失、损毁、超过有效期或者被依法扣留、暂扣期间以及记分达到12分的，不得驾驶机动车。
44,44,机动车驾驶人在一个记分周期内累积记分达到12分，拒不参加学习和考试的，将被公安机关交通管理部门公告其驾驶证停止使用。,1,1,1,1,"A:正确, B:错误",,,,,,,,,,驾驶人一个周期内累积积分达到12分，拒不参加学习和考试的，驾驶证将被停止使用，所以选择正确。《中华人民共和国道路交通安全法实施条例》第二十五条：机动车驾驶人记分达到12分，拒不参加公安机关交通管理部门通知的学习，也不接受考试的，由公安机关交通管理部门公告其机动车驾驶证停止使用。
33580,33580,驾驶不按规定安装机动车号牌的机动车上道路行驶的，一次记3分。,1,1,1,1,"A:正确, B:错误",,,,,,,,,,《道路交通安全违法行为记分管理办法》最新规定：驾驶不按规定安装机动车号牌的机动车上道路行驶的，一次记3分。
45,45,驾驶人的机动车驾驶证被依法扣留、暂扣的情况下不得驾驶机动车。,1,1,1,1,"A:正确, B:错误",,,,,,,,,,驾驶证被依法扣留、暂扣的情况下不得驾驶机动车，所以选择正确。《中华人民共和国道路交通安全法实施条例》第二十八条：机动车驾驶人在机动车驾驶证丢失、损毁、超过有效期或者被依法扣留、暂扣期间以及记分达到12分的，不得驾驶机动车。
7727,7727,提供虚假材料申请机动车驾驶证，申请人（）年内不得再次申领机动车驾驶证。,2,1,1,1,"A:1年, B:2年, C:3年, D:4年",1年,2年,3年,4年,,,,,,申请人隐瞒有关情况或者提供虚假材料申领机动车驾驶证的，一年内不得再次申领机动车驾驶证所以选择1年《机动车驾驶证申领和使用规定》第九十三条：申请人隐瞒有关情况或者提供虚假材料申领机动车驾驶证的，公安机关交通管理部门不予受理或者不予办理，处五百元以下罚款；申请人在一年内不得再次申领机动车驾驶证
33584,33584,驾驶机动车在高速路上行驶低于规定最低时速的，一次记3分。,1,1,1,1,"A:正确, B:错误",,,,,,,,,,《道路交通安全违法行为记分管理办法》第十一条：驾驶机动车在高速公路上行驶低于规定最低时速的，一次记3分。
306,306,驾驶人驾驶有达到报废标准嫌疑机动车上路的，交通警察依法予以拘留。,1,1,2,2,"A:正确, B:错误",,,,,,,,,,注意题中的嫌疑是干扰我们作答的内容核心是后面的交通警察能否予以拘留车扣留，人拘留，交通警察只能扣留车辆，不能对人进行拘留所以选择错误
33587,33587,参加公安机关交通管理部门组织的道路交通安全法律、法规和相关知识现场学习满一小时且考试合格的，一次扣减12分。,1,1,2,2,"A:正确, B:错误",,,,,,,,,,驾驶人参加现场学习时，满一小时且考试合格的，一次扣减2分。题中说扣减12分是错误的。《道路交通安全违法行为记分管理办法》规定：参加公安机关交通管理部门组织的道路交通安全法律、法规和相关知识现场学习，满一小时且考试合格的，一次扣减2分。题目中说扣减12分，所以选择错误。
33843,33843,机动车所有人申请转让登记前，应当将涉及该车的道路交通安全违法行为和交通事故处理完毕。,1,1,1,1,"A:正确, B:错误",,,,,,,,,,本题考点为机动车登记相关内容。机动车所有人申请转让之前必须要把该车所有的违法行为和事故处理完毕。《机动车登记规定》第二十五条：机动车所有人申请转让登记前，应当将涉及该车的道路交通安全违法行为和交通事故处理完毕。
33590,33590,机动车驾驶人可以一次性处理完毕同一辆机动车的多起交通违法行为记录，记分分值累积计算。,1,1,1,1,"A:正确, B:错误",,,,,,,,,,《道路交通安全违法行为记分管理办法》第十四条：机动车驾驶人可以一次性处理完毕同一辆机动车的多起交通违法行为记录，记分分值累积计算。
33591,33591,驾驶人有下列哪种违法行为一次记9分？,2,1,1,1,"A:驾驶7座以上载客汽车载人超过核定人数百分之五十以上未达到百分之百的, B:代替实际机动车驾驶人接受交通违法行为处罚和记分牟取经济利益的, C:驾驶校车超过核定人数20%以上的, D:驾驶中型以上载客汽车在高速公路上超速20%以上的",驾驶7座以上载客汽车载人超过核定人数百分之五十以上未达到百分之百的,代替实际机动车驾驶人接受交通违法行为处罚和记分牟取经济利益的,驾驶校车超过核定人数20%以上的,驾驶中型以上载客汽车在高速公路上超速20%以上的,,,,,,驾驶7座以上载客汽车载人超过核定人数百分之五十以上未达到百分之百的，一次记9分。代替实际机动车驾驶人接受交通违法行为处罚和记分牟取经济利益的记12分。驾驶校车超过核定人数20%以上的记12分。驾驶中型以上载客汽车在高速公路上超速20%以上的记12分。《道路交通安全违法行为记分管理办法》第九条：驾驶7座以上载客汽车载人超过核定人数百分之五十以上未达到百分之百的，一次记9分。
316,316,申请小型汽车准驾车型驾驶证的人年龄条件是多少？,2,1,3,3,"A:16周岁以上, B:24周岁以上, C:18周岁以上, D:21周岁以上",16周岁以上,24周岁以上,18周岁以上,21周岁以上,,,,,,申请小型汽车准驾车型驾驶证的人年龄在18周岁以上，无年龄上限，所以选择18周岁以上。《机动车驾驶证申领和使用规定》第十四条：申请小型汽车、小型自动挡汽车、残疾人专用小型自动挡载客汽车、轻便摩托车准驾车型的，在18周岁以上。
33596,33596,年龄在70周岁以上的机动车驾驶人发生责任交通事故造成人员重伤或者死亡的，应当在本记分周期结束后三十日内到公安机关交通管理部门接受审验。,1,1,1,1,"A:正确, B:错误",,,,,,,,,,《机动车驾驶证申领和使用规定》第七十二条：年龄在70周岁以上的机动车驾驶人发生责任交通事故造成人员重伤或者死亡的，应当在本记分周期结束后三十日内到公安机关交通管理部门接受审验。
317,317,3年内有下列哪种行为的人不得申请机动车驾驶证？,2,1,1,1,"A:吸食毒品、注射毒品, B:酒醉经历, C:注射胰岛素, D:吸烟成瘾",吸食毒品、注射毒品,酒醉经历,注射胰岛素,吸烟成瘾,,,,,,三年内有吸食、注射毒品行为的，不得申请机动车驾驶证，所以选择吸食毒品、注射毒品。《机动车驾驶证申领和使用规定》第十五条：三年内有吸食、注射毒品行为或者解除强制隔离戒毒措施未满三年，以及长期服用依赖性精神药品成瘾尚未戒除的，不得申请机动车驾驶证。
318,318,申请小型汽车驾驶证的，年龄应在18周岁以上70周岁以下。,1,1,2,2,"A:正确, B:错误",,,,,,,,,,申请小型汽车准驾车型驾驶证的人年龄在18周岁以上，无年龄上限，所以选择错误。《机动车驾驶证申领和使用规定》第十四条：申请小型汽车、小型自动挡汽车、残疾人专用小型自动挡载客汽车、轻便摩托车准驾车型的，在18周岁以上。
33854,33854,机动车驾驶人一次有两个以上违法行为记分的，应当分别计算累加分值。,1,1,1,1,"A:正确, B:错误",,,,,,,,,,机动车驾驶人一次有多个违法行为的，应当分别计算，累积记分分值。《道路交通安全违法行为记分管理办法》：机动车驾驶人有二起以上交通违法行为的应当予以分别记分，记分分值要累加计算。
320,320,造成交通事故后逃逸构成犯罪的人不能申请机动车驾驶证。,1,1,1,1,"A:正确, B:错误",,,,,,,,,,造成交通事故后逃逸构成犯罪的人不能申请机动车驾驶证，所以选择正确。《机动车驾驶证申领和使用规定》第十五条：造成交通事故后逃逸构成犯罪的，不得申请机动车驾驶证。
7744,7744,机动车驾驶证被依法扣押、扣留、暂扣期间能否申请补发？,2,1,4,4,"A:可以申请, B:扣留期间可以临时申请, C:暂扣期间可以临时申请, D:不得申请补发",可以申请,扣留期间可以临时申请,暂扣期间可以临时申请,不得申请补发,,,,,,机动车驾驶证被依法扣押、扣留或者暂扣期间，机动车驾驶人不得申请补发。《机动车驾驶证申领和使用规定》第六十九条：机动车驾驶证被依法扣押、扣留或者暂扣期间，机动车驾驶人不得申请补发。
33856,33856,下列交通违法行为，一次记1分的是什么？,2,1,1,1,"A:驾驶机动车在道路上行驶时，机动车驾驶人未按规定系安全带的, B:驾驶与准驾车型不符的机动车的, C:驾驶载货汽车载物超过最大允许总质量的百分之五十以上的, D:驾驶机动车不按交通信号灯指示通行的",驾驶机动车在道路上行驶时，机动车驾驶人未按规定系安全带的,驾驶与准驾车型不符的机动车的,驾驶载货汽车载物超过最大允许总质量的百分之五十以上的,驾驶机动车不按交通信号灯指示通行的,,,,,,驾驶机动车在道路上行驶时，机动车驾驶人未按规定系安全带的记1分。驾驶与准驾车型不符的机动车的记9分，驾驶载货汽车载物超过最大允许总质量的百分之五十以上的记6分，驾驶机动车不按交通信号灯指示通行的记6分。《道路交通安全违法行为记分管理办法》第十二条：驾驶机动车在道路上行驶时，机动车驾驶人未按规定系安全带的，一次记1分。
321,321,驾驶人在驾驶证有效期满前多长时间申请换证？,2,1,3,3,"A:30日内, B:60日内, C:90日内, D:6个月内",30日内,60日内,90日内,6个月内,,,,,,机动车驾驶人应当于机动车驾驶证有效期满前九十日内，向机动车驾驶证核发地或者核发地以外的车辆管理所申请换证，所以选择90日内。《机动车驾驶证申领和使用规定》第六十三条：机动车驾驶人应当于机动车驾驶证有效期满前九十日内，向机动车驾驶证核发地或者核发地以外的车辆管理所申请换证。
7745,7745,驾驶证丢失后，驾驶人可以继续驾驶机动车。,1,1,2,2,"A:正确, B:错误",,,,,,,,,,机动车驾驶人在机动车驾驶证丢失、损毁、超过有效期或者被依法扣留、暂扣期间以及记分达到12分的，不得驾驶机动车，所以选择错误。《中华人民共和国道路交通安全法实施条例》第二十八条：机动车驾驶人在机动车驾驶证丢失、损毁、超过有效期或者被依法扣留、暂扣期间以及记分达到12分的，不得驾驶机动车。
322,322,驾驶人户籍迁出原车辆管理所需要向什么地方的车辆管理所提出申请？,2,1,4,4,"A:迁出地, B:居住地, C:所在地, D:迁入地",迁出地,居住地,所在地,迁入地,,,,,,驾驶人户籍迁出原车辆管理所，需要向迁入地的车辆管理所提出申请，所以选择迁入地。《机动车驾驶证申领和使用规定》第六十四条：机动车驾驶人户籍迁出原车辆管理所管辖区的，应当向迁入地车辆管理所申请换证。
7746,7746,已注册登记的机动车，改变机动车车身颜色的应到公安交通管理部门申请变更登记。,1,1,1,1,"A:正确, B:错误",,,,,,,,,,改变车身颜色应当向登记该机动车的公安机关交通管理部门申请变更登记，所以选择正确。《道路交通安全法实施条例》第六条：已注册登记的机动车有改变机动车车身颜色的，机动车所有人应当向登记该机动车的公安机关交通管理部门申请变更登记。
26434,26434,驾驶机动车不按规定超车、让行，或者在高速公路、城市快速路以外的道路上逆行的，一次记3分。,1,1,1,1,"A:正确, B:错误",正确,错误,,,,,,,,驾驶机动车不按规定超车、让行，或者在高速公路、城市快速路以外的道路上逆行的，一次记3分，所以选择正确。《道路交通安全违法行为记分管理办法》第十一条：驾驶机动车不按规定超车、让行，或者在高速公路、城市快速路以外的道路上逆行的，一次记3分。
33858,33858,年满20周岁的，不可以初次申请下列哪种准驾车型？,2,1,2,2,"A:小型汽车, B:大型客车, C:城市公交车, D:大型货车",小型汽车,大型客车,城市公交车,大型货车,,,,,,小型汽车、城市公交车、大型货车，年满20周岁可以申请大型客车需年满22岁且初次申领只能申领大型货车、小型汽车、城市公交车；大型客车只能通过增驾获得
323,323,驾驶证记载的驾驶人信息发生变化的要在多长时间内申请换证？,2,1,4,4,"A:60日, B:50日, C:40日, D:30日",60日,50日,40日,30日,,,,,,机动车驾驶证记载的机动车驾驶人信息发生变化的，机动车驾驶人应当在三十日内到机动车驾驶证核发地或者核发地以外的车辆管理所申请换证，所以选择30日。《机动车驾驶证申领和使用规定》第六十六条：在车辆管理所管辖区域内，机动车驾驶证记载的机动车驾驶人信息发生变化的，机动车驾驶人应当在三十日内到机动车驾驶证核发地或者核发地以外的车辆管理所申请换证。
33859,33859,违反交通信号灯通行的一次记12分。,1,1,2,2,"A:正确, B:错误",正确,错误,,,,,,,,不按交通信号灯指示通行易发生交通事故，一次记6分。《道路交通安全违法行为记分管理办法》第十条：驾驶机动车不按交通信号灯指示通行的，一次记6分。
7748,7748,申请人在考试过程中有贿赂、舞弊行为的，在（）年内不得再次申领驾驶证。,2,1,1,1,"A:1, B:2, C:3, D:4",1,2,3,4,,,,,,申请人在考试过程中有贿赂、舞弊行为的，在一年内不得再次申领机动车驾驶证所以选择1年《机动车驾驶证申领和使用规定》第九十三条：申请人在考试过程中有贿赂、舞弊行为的，取消考试资格，已经通过考试的其他科目成绩无效，公安机关交通管理部门处二千元以下罚款；申请人在一年内不得再次申领机动车驾驶证
33860,33860,驾驶校车、公路客运汽车、旅游客运汽车、7座以上载客汽车以外的其他载客汽车载人超过核定人数百分之六十的，一次记6分。,1,1,1,1,"A:正确, B:错误",,,,,,,,,,题中说的是校车、公路客运汽车、旅游客运汽车、7座以上载客汽车以外的其他载客汽车，其他载客汽车人超过核定人数百分之六十的会记6分。《道路交通安全违法行为记分管理办法》规定：驾驶校车、公路客运汽车、旅游客运汽车、7座以上载客汽车以外的其他载客汽车载人超过核定人数百分之五十以上未达到百分之百的（本题描述的是60%），一次记6分。
325,325,道路交通违法行为累积记分周期是多长时间？,2,1,2,2,"A:14个月, B:12个月, C:10个月, D:6个月",14个月,12个月,10个月,6个月,,,,,,对驾驶人的道路交通安全违法行为，实行道路交通安全违法行为累积记分制度，记分周期为12个月，满分为12分，所以选择12个月。《机动车驾驶证申领和使用规定》第七十一条：公安机关交通管理部门对机动车驾驶人的道路交通安全违法行为，除依法给予行政处罚外，实行道路交通安全违法行为累积记分制度，记分周期为12个月，满分为12分。
326,326,道路交通安全违法行为累积记分一个周期满分为12分。,1,1,1,1,"A:正确, B:错误",,,,,,,,,,对驾驶人的道路交通安全违法行为，实行道路交通安全违法行为累积记分制度，记分周期为12个月，满分为12分，所以选择正确。《机动车驾驶证申领和使用规定》第七十一条：公安机关交通管理部门对机动车驾驶人的道路交通安全违法行为，除依法给予行政处罚外，实行道路交通安全违法行为累积记分制度，记分周期为12个月，满分为12分。
327,327,机动车驾驶人在一个记分周期内累积记分未满12分的，但有罚款逾期未缴纳的，该记分周期内尚未缴纳罚款的交通违法行为记分分值转入下一记分周期。,1,1,1,1,"A:正确, B:错误",,,,,,,,,,累积记分虽未满12分，但有罚款逾期未缴纳的，该记分周期内尚未缴纳罚款的交通违法行为记分分值转入下一记分周期，所以选择正确。《道路交通安全违法行为记分管理办法》第十五条：机动车驾驶人在一个记分周期期限届满，累积记分未满12分的，该记分周期内的记分予以清除；累积记分虽未满12分，但有罚款逾期未缴纳的，该记分周期内尚未缴纳罚款的交通违法行为记分分值转入下一记分周期。
328,328,持C1驾驶证的驾驶人在以下哪种情况下需要接受审验？,2,1,1,1,"A:有效期满换发驾驶证时, B:一个记分周期末, C:记分周期未满分, D:记分周期满12分",有效期满换发驾驶证时,一个记分周期末,记分周期未满分,记分周期满12分,,,,,,驾驶证有效期满换发驾驶证时，需要接受审验，所以选择有效期满换发驾驶证时《机动车驾驶证申领和使用规定》第七十二条：机动车驾驶人按照本规定第六十三条、第六十四条换领机动车驾驶证时，应当接受公安机关交通管理部门的审验
329,329,驾驶人因服兵役、出国（境）等原因无法办理审验时，延期审验期限最长不超过多长时间？,2,1,3,3,"A:1年, B:2年, C:3年, D:5年",1年,2年,3年,5年,,,,,,驾驶人因服兵役、出国（境）等原因无法办理审验时，延长期限最长不超过三年，所以选择3年。《机动车驾驶证申领和使用规定》第七十五条：机动车驾驶人因服兵役、出国（境）等原因，无法在规定时间内办理驾驶证期满换证、审验、提交身体条件证明的，可以在驾驶证有效期内或者有效期届满一年内向机动车驾驶证核发地车辆管理所申请延期办理。申请时应当确认申请信息，并提交机动车驾驶人的身份证明。延期期限最长不超过三年。
330,330,小型汽车驾驶人发生交通事故造成人员死亡，承担同等以上责任未被吊销驾驶证的，应当在记分周期结束后90日内接受审验。,1,1,2,2,"A:正确, B:错误",,,,,,,,,,持有小型汽车驾驶证的驾驶人，发生交通事故造成人员死亡承担同等以上责任未被吊销机动车驾驶证的，应当在本记分周期结束后三十日内到公安机关交通管理部门接受审验，而不是九十日内，所以选择错误。《机动车驾驶证申领和使用规定》第七十二条：持有小型汽车驾驶证的驾驶人，发生交通事故造成人员死亡承担同等以上责任未被吊销机动车驾驶证的，应当在本记分周期结束后三十日内到公安机关交通管理部门接受审验。
331,331,驾驶人因服兵役、出国（境）等原因延期审验期间不得驾驶机动车。,1,1,1,1,"A:正确, B:错误",,,,,,,,,,驾驶人因服兵役、出国（境）等原因无法办理审验时，可以申请延期办理，延期期间机动车驾驶人不得驾驶机动车，所以选择正确。《机动车驾驶证申领和使用规定》第七十五条：机动车驾驶人因服兵役、出国（境）等原因，无法在规定时间内办理驾驶证期满换证、审验、提交身体条件证明的，可以在驾驶证有效期内或者有效期届满一年内向机动车驾驶证核发地车辆管理所申请延期办理。延期期间机动车驾驶人不得驾驶机动车。
7755,7755,实习期驾驶人驾车上高速公路行驶，以下说法正确的是（）。,2,1,3,3,"A:可以独自驾车上高速行驶, B:任何情况下都不能上高速行驶, C:由持有相应或者更高准驾车型驾驶证3年以上的驾驶人陪同, D:由同在实习期内的驾驶人陪同",可以独自驾车上高速行驶,任何情况下都不能上高速行驶,由持有相应或者更高准驾车型驾驶证3年以上的驾驶人陪同,由同在实习期内的驾驶人陪同,,,,,,驾驶人在实习期内可以驾驶机动车上高速公路行驶，但应当由持相应或者包含其准驾车型驾驶证三年以上的驾驶人陪同，不可以单独上高速《机动车驾驶证申领和使用规定》第七十七条：驾驶人在实习期内驾驶机动车上高速公路行驶，应当由持相应或者包含其准驾车型驾驶证三年以上的驾驶人陪同
332,332,年龄在70周岁以上的驾驶人，根据规定应当（）进行一次身体检查并提交身体条件证明。,2,1,2,2,"A:每三年, B:每年, C:每两年, D:每半年",每三年,每年,每两年,每半年,,,,,,年龄在70周岁以上的机动车驾驶人，应当每年进行一次身体检查，所以选择每1年《机动车驾驶证申领和使用规定》第七十四条：年龄在70周岁以上的机动车驾驶人，应当每年进行一次身体检查
7756,7756,年龄在70周岁以上的机动车驾驶人，应当每年进行一次身体检查的目的是什么？,2,1,4,4,"A:体现对老年人的关心, B:例行程序仅供参考, C:检查是否患有老年常见病, D:检查是否患有妨碍安全驾驶的疾病",体现对老年人的关心,例行程序仅供参考,检查是否患有老年常见病,检查是否患有妨碍安全驾驶的疾病,,,,,,本题考点为身体条件证明相关出于安全驾驶的考虑，年龄在70周岁以上的机动车驾驶人，应当每年进行一次身体检查的目的是检查是否患有妨碍安全驾驶的疾病
33868,33868,申请大中型客货车驾驶证年龄不得超过多少周岁？,2,1,3,3,"A:50周岁, B:55周岁, C:63周岁, D:65周岁",50周岁,55周岁,63周岁,65周岁,,,,,,申请大型客车、中型货车驾驶证年龄为63周岁以下题中问申领不得超过，所以选择63周岁自2025年1月1日起《机动车驾驶证申领和使用规定》，申请大型客车、中型货车驾驶证在63周岁以下
333,333,大型客车、重型牵引挂车、城市公交车、中型客车、大型货车驾驶人应当每两年提交一次身体条件证明。,1,1,2,2,"A:正确, B:错误",,,,,,,,,,《机动车驾驶证申领和使用规定》第七十二条：持有大型客车、重型牵引挂车、城市公交车、中型客车、大型货车驾驶证的驾驶人，应当在每个记分周期结束后三十日内到公安机关交通管理部门接受审验但在一个记分周期内没有记分记录的，免予本记分周期审验在记分周期内有记分的每年接受审验，没有记分的不需要检验，题中说每两年提交一次是不正确的说法
7757,7757,年龄在50周岁以上的机动车驾驶人，应当每年进行一次身体检查，并向公安机关交通管理部门申报身体条件情况。,1,1,2,2,"A:正确, B:错误",,,,,,,,,,年龄在70周岁以上的机动车驾驶人，应当每年进行一次身体检查，而不是50周岁，所以选择错误。《机动车驾驶证申领和使用规定》第七十四条：年龄在70周岁以上的机动车驾驶人，应当每年进行一次身体检查，在记分周期结束后三十日内，提交医疗机构出具的有关身体条件的证明。
334,334,驾驶人初次取得汽车类准驾车型后的实习期是（）个月。,2,1,2,2,"A:16个月, B:12个月, C:6个月, D:18个月",16个月,12个月,6个月,18个月,,,,,,机动车驾驶人初次取得汽车类准驾车型或者初次取得摩托车类准驾车型后的12个月为实习期，所以选择12个月《机动车驾驶证申领和使用规定》第七十六条：机动车驾驶人初次取得汽车类准驾车型或者初次取得摩托车类准驾车型后的12个月为实习期
33615,33615,申请人隐瞒有关情况或者提供虚假材料申请校车驾驶资格的，申请人在一年内不得再次申请校车驾驶资格。,1,1,1,1,"A:正确, B:错误",正确,错误,,,,,,,,《机动车驾驶证申领和使用规定》第九十三条：申请人隐瞒有关情况或者提供虚假材料申请校车驾驶资格的，公安机关交通管理部门不予受理或者不予办理，处五百元以下罚款；申请人在一年内不得再次申请校车驾驶资格。
336,336,驾驶人在实习期内驾驶机动车时，应当在车身后部粘贴或者悬挂统一式样的实习标志。,1,1,1,1,"A:正确, B:错误",,,,,,,,,,在实习期内驾驶机动车的，应当在车身后部粘贴或者悬挂统一式样的实习标志，所以选择正确。《机动车驾驶证申领和使用规定》第七十六条：在实习期内驾驶机动车的，应当在车身后部粘贴或者悬挂统一式样的实习标志。
7760,7760,机动车参加安全技术检验的主要目的是检查车辆各项性能系数，及时消除车辆安全隐患，减少事故发生。,1,1,1,1,"A:正确, B:错误",,,,,,,,,,机动车参加安全技术检验的主要是检查车辆各项性能系数，及时消除车辆安全隐患，减少事故发生，所以选择正确。《中华人民共和国道路交通安全法》第十三条：对登记后上道路行驶的机动车，应当依照法律、行政法规的规定，根据车辆用途、载客载货数量、使用年限等不同情况，定期进行安全技术检验。对提供机动车行驶证和机动车第三者责任强制保险单的，机动车安全技术检验机构应当予以检验，任何单位不得附加其他条件。对符合机动车国家安全技术标准的，公安机关交通管理部门应当发给检验合格标志。
337,337,机动车驾驶人在实习期内有记满12分记录的，注销其实习的准驾车型驾驶资格。,1,1,1,1,"A:正确, B:错误",,,,,,,,,,机动车驾驶人在实习期内发生的道路交通安全违法行为被记满12分的，注销其实习的准驾车型驾驶资格，所以选择正确。《机动车驾驶证申领和使用规定》第八十条：机动车驾驶人在实习期内发生的道路交通安全违法行为被记满12分的，注销其实习的准驾车型驾驶资格。
338,338,提供虚假材料申领驾驶证的申请人会承担下列哪种法律责任？,2,1,3,3,"A:处20元以上200元以下罚款, B:取消申领驾驶证资格, C:1年内不得再次申领驾驶证, D:2年内不能再次申领驾驶证",处20元以上200元以下罚款,取消申领驾驶证资格,1年内不得再次申领驾驶证,2年内不能再次申领驾驶证,,,,,,申请人隐瞒有关情况或者提供虚假材料申领机动车驾驶证的，申请人在一年内不得再次申领机动车驾驶证；处五百元以下罚款，而不是20元以上200元以下罚款所以正确选项为1年内不得再次申领驾驶证《机动车驾驶证申领和使用规定》第九十三条：申请人隐瞒有关情况或者提供虚假材料申领机动车驾驶证的，公安机关交通管理部门不予受理或者不予办理，处五百元以下罚款；申请人在一年内不得再次申领机动车驾驶证
340,340,驾驶人有下列哪种违法行为一次记12分？,2,1,2,2,"A:违反交通信号灯, B:使用伪造机动车号牌, C:违反禁令标志指示, D:拨打、接听手机的",违反交通信号灯,使用伪造机动车号牌,违反禁令标志指示,拨打、接听手机的,,,,,,使用伪造机动车号牌一次记12分；违反交通信号灯一次记6分；违反禁令标志一次记1分；拨打、接听手机的一次记3分。题中问记12分的行为，所以选择使用伪造机动车号牌。《道路交通安全违法行为记分管理办法》第八条：使用伪造、变造的机动车号牌、行驶证、驾驶证、校车标牌或者使用其他机动车号牌、行驶证的，一次记12分。
341,341,驾驶与准驾车型不符的机动车一次记几分？,2,1,1,1,"A:9分, B:6分, C:3分, D:2分",9分,6分,3分,2分,,,,,,驾驶与准驾车型不符的机动车，一次记9分，所以选择9分。《道路交通安全违法行为记分管理办法》第九条：驾驶与准驾车型不符的机动车的，一次记9分。
342,342,饮酒后驾驶机动车一次记几分？,2,1,4,4,"A:2分, B:3分, C:6分, D:12分",2分,3分,6分,12分,,,,,,饮酒后驾驶机动车，一次记12分，只要饮酒就是扣12分，所以选择12分。《道路交通安全违法行为记分管理办法》第八条：饮酒后驾驶机动车的，一次记12分。
7766,7766,已注册登记的机动车，机动车所有人住所在车辆管理所管辖区域内迁移或者机动车所有人姓名（单位名称）、联系方式变更的，应当向登记地车辆管理所备案。,1,1,1,1,"A:正确, B:错误",,,,,,,,,,机动车所有人住所在车辆管理所管辖区域内迁移、机动车所有人姓名（单位名称）变更的，机动车所有人应当在信息或者事项变更后三十日内，向登记地车辆管理所申请变更备案，所以选择正确。《机动车登记规定》第二十三条：已注册登记的机动车有下列情形之一的，机动车所有人应当在信息或者事项变更后三十日内，向登记地车辆管理所申请变更备案：机动车所有人住所在车辆管理所管辖区域内迁移、机动车所有人姓名（单位名称）变更的。
343,343,造成致人轻伤以上或者死亡的交通事故后逃逸，尚不构成犯罪的一次记几分？,2,1,1,1,"A:12分, B:6分, C:3分, D:2分",12分,6分,3分,2分,,,,,,造成致人轻伤以上或者死亡的交通事故后逃逸，尚不构成犯罪的，一次记12分，所以选择12分。《道路交通安全违法行为记分管理办法》第八条：造成致人轻伤以上或者死亡的交通事故后逃逸，尚不构成犯罪的，一次记12分。
33625,33625,取得小型汽车、小型自动挡汽车驾驶证1年以上，可以申请增加轻型牵引挂车准驾车型。,1,1,1,1,"A:正确, B:错误",正确,错误,,,,,,,,C1/C2增加轻型牵引挂车，需取得1年以上的驾驶资格。《机动车驾驶证申领和使用规定》第十七条：申请增加轻型牵引挂车准驾车型的，应取得驾驶小型汽车、小型自动挡汽车准驾车型资格一年以上。
346,346,使用伪造、变造的机动车号牌的，一次记几分？,2,1,4,4,"A:2分, B:3分, C:6分, D:12分",2分,3分,6分,12分,,,,,,使用伪造、变造的机动车号牌的，一次记12分，所以选择12分。《道路交通安全违法行为记分管理办法》第八条：使用伪造、变造的机动车号牌、行驶证、驾驶证、校车标牌或者使用其他机动车号牌、行驶证的，一次记12分。
347,347,使用伪造、变造的行驶证一次记几分？,2,1,1,1,"A:12分, B:6分, C:3分, D:2分",12分,6分,3分,2分,,,,,,使用伪造、变造的行驶证的，一次记12分，所以选择12分。《道路交通安全违法行为记分管理办法》第八条：使用伪造、变造的机动车号牌、行驶证、驾驶证、校车标牌或者使用其他机动车号牌、行驶证的，一次记12分。
348,348,驾驶人有下列哪种违法行为一次记6分？,2,1,4,4,"A:饮酒后驾驶机动车, B:使用其他车辆行驶证, C:高速公路车速超过规定时速50%以上, D:违法占用应急车道行驶",饮酒后驾驶机动车,使用其他车辆行驶证,高速公路车速超过规定时速50%以上,违法占用应急车道行驶,,,,,,违法占用应急车道行驶，一次记6分；饮酒后驾驶机动车，一次记12分；使用其他车辆行驶证，一次记12分；高速公路车速超过规定时速50%以上，一次记12分。所以选择违法占用应急车道行驶。《道路交通安全违法行为记分管理办法》第十条：驾驶机动车在高速公路或者城市快速路上违法占用应急车道行驶的，一次记6分。
33629,33629,申请轻型牵引挂车准驾车型的，年龄应满多少周岁？,2,1,4,4,"A:22周岁, B:18周岁, C:19周岁, D:20周岁",22周岁,18周岁,19周岁,20周岁,,,,,,申请轻型牵引挂车准驾车型的，年龄条件在20周岁以上自2025年1月1日起《机动车驾驶证申领和使用规定》，申请轻型牵引挂车准驾车型的，在20周岁以上，70周岁以下
33885,33885,以欺骗、贿赂等不正当手段取得机动车登记的，申请人多久不得申请机动车登记？,2,1,1,1,"A:三年内, B:终身, C:五年内, D:一年内",三年内,终身,五年内,一年内,,,,,,以欺骗、贿赂等手段取得机动车登记，是违法行为，会被收缴登记证书，三年内不得再次申请机动车登记。《道路交通安全法实施条例》第一百零三条：以欺骗、贿赂等不正当手段取得机动车登记或者驾驶许可的，收缴机动车登记证书、号牌、行驶证或者机动车驾驶证，撤销机动车登记或者机动车驾驶许可；申请人在3年内不得申请机动车登记或者机动车驾驶许可。
350,350,有下列哪种违法行为的机动车驾驶人将被一次记6分？,2,1,3,3,"A:驾驶与准驾车型不符的机动车, B:饮酒后驾驶机动车, C:驾驶机动车违反道路交通信号灯, D:未取得校车驾驶资格驾驶校车",驾驶与准驾车型不符的机动车,饮酒后驾驶机动车,驾驶机动车违反道路交通信号灯,未取得校车驾驶资格驾驶校车,,,,,,驾驶机动车违反道路交通信号灯，一次记6分；驾驶与准驾车型不符的机动车，一次记9分；饮酒后驾驶机动车，一次记12分；未取得校车驾驶资格驾驶校车，一次记9分。《道路交通安全违法行为记分管理办法》第十条：驾驶机动车不按交通信号灯指示通行的，一次记6分。
33631,33631,机动车驾驶证在实习期内，驾驶人可以通过接受交通安全教育扣减交通违法行为记分。,1,1,2,2,"A:正确, B:错误",正确,错误,,,,,,,,实习期期间的记分，不可以通过学法减分扣减。《道路交通安全违法行为记分管理办法》第二十六条：机动车驾驶人申请接受交通安全教育扣减交通违法行为记分的，机动车驾驶证在实习期内，或者机动车驾驶证逾期未审验，或者机动车驾驶证被扣留、暂扣期间的不予受理。
228192,228192,驾车追逐竞驶，构成犯罪依法被吊销驾驶证未满5年的，不得申请机动车驾驶证。,1,1,1,1,"A:正确, B:错误",正确,错误,,,,,,,,《机动车驾驶证申领和使用规定》：驾驶机动车追逐竞驶、超员、超速、违反危险化学品安全管理规定运输危险化学品构成犯罪依法被吊销机动车驾驶证未满五年的，不得申请机动车驾驶证
353,353,饮酒后驾驶机动车的，一次记12分。,1,1,1,1,"A:正确, B:错误",,,,,,,,,,饮酒后驾驶机动车的，一次记12分，所以选择正确。《道路交通安全违法行为记分管理办法》第八条：饮酒后驾驶机动车的，一次记12分。
33377,33377,初次申领机动车驾驶证的，可以申请准驾车型为轻型牵引挂车的机动车驾驶证。,1,1,2,2,"A:正确, B:错误",正确,错误,,,,,,,,申请轻型牵引挂车的驾驶人需持有C1/C2驾驶证一年以上，只能增驾，不得初次直接申领。《机动车驾驶证申领和使用规定》第十六条：初次申领机动车驾驶证的，可以申请准驾车型为城市公交车、大型货车、小型汽车、小型自动挡汽车、低速载货汽车、三轮汽车、残疾人专用小型自动挡载客汽车、普通三轮摩托车、普通二轮摩托车、轻便摩托车、轮式专用机械车、无轨电车、有轨电车的机动车驾驶证。
354,354,使用伪造、变造的驾驶证一次记12分。,1,1,1,1,"A:正确, B:错误",,,,,,,,,,使用伪造、变造的驾驶证，一次记12分，所以选择正确。《道路交通安全违法行为记分管理办法》第八条：使用伪造、变造的机动车号牌、行驶证、驾驶证、校车标牌或者使用其他机动车号牌、行驶证的，一次记12分。
221538,221538,驾驶证有效期满需换领驾驶证时，应到医疗机构进行体检。,1,1,1,1,"A:正确, B:错误",正确,错误,,,,,,,,《机动车驾驶证申领和使用规定》第八十五条：办理残疾人专用小型自动挡载客汽车驾驶证业务时，提交的身体条件证明应当由经省级卫生健康行政部门认定的专门医疗机构出具办理其他机动车驾驶证业务时，提交的身体条件证明应当由县级、部队团级以上医疗机构，或者经地市级以上卫生健康行政部门认定的具有健康体检资质的二级以上医院、乡镇卫生院、社区卫生服务中心、健康体检中心等医疗机构出具
356,356,驾驶机动车在高速公路上倒车、逆行、穿越中央分隔带掉头的一次记6分。,1,1,2,2,"A:正确, B:错误",,,,,,,,,,驾驶机动车在高速公路上倒车、逆行、穿越中央分隔带掉头的，一次记12分。题中说记6分，所以选择错误。《道路交通安全违法行为记分管理办法》第八条：驾驶机动车在高速公路、城市快速路上倒车、逆行、穿越中央分隔带掉头的，一次记12分。
33636,33636,下列交通违法行为，一次记12分的是什么？,2,1,3,3,"A:驾车运载超限的不可解体的物品，未按指定时间、路线行驶的, B:驾驶小型客车在高速公路上行驶超过规定时速30%的, C:驾车在高速公路上倒车的, D:驾车不按交通信号灯指示通行的",驾车运载超限的不可解体的物品，未按指定时间、路线行驶的,驾驶小型客车在高速公路上行驶超过规定时速30%的,驾车在高速公路上倒车的,驾车不按交通信号灯指示通行的,,,,,,驾驶机动车在高速公路上倒车的，一次记12分驾车运载超限的不可解体的物品，未按指定时间、路线行驶的，一次记6分驾驶小型客车在高速公路上行驶超过规定时速30%的，一次记6分驾车不按交通信号灯指示通行的，一次记6分《道路交通安全违法行为记分管理办法》第八条：驾驶机动车在高速公路、城市快速路上倒车、逆行、穿越中央分隔带掉头的，一次记12分
221285,221285,年龄在70周岁以上的驾驶人，可以驾驶小型自动挡汽车。,1,1,1,1,"A:正确, B:错误",正确,错误,,,,,,,,《机动车驾驶证申领和使用规定》第十四条：年龄在70周岁以上能够通过记忆力、判断力、反应力等能力测试的，可以申请小型汽车、小型自动挡汽车、残疾人专用小型自动挡载客汽车、轻便摩托车准驾车型的机动车驾驶证。
221541,221541,下列交通违法行为，一次记12分的是（）。,2,1,2,2,"A:在高速公路上违法停车的, B:在高速公路上逆行的, C:在城市快速路上违法占用应急车道行驶的, D:行经人行横道不按规定减速、停车、避让行人的",在高速公路上违法停车的,在高速公路上逆行的,在城市快速路上违法占用应急车道行驶的,行经人行横道不按规定减速、停车、避让行人的,,,,,,驾驶机动车在高速公路上违法停车的一次记9分；在城市快速路上违法占用应急车道行驶的一次记6分；行经人行横道不按规定减速、停车、避让行人的一次记3分；《道路交通安全违法行为记分管理办法》规定：在高速公路逆行的，一次记12分
7782,7782,以下哪种情况可以申请补领驾驶证。,2,1,3,3,"A:驾驶证被扣押, B:驾驶证被扣留, C:驾驶证遗失, D:驾驶证被暂扣",驾驶证被扣押,驾驶证被扣留,驾驶证遗失,驾驶证被暂扣,,,,,,机动车驾驶证遗失的，机动车驾驶人应当向机动车驾驶证核发地或者核发地以外的车辆管理所申请补发，所以选择驾驶证遗失驾驶证被暂扣、扣留期间，不得申请补发《机动车驾驶证申领和使用规定》第六十九条：机动车驾驶证遗失的，机动车驾驶人应当向机动车驾驶证核发地或者核发地以外的车辆管理所申请补发
7783,7783,驾驶人补领驾驶证后，使用原驾驶证驾驶的，除收回原机动车驾驶证外，还应当受到何种处罚？,2,1,4,4,"A:吊销驾驶证, B:拘留驾驶人, C:警告, D:罚款",吊销驾驶证,拘留驾驶人,警告,罚款,,,,,,机动车驾驶人补换领机动车驾驶证后，继续使用原机动车驾驶证的，由公安机关交通管理部门处二十元以上二百元以下罚款，并不包括吊销驾驶证、拘留驾驶人、警告这几种处罚，所以选择罚款《机动车驾驶证申领和使用规定》第九十八条：机动车驾驶人补换领机动车驾驶证后，继续使用原机动车驾驶证的，由公安机关交通管理部门处二十元以上二百元以下罚款，由公安机关交通管理部门收回原机动车驾驶证
33639,33639,下列交通违法行为，一次记12分的是什么？,2,1,3,3,"A:驾驶与准驾车型不符的机动车的, B:驾车在高速公路上违法占用应急车道行驶的, C:驾车在城市快速路上倒车的, D:驾驶证被暂扣期间驾车的",驾驶与准驾车型不符的机动车的,驾车在高速公路上违法占用应急车道行驶的,驾车在城市快速路上倒车的,驾驶证被暂扣期间驾车的,,,,,,驾驶机动车在城市快速路上倒车的，一次记12分驾驶与准驾车型不符的机动车的，一次记9分驾驶机动车在高速公路或者城市快速路上违法占用应急车道行驶的，一次记6分机动车驾驶证被暂扣或者扣留期间驾驶机动车的，一次记6分《道路交通安全违法行为记分管理办法》规定：驾驶机动车在高速公路、城市快速路上倒车、逆行、穿越中央分隔带掉头的，一次记12分
7784,7784,机动车在抵押登记、质押备案期间不可以办理转移登记。,1,1,1,1,"A:正确, B:错误",,,,,,,,,,机动车在抵押登记、质押备案期间，应当在办理新的抵押登记或质押备案后才可以办理转让，所以选择正确。《机动车登记规定》第二十六条：在机动车抵押登记期间申请转让登记的，应当由原机动车所有人、现机动车所有人和抵押权人共同申请，车辆管理所一并办理新的抵押登记。在机动车质押备案期间申请转让登记的，应当由原机动车所有人、现机动车所有人和质权人共同申请，车辆管理所一并办理新的质押备案。
221288,221288,驾驶证准驾车型代号为C2的，可以驾驶以下哪种车型？,2,1,1,1,"A:小型自动挡汽车, B:低速载货汽车, C:中型客车, D:轻便摩托车",小型自动挡汽车,低速载货汽车,中型客车,轻便摩托车,,,,,,小型自动挡汽车C2准驾车型：小型、微型自动挡载客汽车以及轻型、微型自动挡载货汽车；轻型、微型自动挡专项作业车；上肢残疾人专用小型自动挡载客汽车。
362,362,已注册登记的小型载客汽车有下列哪种情形，所有人不需要办理变更登记？,2,1,2,2,"A:机动车更换发动机, B:加装前后防撞装置, C:改变车身颜色, D:更换车身或者车架",机动车更换发动机,加装前后防撞装置,改变车身颜色,更换车身或者车架,,,,,,加装前后防撞装置不改变车辆本质，不需要办理变更登记。其余选项中的更换发动机、改变车身颜色、更换车身或者车架都需要办理登记，所以选择加装前后防撞装置。《中华人民共和国道路交通安全法实施条例》第六条：已注册登记的机动车有下列情形之一的，机动车所有人应当向登记该机动车的公安机关交通管理部门申请变更登记：（一）改变机动车车身颜色的；（二）更换发动机的；（三）更换车身或者车架的；（四）因质量有问题，制造厂更换整车的；（五）营运机动车改为非营运机动车或者非营运机动车改为营运机动车的；（六）机动车所有人的住所迁出或者迁入公安机关交通管理部门管辖区域的。
363,363,机动车达到国家规定的强制报废标准的不能办理注册登记。,1,1,1,1,"A:正确, B:错误",,,,,,,,,,应当报废的机动车必须及时办理注销登记，不能办理注册登记，所以选择正确。《中华人民共和国道路交通安全法》第十四条：应当报废的机动车必须及时办理注销登记。
364,364,机动车号牌灭失、丢失，机动车所有人要向登记地车辆管理所申请补领、换领。,1,1,1,1,"A:正确, B:错误",,,,,,,,,,机动车号牌灭失、丢失或者损毁的，机动车所有人应当向登记地车辆管理所申请补领、换领，所以选择正确。《机动车登记规定》第十五条：机动车号牌灭失、丢失或者损毁的，机动车所有人应当向登记地车辆管理所申请补领、换领。
33900,33900,长期服用依赖性精神药品成瘾尚未戒除的，将被注销驾驶证。,1,1,1,1,"A:正确, B:错误",正确,错误,,,,,,,,机动车驾驶人被查获有吸食、注射毒品后驾驶机动车行为，正在执行社区戒毒、强制隔离戒毒、社区康复措施，或者长期服用依赖性精神药品成瘾尚未戒除的，车辆管理所应当注销其机动车驾驶证
365,365,机动车号牌损毁，机动车所有人要向登记地车辆管理所申请补领、换领。,1,1,1,1,"A:正确, B:错误",,,,,,,,,,机动车号牌灭失、丢失或者损毁的，机动车所有人应当向登记地车辆管理所申请补领、换领，所以选择正确。《机动车登记规定》第十五条：机动车号牌灭失、丢失或者损毁的，机动车所有人应当向登记地车辆管理所申请补领、换领。
33903,33903,驾驶机动车在高速公路上行驶低于规定最低时速的，一次记2分。,1,1,2,2,"A:正确, B:错误",,,,,,,,,,低于规定时速是记3分的违法行为，在高速公路上行驶不得低于60公里/小时，低于规定时速的记3分《道路交通安全违法行为记分管理办法》第十一条：驾驶机动车在高速公路上行驶低于规定最低时速的，一次记3分
7793,7793,机动车驾驶人在一个记分周期内记分达到12分的，应当按规定参加学习、考试。,1,1,1,1,"A:正确, B:错误",,,,,,,,,,机动车驾驶人在一个记分周期内记分达到12分的，应当按规定参加学习、考试，所以选择正确。《机动车驾驶证申领和使用规定》第七十一条：对机动车驾驶人在一个记分周期内记分达到12分的，应当按规定参加学习、考试。
221297,221297,申请人未按照预约时间参加考试的，该次考试不合格。,1,1,1,1,"A:正确, B:错误",正确,错误,,,,,,,,《机动车驾驶证申领和使用规定》第四十六条：对申请人未按照预约考试时间参加考试的，判定该次考试不合格。
29297,29297,三年内有吸食、注射毒品行为，不得申请机动车驾驶证。,1,1,1,1,"A:正确, B:错误",正确,错误,,,,,,,,《机动车驾驶证申领和使用规定》第十五条：三年内有吸食、注射毒品行为或者解除强制隔离戒毒措施未满三年，以及长期服用依赖性精神药品成瘾尚未戒除的，不得申请机动车驾驶证。
7794,7794,隐瞒有关情况申领机动车驾驶证的，申请人1年内不得再次申领驾驶证。,1,1,1,1,"A:正确, B:错误",,,,,,,,,,申请人隐瞒有关情况或者提供虚假材料申领机动车驾驶证的，一年内不得再次申领机动车驾驶证，所以选择正确《机动车驾驶证申领和使用规定》第九十三条：申请人隐瞒有关情况或者提供虚假材料申领机动车驾驶证的，公安机关交通管理部门不予受理或者不予办理，处五百元以下罚款；申请人在一年内不得再次申领机动车驾驶证
33650,33650,机动车驾驶人使用其他机动车号牌、行驶证的，一次记12分。,1,1,1,1,"A:正确, B:错误",正确,错误,,,,,,,,《道路交通安全违法行为记分管理办法》第八条：使用伪造、变造的机动车号牌、行驶证、驾驶证、校车标牌或者使用其他机动车号牌、行驶证的，一次记12分。
33651,33651,小型载客汽车驾驶人在一个记分周期内累积记分满12分的，应当参加为期七天的道路交通安全法律、法规和相关知识学习。,1,1,1,1,"A:正确, B:错误",正确,错误,,,,,,,,小型载客汽车驾驶人一个记分周期记满12分需要参加为期7天的满分学习并通过考试。大中型客货车、城市公交车、重型牵引挂车，满分学习应满30天。《道路交通安全违法行为记分管理办法》第十八条：机动车驾驶人在一个记分周期内累积记分满12分的，应当参加为期七天的道路交通安全法律、法规和相关知识学习。
33652,33652,机动车驾驶人经满分学习、考试合格且罚款已缴纳的，记分予以清除，发还机动车驾驶证。,1,1,1,1,"A:正确, B:错误",正确,错误,,,,,,,,满分学习且考试通过后，如有罚款，在罚款缴纳完成后，可清除记分，发还驾驶证。《道路交通安全违法行为记分管理办法》规定：机动车驾驶人经满分学习、考试合格且罚款已缴纳的，记分予以清除，发还机动车驾驶证。
7797,7797,经购买、调拨、赠予等方式获得机动车后尚未注册登记的，向车辆管理所申领临时行驶车号牌后，方可临时上道路行驶。,1,1,1,1,"A:正确, B:错误",,,,,,,,,,机动车购买、调拨、赠予等方式获得机动车后尚未注册登记，需要临时上道路行驶的，机动车所有人应当向车辆管理所申领临时行驶车号牌，所以选择正确。《机动车登记规定》第四十六条：购买、调拨、赠予等方式获得机动车后尚未注册登记的，需要临时上道路行驶的，机动车所有人应当向车辆管理所申领临时行驶车号牌。
29302,29302,机动车驾驶人在驾驶证有效期满换领驾驶证时，可以到具有健康体检资质的二级以上医院、乡镇卫生院、社区卫生服务中心、健康体检中心等医疗机构体检。,1,1,1,1,"A:正确, B:错误",正确,错误,,,,,,,,驾驶证有效期满时，需要到具有健康体检资质的医疗机构进行体检，提交身体条件证明。《机动车驾驶证申领和使用规定》第八十五条：办理其他机动车驾驶证业务时，提交的身体条件证明应当由县级、部队团级以上医疗机构，或者经地市级以上卫生健康行政部门认定的具有健康体检资质的二级以上医院、乡镇卫生院、社区卫生服务中心、健康体检中心等医疗机构出具。
33654,33654,驾驶校车、公路客运汽车、旅游客运汽车载人超过核定人数未达到百分之二十的，一次记几分？,2,1,3,3,"A:3分, B:9分, C:6分, D:12分",3分,9分,6分,12分,,,,,,《道路交通安全违法行为记分管理办法》第十条：驾驶校车、公路客运汽车、旅游客运汽车载人超过核定人数未达到百分之二十，一次记6分。
29303,29303,小型汽车科目二考试内容包括倒车入库，坡道定点停车和起步、侧方停车、曲线行驶、直角转弯。,1,1,1,1,"A:正确, B:错误",正确,错误,,,,,,,,小型汽车即小型手动挡汽车。小型手动挡汽车科目二的考试项目有：倒车入库、坡道定点停车和起步、侧方停车、曲线行驶、直角转弯。《机动车驾驶证申领和使用规定》：小型汽车科目二考试内容包括：倒车入库、坡道定点停车和起步、侧方停车、曲线行驶、直角转弯。另据考试学员反馈，本题选正确
33401,33401,驾驶机动车不按规定会车，或者在高速公路、城市快速路以外的道路上不按规定倒车、掉头的，一次记3分。,1,1,2,2,"A:正确, B:错误",正确,错误,,,,,,,,驾驶机动车不按规定会车，或者在高速公路、城市快速路以外的道路上不按规定倒车、掉头的记1分题中说3分，是错误的《道路交通安全违法行为记分管理办法》规定：驾驶机动车不按规定会车，或者在高速公路、城市快速路以外的道路上不按规定倒车、掉头的，一次记1分
33402,33402,驾驶校车、中型以上载客载货汽车、危险物品运输车辆以外的机动车在高速公路、城市快速路上行驶超过规定时速百分之五十以上的，一次记9分。,1,1,2,2,"A:正确, B:错误",正确,错误,,,,,,,,注意题中关键词以外的机动车题中说记9分，是错误的《道路交通安全违法行为记分管理办法》规定：驾驶校车、中型以上载客载货汽车、危险物品运输车辆以外的机动车在高速公路、城市快速路上行驶超过规定时速百分之五十以上的，一次记12分
7803,7803,以下不属于机动车驾驶证审验内容的是什么？,2,1,4,4,"A:道路交通安全违法行为、交通事故处理情况, B:驾驶人身体条件, C:记满12分后参加学习和考试情况, D:驾驶车辆累计行驶里程",道路交通安全违法行为、交通事故处理情况,驾驶人身体条件,记满12分后参加学习和考试情况,驾驶车辆累计行驶里程,,,,,,机动车驾驶证审验内容包括：道路交通安全违法行为、交通事故处理情况、身体条件情况、道路交通安全违法行为记分及记满12分后参加学习和考试情况。题中问不包括哪一项，所以选择驾驶车辆累计行驶里程。《机动车驾驶证申领和使用规定》第七十三条：机动车驾驶证审验内容包括：（一）道路交通安全违法行为、交通事故处理情况；（二）身体条件情况；（三）道路交通安全违法行为记分及记满12分后参加学习和考试情况。
33659,33659,未取得校车驾驶资格驾驶校车的，一次记几分？,2,1,4,4,"A:12分, B:3分, C:6分, D:9分",12分,3分,6分,9分,,,,,,《道路交通安全违法行为记分管理办法》规定：未取得校车驾驶资格驾驶校车的，一次记9分。
7804,7804,已注册登记的机动车，改变车身颜色，机动车所有人不需要向登记地车辆管理所申请变更登记。,1,1,2,2,"A:正确, B:错误",,,,,,,,,,已注册登记的机动车改变机动车车身颜色的，需要向登记该机动车的公安机关交通管理部门申请变更登记题中说不需要，所以选择错误《中华人民共和国道路交通安全法实施条例》第六条：已注册登记的机动车有改变机动车车身颜色的，机动车所有人应当向登记该机动车的公安机关交通管理部门申请变更登记
29308,29308,驾驶机动车不按规定使用灯光的，一次记3分。,1,1,2,2,"A:正确, B:错误",正确,错误,,,,,,,,不按规定使用灯光的记1分，题中说记3分是错误的。《道路交通安全违法行为记分管理办法》第十二条：驾驶机动车不按规定使用灯光的，一次记1分。
16509,16509,驾驶小型客车在公路上车速超过规定时速20%但不到50%的一次记12分。,1,1,2,2,"A:正确, B:错误",,,,,,,,,,驾驶小型客车在公路（公路一般泛指普通道路）行驶，车速超过规定时速20%-50%的，一次记3分。题中说记12分，所以选错误。《道路交通安全违法行为记分管理办法》第十一条：驾驶校车、中型以上载客载货汽车、危险物品运输车辆以外的机动车在高速公路、城市快速路以外的道路上行驶超过规定时速百分之二十以上未达到百分之五十的，一次记3分。
33405,33405,机动车驾驶人有二起以上交通违法行为应当予以记分的，记分分值不累积计算。,1,1,2,2,"A:正确, B:错误",正确,错误,,,,,,,,机动车驾驶人有二起以上交通违法行为应当予以记分的，记分分值累积计算，题中说不累积，选错误《道路交通安全违法行为记分管理办法》第十四条：机动车驾驶人有二起以上交通违法行为应当予以记分的，记分分值累积计算
7806,7806,将机动车交由未取得驾驶证的人驾驶的，除罚款外，可并处（）。,2,1,2,2,"A:拘留, B:吊销驾驶证, C:暂扣驾驶证, D:扣留车辆",拘留,吊销驾驶证,暂扣驾驶证,扣留车辆,,,,,,将机动车交由未取得机动车驾驶证或者机动车驾驶证被吊销、暂扣的人驾驶的，由公安机关交通管理部门处二百元以上二千元以下罚款，可以并处吊销机动车驾驶证所以选择吊销驾驶证《道路交通安全法》第九十九条：将机动车交由未取得机动车驾驶证或者机动车驾驶证被吊销、暂扣的人驾驶的，由公安机关交通管理部门处200元以上2000元以下罚款，可以并处吊销机动车驾驶证
33664,33664,机动车所有权转让后，现机动车所有人未按照规定的时限办理转让登记的，由公安机关交通管理部门处警告或者一千元以下罚款。,1,1,2,2,"A:正确, B:错误",正确,错误,,,,,,,,所有权转让后，现机动车所有人未按规定时限办理转让登记的，由公安机关交通管理部门处警告或二百元以下罚款题中说一千元以下，是错误的《机动车登记规定》规定：机动车所有权转让后，现机动车所有人未在机动车交付之日起三十日内向登记地车辆管理所申请转让登记的，由公安机关交通管理部门处警告或者二百元以下罚款
33668,33668,机动车驾驶人在一个记分周期内三次以上累积记分满12分，应当在道路交通安全法律、法规和相关知识考试合格后，按规定预约参加场地驾驶技能和道路驾驶技能考试。,1,1,1,1,"A:正确, B:错误",正确,错误,,,,,,,,一个记分周期内三次以上累积记分满12分即累积扣满36分，这种情况机动车驾驶人应当在道路交通安全法律、法规和相关知识考试合格后，按照《机动车驾驶证申领和使用规定》参加场地驾驶技能和道路驾驶技能考试。
33669,33669,申请人以欺骗、贿赂等不正当手段取得校车驾驶资格的，处两千元以下罚款，申请人在三年内不得再次申请校车驾驶资格。,1,1,1,1,"A:正确, B:错误",正确,错误,,,,,,,,以欺骗、贿赂等手段取得驾驶证，是违法行为。取得的驾驶证也不合法，会被收缴驾驶证，处二千元罚款，3年内不得再次申领。申请人以欺骗、贿赂等不正当手段取得校车驾驶资格的，处两千元以下罚款，申请人在三年内不得再次申请校车驾驶资格。
33414,33414,已经达到报废标准的机动车经大修后也不可以上路行驶。,1,1,1,1,"A:正确, B:错误",,,,,,,,,,驾驶达到报废标准的机动车上路非常危险，大修后也不能达到正常标准上路行驶。《道路交通安全法》第一百条：驾驶拼装的机动车或者已达到报废标准的机动车上道路行驶的，公安机关交通管理部门应当予以收缴，强制报废。
33670,33670,机动车被监察机关、人民法院、人民检察院、行政执法部门依法查封、扣押的，不予办理注册登记。,1,1,1,1,"A:正确, B:错误",,,,,,,,,,《机动车登记规定》第十五条：机动车被监察机关、人民法院、人民检察院、行政执法部门依法查封、扣押的，不予办理注册登记。
33415,33415,机动车驾驶人在一个记分周期内累积记分满36分的，应当在道路交通安全法律、法规和相关知识考试合格后，按规定预约参加场地驾驶技能和道路驾驶技能考试。,1,1,1,1,"A:正确, B:错误",正确,错误,,,,,,,,《道路交通安全违法行为记分管理办法》规定：机动车驾驶人累积记分满36分的，应当在道路交通安全法律、法规和相关知识考试合格后，按照《机动车驾驶证申领和使用规定》规定预约参加场地驾驶技能和道路驾驶技能考试。
33671,33671,机动车喷涂、粘贴标识或者车身广告，影响安全驾驶的，由公安机关交通管理部门处警告或者二百元以下罚款。,1,1,1,1,"A:正确, B:错误",,,,,,,,,,粘贴标识或者车身广告，影响安全驾驶的，会被处警告或者200元以下罚款。《机动车登记规定》第七十八条：机动车喷涂、粘贴标识或者车身广告，影响安全驾驶的，由公安机关交通管理部门处警告或者二百元以下罚款。
33672,33672,改变车身颜色、更换发动机、车身或者车架，未按照规定的时限办理变更登记的，由公安机关交通管理部门处警告或者二百元以下罚款。,1,1,1,1,"A:正确, B:错误",,,,,,,,,,《机动车登记规定》第七十八条：改变车身颜色、更换发动机、车身或者车架，未按照第十六条规定的时限办理变更登记的，由公安机关交通管理部门处警告或者二百元以下罚款。
33673,33673,小型载客汽车驾驶人在一个记分周期内参加满分教育的次数每增加一次或者累积记分每增加12分，道路交通安全法律、法规和相关知识的学习时间增加7天，每次满分学习的天数最多六十天。,1,1,1,1,"A:正确, B:错误",,,,,,,,,,《道路交通安全违法行为记分管理办法》第十八条：机动车驾驶人在一个记分周期内参加满分教育的次数每增加一次或者累积记分每增加12分，道路交通安全法律、法规和相关知识的学习时间增加七天，每次满分学习的天数最多六十天。
33674,33674,驾驶校车以外的其他载客汽车载人超过核定载人数百分之百以上的，一次记12分。,1,1,1,1,"A:正确, B:错误",,,,,,,,,,驾驶校车以外的载客汽车超载百分之百以上的，情节严重，一次记12分。《道路交通安全违法行为记分管理办法》规定：驾驶校车、公路客运汽车、旅游客运汽车载人超过核定人数百分之二十以上，或者驾驶其他载客汽车载人超过核定人数百分之百以上的，一次记12分。
33675,33675,驾驶机动车载运爆炸物品，未悬挂警示标志并采取必要的安全措施的，一次记12分。,1,1,2,2,"A:正确, B:错误",,,,,,,,,,爆炸物品属于危险物品。驾驶机动车载运爆炸物品，未悬挂警示标志并采取必要的安全措施的会被记6分。《道路交通安全违法行为记分管理办法》第十条：驾驶机动车载运爆炸物品、易燃易爆化学物品以及剧毒、放射性等危险物品，未按指定的时间、路线、速度行驶或者未悬挂警示标志并采取必要的安全措施的，一次记6分。
33676,33676,驾驶机动车违反禁令标志、禁止标线指示的，一次记6分。,1,1,2,2,"A:正确, B:错误",,,,,,,,,,驾驶机动车时要按照标志、标线行驶。《道路交通安全违法行为记分管理办法》第十二条：驾驶机动车违反禁令标志、禁止标线指示的，一次记1分。
221325,221325,申请人在考试过程中有舞弊行为的，取消考试资格，在1年内不得再次申领驾驶证。,1,1,1,1,"A:正确, B:错误",正确,错误,,,,,,,,申请人在考试过程中有贿赂、舞弊行为的，在一年内不得再次申领机动车驾驶证《机动车驾驶证申领和使用规定》第九十三条：申请人在考试过程中有贿赂、舞弊行为的，取消考试资格，已经通过考试的其他科目成绩无效，公安机关交通管理部门处二千元以下罚款；申请人在一年内不得再次申领机动车驾驶证
33677,33677,驾驶机动车不按规定会车，或者在高速公路、城市快速路以外的道路上不按规定倒车、掉头的，一次记1分。,1,1,1,1,"A:正确, B:错误",,,,,,,,,,注意题中说是在高速公路、城市快速路以外的道路，不要被误导了。《道路交通安全违法行为记分管理办法》规定：驾驶机动车不按规定会车，或在高速公路、城市快速路以外的道路上不按规定倒车、掉头的，一次记1分。
29326,29326,机动车驾驶人使用伪造、变造的行驶证的， 一次记9分。,1,1,2,2,"A:正确, B:错误",正确,错误,,,,,,,,本题考点为记12分相关内容机动车驾驶人使用伪造、变造的行驶证的，一次记12分，题中说记9分是错误的《道路交通安全违法行为记分管理办法》第八条：使用伪造、变造的机动车号牌、行驶证、驾驶证、校车标牌或者使用其他机动车号牌、行驶证的，一次记12分
33678,33678,机动车驾驶人同时被处以暂扣机动车驾驶证的，经满分学习、考试合格且罚款已缴纳的，记分予以清除，无需等待暂扣期限届满即可发还机动车驾驶证。,1,1,2,2,"A:正确, B:错误",,,,,,,,,,驾驶人被处罚要进行满分学习同时驾驶证也要被暂扣。应先通过满分学习，然后等暂扣期限到期方可取回机动车驾驶证。《道路交通安全违法行为记分管理办法》第二十三条：机动车驾驶人经满分学习、考试合格且罚款已缴纳的，记分予以清除，发还机动车驾驶证。机动车驾驶人同时被处以暂扣机动车驾驶证的，在暂扣期限届满后发还机动车驾驶证。
7823,7823,以下哪种身体条件，不可以申请机动车驾驶证?,2,1,2,2,"A:糖尿病, B:红绿色盲, C:高血压, D:怀孕",糖尿病,红绿色盲,高血压,怀孕,,,,,,红绿色盲不可以申请机动车驾驶证，因为会影响辨别交通信号灯。《机动车驾驶证申领和使用规定》第十四条：申请机动车驾驶证的人，应当符合下列规定：辨色力：无红绿色盲。
33679,33679,驾驶机动车载货长度、宽度、高度超过规定的，一次记1分。,1,1,1,1,"A:正确, B:错误",,,,,,,,,,《道路交通安全违法行为记分管理办法》第十二条：驾驶机动车载货长度、宽度、高度超过规定的，一次记1分。
7824,7824,申请人患有癫痫病可以申领机动车驾驶证，但是驾车时必须有人陪同。,1,1,2,2,"A:正确, B:错误",,,,,,,,,,患有癫痫病的，不得申请机动车驾驶证，所以选择错误《机动车驾驶证申领和使用规定》第十五条：有器质性心脏病、癫痫病、美尼尔氏症、眩晕症、癔病、震颤麻痹、精神病、痴呆以及影响肢体活动的神经系统疾病等妨碍安全驾驶疾病的，不得申请机动车驾驶证
26512,26512,机动车驾驶证遗失、损毁无法辨认时，机动车驾驶人应当向机动车驾驶证核发地或者核发地以外的车辆管理所申请补发。,1,1,1,1,"A:正确, B:错误",正确,错误,,,,,,,,驾驶证遗失、损毁无法辨认的，在核发地或者核发地以外的车辆管理所都可以申请补发，所以选择正确。《机动车驾驶证申领和使用规定》：驾驶证遗失、损毁无法辨认的，在核发地或者核发地以外的车辆管理所都可以申请补发。
33680,33680,机动车驾驶人可以在机动车驾驶证核发地或者交通违法行为发生地、处理地参加公安机关交通管理部门组织的道路交通安全法律、法规和相关知识学习，并在学习地参加考试。,1,1,1,1,"A:正确, B:错误",,,,,,,,,,《道路交通安全违法行为记分管理办法》第二十条：机动车驾驶人可以在机动车驾驶证核发地或者交通违法行为发生地、处理地参加公安机关交通管理部门组织的道路交通安全法律、法规和相关知识学习，并在学习地参加考试。
7825,7825,自愿降级的驾驶人需要到车辆管理所申请换领驾驶证。,1,1,1,1,"A:正确, B:错误",,,,,,,,,,机动车驾驶人自愿降低准驾车型的，应当确认申请信息，并提交机动车驾驶人的身份证明和机动车驾驶证，车辆管理所应当通知机动车驾驶人在三十日内办理换证业务，所以选择正确。《机动车驾驶证申领和使用规定》第六十五条：机动车驾驶人自愿降低准驾车型的，车辆管理所应当通知机动车驾驶人在三十日内办理换证业务。
33681,33681,驾驶机动车在高速公路、城市快速路上穿越中央分隔带掉头的，一次记12分。,1,1,1,1,"A:正确, B:错误",,,,,,,,,,《道路交通安全违法行为记分管理办法》第八条：驾驶机动车在高速公路、城市快速路上倒车、逆行、穿越中央分隔带掉头的，一次记12分。
33682,33682,驾驶机动车遇前方机动车停车排队或者缓慢行驶时，借道超车或者占用对面车道、穿插等候车辆的，将被一次记1分。,1,1,2,2,"A:正确, B:错误",,,,,,,,,,本题考点为记3分相关内容。《道路交通安全违法行为记分管理办法》第十一条：驾驶机动车遇前方机动车停车排队或者缓慢行驶时，借道超车或者占用对面车道、穿插等候车辆的，一次记3分。题中说记1分，选错误。
33683,33683,实习期驾驶人不可以单独驾车上高速公路行驶，但增驾后的实习期内，驾驶原准驾车型时不受上述限制。,1,1,1,1,"A:正确, B:错误",,,,,,,,,,实习期不得单独驾车上高速属于增驾的，驾驶原驾驶证的车型上高速，不受限制《机动车驾驶证申领和使用规定》：初次申领驾驶证的实习期不可以单独上高速，但在增加准驾车型后的实习期，驾驶原准驾车型的机动车可以单独上高速
7828,7828,年龄在70周岁以上的机动车驾驶人，应当每年进行一次身体检查。,1,1,1,1,"A:正确, B:错误",,,,,,,,,,年龄在70周岁以上的机动车驾驶人，应当每年进行一次身体检查，所以选择正确。《机动车驾驶证申领和使用规定》第七十四条：年龄在70周岁以上的机动车驾驶人，应当每年进行一次身体检查。
33684,33684,机动车驾驶人参加满分教育现场学习、网络学习的天数累计不得少于五天，其中，现场学习的天数不得少于二天。,1,1,1,1,"A:正确, B:错误",,,,,,,,,,参加满分教育时，现场学习和网络学习累积不得少于5天，现场学习不得少于2天《道路交通安全违法行为记分管理办法》第十九条：机动车驾驶人参加现场学习、网络学习的天数累计不得少于五天，其中，现场学习的天数不得少于二天
7829,7829,驾驶人吸食或注射毒品后驾驶机动车的，一经查获，其驾驶证将被注销。,1,1,1,1,"A:正确, B:错误",,,,,,,,,,被查获有吸食、注射毒品后驾驶机动车行为，依法被责令社区戒毒、社区康复或者决定强制隔离戒毒，或者长期服用依赖性精神药品成瘾尚未戒除的，车辆管理所应当注销其机动车驾驶证，所以选择正确。《机动车驾驶证申领和使用规定》第七十九条：被查获有吸食、注射毒品后驾驶机动车行为，正在执行社区戒毒、强制隔离戒毒、社区康复措施，或者长期服用依赖性精神药品成瘾尚未戒除的机动车驾驶人，车辆管理所应当注销其机动车驾驶证。
33685,33685,交通违法行为累积记分未满12分的，可以处理其驾驶的其他机动车的交通违法行为记录。,1,1,1,1,"A:正确, B:错误",,,,,,,,,,机动车驾驶人可以一次处理同一车辆的多起交通违法行为，累积记分未满12分的可以处理其驾驶的其他机动车的交通违法行为记录，记满12分不得处理。《道路交通安全违法行为记分管理办法》第十四条：机动车驾驶人可以一次性处理完毕同一辆机动车的多起交通违法行为记录，记分分值累积计算。累积记分未满12分的，可以处理其驾驶的其他机动车的交通违法行为记录；累积记分满12分的，不得再处理其他机动车的交通违法行为记录。
33687,33687,代替实际驾驶人参加审验教育的，处2000元以下罚款。,1,1,1,1,"A:正确, B:错误",正确,错误,,,,,,,,代替他人参加审验教育属于违法行为经发现后，处二千元以下罚款《机动车驾驶证申领和使用规定》：代替实际机动车驾驶人参加审验教育的，由公安机关交通管理部门处二千元以下罚款
33688,33688,机动车驾驶人在一个记分周期内二次累积记分满12分，应当在道路交通安全法律、法规和相关知识考试合格后，按规定预约参加道路驾驶技能考试。,1,1,1,1,"A:正确, B:错误",,,,,,,,,,一个记分周期内两次累积记满12分，应在满分学习考试合格后，按规定预约道路驾驶技能考试。因此本题答案选正确。《道路交通安全违法行为记分管理办法》规定：机动车驾驶人在一个记分周期内二次累积记分满12分或者累积记分满24分未满36分的，应当在道路交通安全法律、法规和相关知识考试合格后，按照规定预约参加道路驾驶技能考试。
33689,33689,机动车驾驶人在一个记分周期内累积记分满12分，应当在道路交通安全法律、法规和相关知识考试合格后，按规定预约参加场地驾驶技能和道路驾驶技能考试。,1,1,2,2,"A:正确, B:错误",,,,,,,,,,扣满12分仅需参加科一考试，不需要参加科二、科三的考试，因此本题答案选错误。《道路交通安全违法行为记分管理办法》规定：机动车驾驶人在一个记分周期内累积记分满12分，需要参加道路交通安全法律、法规和相关知识考试，无需参加场地驾驶技能和道路驾驶技能考试。简单来说，扣满12分仅需参加科一考试，不需要参加科二、科三
26011,26011,在道路上车辆发生故障、事故停车后，不按规定设置警告标志，一次记1分。,1,1,2,2,"A:正确, B:错误",,,,,,,,,,在道路上车辆发生故障、事故停车后，不按规定设置警告标志，一次记3分，题中说1分，所以选择错误。《道路交通安全违法行为记分管理办法》第十一条：在道路上车辆发生故障、事故停车后，不按规定使用灯光或者设置警告标志的，一次记3分。
33691,33691,机动车驾驶证在实习期内，驾驶人不得通过接受交通安全教育扣减交通违法行为记分。,1,1,1,1,"A:正确, B:错误",,,,,,,,,,实习期内的记分，不得通过学法减分扣减。《道路交通安全违法行为记分管理办法》规定：机动车驾驶人申请接受交通安全教育扣减交通违法行为记分的，机动车驾驶证在实习期内的不予受理。
33692,33692,驾驶校车、公路客运汽车、旅游客运汽车、7座以上载客汽车以外的其他载客汽车载人超过核定人数百分之五十以上未达到百分之百的，一次记9分。,1,1,2,2,"A:正确, B:错误",,,,,,,,,,注意题干中说校车、公路客运汽车、旅游客运汽车、7座以上载客汽车以外的其他载客汽车本题说一次记9分，所以选错误《道路交通安全违法行为记分管理办法》规定：驾驶校车、公路客运汽车、旅游客运汽车、7座以上载客汽车以外的其他载客汽车载人超过核定人数百分之五十以上未达到百分之百的，一次记6分
33693,33693,驾驶校车、中型以上载客载货汽车、危险品运输车辆以外的机动车在高速公路、城市快速路以外的道路上行驶超过规定时速百分之五十以上的，一次记9分。,1,1,2,2,"A:正确, B:错误",,,,,,,,,,注意题干中有2个以外。《道路交通安全违法行为记分管理办法》规定：驾驶校车、中型以上载客载货汽车、危险物品运输车辆以外的机动车在高速公路、城市快速路以外的道路上行驶超过规定时速百分之五十以上的，一次记6分。
26527,26527,驾驶机动车在城市快速公路上违法占用应急车道行驶的，一次记多少分？,2,1,3,3,"A:2分, B:3分, C:6分, D:12分",2分,3分,6分,12分,,,,,,驾驶机动车在高速公路或者城市快速路上违法占用应急车道行驶的，一次记6分，所以选择6分。《道路交通安全违法行为记分管理办法》第十条：驾驶机动车在高速公路或者城市快速路上违法占用应急车道行驶的，一次记6分。
33696,33696,驾驶未按规定定期进行安全技术检验的公路客运汽车、旅游客运汽车、危险品运输车辆以外的机动车上路行驶的，一次记1分。,1,1,1,1,"A:正确, B:错误",,,,,,,,,,注意题干中的以外。《道路交通安全违法行为记分管理办法》第十二条：驾驶未按规定定期进行安全技术检验的公路客运汽车、旅游客运汽车、危险物品运输车辆以外的机动车上道路行驶的，一次记1分。
26017,26017,驾车拨打、接听手持电话的，一次记（）分。,2,1,1,1,"A:3, B:9, C:1, D:6",3,9,1,6,,,,,,驾车拨打、接听手持电话的，一次记3分，所以选择3分《道路交通安全违法行为记分管理办法》第十一条：驾驶机动车有拨打、接听手持电话等妨碍安全驾驶的行为的，一次记3分
33698,33698,机动车属于被盗抢骗的，不予办理注册登记。,1,1,1,1,"A:正确, B:错误",,,,,,,,,,《机动车登记规定》规定：机动车属于被盗抢骗的，不予办理注册登记。
33699,33699,在上一个记分周期内机动车驾驶人有二次以上参加满分教育记录的，可以在接受交通安全教育后扣减交通违法行为记分。,1,1,2,2,"A:正确, B:错误",,,,,,,,,,在本周期或上一个记分周期有二次以上累积记分满12分的，不可以再参加学法减分。《道路交通安全违法行为记分管理办法》第二十六条：机动车驾驶人申请接受交通安全教育扣减交通违法行为记分的，公安机关交通管理部门应当受理。在本记分周期内或者上一个记分周期内，机动车驾驶人有二次以上参加满分教育记录的，不予受理。
33700,33700,驾驶校车、中型以上载客载货汽车、危险品运输车辆以外的机动车在高速公路上行驶超过规定时速百分之四十的，一次记6分。,1,1,1,1,"A:正确, B:错误",,,,,,,,,,要注意题目中的文字描述，题目中说的是这些车辆以外的车辆，即普通车辆百分之四十即在20%-50%之间《道路交通安全法》规定，普通车辆在高速公路上超过规定时速20%-50%的，记6分
33701,33701,驾驶载货汽车载物超过最大允许总质量未达到百分之三十的，一次记1分。,1,1,1,1,"A:正确, B:错误",,,,,,,,,,载货汽车不得超载，驾驶载货汽车载物超过最大允许总质量未达到百分之三十的，一次记1分。《道路交通安全违法行为记分管理办法》规定：驾驶载货汽车载物超过最大允许总质量未达到百分之三十的，一次记1分。
33704,33704,驾驶不按规定安装机动车号牌的机动车上道路行驶的，一次记1分。,1,1,2,2,"A:正确, B:错误",,,,,,,,,,不按规定安装机动车号牌，记3分；使用的是伪造、变造的记12分；未悬挂号牌或者遮挡、污损号牌，记9分《道路交通安全违法行为记分管理办法》第十一条：驾驶不按规定安装机动车号牌的机动车上道路行驶的，一次记3分
213161,213161,持有C2驾驶证可以驾驶轻型自动挡载货汽车。,1,1,1,1,"A:正确, B:错误",正确,错误,,,,,,,,本题考点为准驾车型相关内容持有C2驾驶证可以驾驶轻型自动挡载货汽车
33705,33705,机动车驾驶人在一个记分周期期限届满，累积记分未满12分的，该记分周期内的记分予以清除。,1,1,1,1,"A:正确, B:错误",,,,,,,,,,机动车驾驶人在一个记分周期没有记满12分，在记分周期结束后是可以予以清除的所以本题正确《道路交通安全违法行为记分管理办法》第十五条：机动车驾驶人在一个记分周期期限届满，累积记分未满12分的，该记分周期内的记分予以清除；累积记分虽未满12分，但有罚款逾期未缴纳的，该记分周期内尚未缴纳罚款的交通违法行为记分分值转入下一记分周期
213162,213162,"驾驶证准驾车型代号为C2的，可以驾驶车长小于6米且乘坐人数为9人的自动挡载客汽车。
",1,1,1,1,"A:正确, B:错误",正确,错误,,,,,,,,本题考点为准驾车型相关内容持有C2驾驶证的可以驾驶车长小于6米且乘坐人数为9人的自动挡载客汽车
33706,33706,驾驶机动车不按规定避让校车的，一次记6分。,1,1,2,2,"A:正确, B:错误",,,,,,,,,,校车在道路上行驶时享有一定的交通优先权，其他车辆在遇到校车停车放学或上学的情况时，需采取相应的避让措施。如果不按规定避让校车，一次记3分。《道路交通安全违法行为记分管理办法》第十一条：驾驶机动车不按规定避让校车的，一次记3分。
13483,13483,驾驶人在实习期内驾驶机动车上高速公路行驶，应当由持相应或者更高准驾车型驾驶证3年以上的驾驶人陪同。,1,1,1,1,"A:正确, B:错误",,,,,,,,,,驾驶人在实习期内驾驶机动车上高速公路行驶，应当由持相应或者包含其准驾车型驾驶证三年以上的驾驶人陪同，所以选择正确。《机动车驾驶证申领和使用规定》第七十七条：驾驶人在实习期内驾驶机动车上高速公路行驶，应当由持相应或者包含其准驾车型驾驶证三年以上的驾驶人陪同。
213163,213163,驾驶证准驾车型代号为C1的，可以驾驶下图所示车辆。,1,1,1,1,"A:正确, B:错误",正确,错误,,,,,,https://wos.58cdn.com.cn/XyVuTsRqXyf/question/213163-1748346083039.jpg,,本题考点为准驾车型相关内容持有C1驾驶证的，可以驾驶小型、微型载客汽车、轻型、微型载货汽车、轻、小、微型专项作业车图中为小型汽车，因此本题选择正确
33707,33707,驾驶机动车在道路上行驶时，机动车驾驶人未按规定系安全带的，一次记1分。,1,1,1,1,"A:正确, B:错误",,,,,,,,,,开车要系安全带，未按规定系安全带的都是记1分。《道路交通安全违法行为记分管理办法》第十二条：驾驶机动车在道路上行驶时，机动车驾驶人未按规定系安全带的，一次记1分。
213164,213164,驾驶证准驾车型代号为C2的，可以驾驶下图所示车辆。,1,1,2,2,"A:正确, B:错误",正确,错误,,,,,,https://wos.58cdn.com.cn/XyVuTsRqXyf/question/213164-1748346225185.jpg,,本题考点为准驾车型相关内容图中车辆为中型客车，驾驶中型客车需持有B1驾驶证，题中说持有C2驾驶证，是不可以驾驶中型客车的因此本题选错误
33708,33708,造成致人轻伤以上或者死亡的交通事故后逃逸，尚不构成犯罪的，一次记9分。,1,1,2,2,"A:正确, B:错误",,,,,,,,,,发生事故尚不构成犯罪，但是对方在轻伤以上或者死亡的情况下还逃逸，会被扣12分。《道路交通安全违法行为记分管理办法》第八条：造成致人轻伤以上或者死亡的交通事故后逃逸，尚不构成犯罪的，一次记12分。
213165,213165,准驾车型代号为C1的，可以驾驶以下哪种车型？,2,1,1,1,"A:图1, B:图2, C:图3, D:图4",图1,图2,图3,图4,,,,https://wos.58cdn.com.cn/XyVuTsRqXyf/question/213165-1748346277446.jpg,,本题考点为准驾车型相关内容持有C1驾驶证的，可以驾驶小型、微型载客汽车、轻型、微型载货汽车、轻、小、微型专项作业车图1是小型汽车、图2是中型客车、图3是三轮摩托车、图4是大型载货汽车，因此本题选择图1
33709,33709,机动车的型号或者有关技术参数与国务院机动车产品主管部门公告不符的，不予办理注册登记。,1,1,1,1,"A:正确, B:错误",,,,,,,,,,《机动车登记规定》第十五条：机动车的型号或者有关技术参数与国务院机动车产品主管部门公告不符的，不予办理注册登记。
33454,33454,机动车登记证书、行驶证灭失、丢失或者损毁的，机动车所有人应当向居住地车辆管理所申请补领、换领。,1,1,2,2,"A:正确, B:错误",正确,错误,,,,,,,,机动车登记证书、行驶证都是和机动车相关的证件，丢失或损毁的，都向登记地的车管所申请补领、换领。题中说居住地，是错误的。《机动车登记规定》规定：机动车登记证书、行驶证灭失、丢失或者损毁的，机动车所有人应当向登记地车辆管理所申请补领、换领。
33711,33711,机动车驾驶人参加满分教育现场学习、网络学习的天数累计不得少于五天，其中，现场学习的天数不得少于一天。,1,1,2,2,"A:正确, B:错误",,,,,,,,,,参加满分教育时，现场学习和网络学习累积不得少于5天，现场学习不得少于2天《道路交通安全违法行为记分管理办法》第十九条：机动车驾驶人参加现场学习、网络学习的天数累计不得少于五天，其中，现场学习的天数不得少于二天
33714,33714,驾驶校车、公路客运汽车、旅游客运汽车以外的其他载客汽车载人超过核定人数百分之百以上的，一次记12分。,1,1,1,1,"A:正确, B:错误",,,,,,,,,,注意题中关键词以外。《道路交通安全违法行为记分管理办法》第八条：驾驶校车、公路客运汽车、旅游客运汽车以外的其他载客汽车载人超过核定人数百分之百以上的，一次记12分。
33461,33461,驾驶人在机动车驾驶证的6年有效期内，每个记分周期均未达到12分的，换发长期有效的机动车驾驶证。,1,1,2,2,"A:正确, B:错误",正确,错误,,,,,,,,在驾驶证的6年有效期内，每个记分周期均未达到12分的，换发10年有效期的机动车驾驶证。《道路交通安全法实施条例》规定：机动车驾驶人在机动车驾驶证的6年有效期内，每个记分周期均未达到12分的，换发10年有效期的机动车驾驶证，而不是长期有效的机动车驾驶证，因此选择“错误”。
33717,33717,行政处罚决定被依法变更或者撤销的，相应记分不会变更或者撤销。,1,1,2,2,"A:正确, B:错误",,,,,,,,,,行政处罚依法变更或撤销，对应的记分也会被变更或撤销。题干中说不会变更或者撤销，所以错误。《道路交通安全违法行为记分管理办法》规定：行政处罚决定被依法变更或者撤销的，相应记分应当变更或者撤销。
33718,33718,申请人在考试过程中有贿赂、舞弊行为的，已经通过考试的其他科目成绩无效，处两千元以下罚款，申请人在一年内不得再次申领机动车驾驶证。,1,1,1,1,"A:正确, B:错误",,,,,,,,,,本题考点为不正当取得驾驶证行为相关内容《机动车驾驶证申领和使用规定》：申请人在考试过程中有贿赂、舞弊行为的，取消考试资格，已经通过考试的其他科目成绩无效，公安机关交通管理部门处二千元以下罚款；申请人在一年内不得再次申领机动车驾驶证
33719,33719,申请人以欺骗、贿赂等不正当手段取得机动车驾驶证的，公安机关交通管理部门收缴机动车驾驶证，撤销机动车驾驶许可，处两千元以下罚款，申请人在3年内不得再次申领机动车驾驶证。,1,1,1,1,"A:正确, B:错误",,,,,,,,,,本题考点为不正当取得驾驶证行为相关内容《机动车驾驶证申领和使用规定》第九十三条：申请人以欺骗、贿赂等不正当手段取得机动车驾驶证的，公安机关交通管理部门收缴机动车驾驶证，撤销机动车驾驶许可，处二千元以下罚款；申请人在三年内不得再次申领机动车驾驶证
33720,33720,交通违法行为累积记分未满多少分的，可以处理其驾驶的其他机动车的交通违法行为记录？,2,1,3,3,"A:6分, B:9分, C:12分, D:24分",6分,9分,12分,24分,,,,,,驾驶人可以一次处理同一车辆的多起交通违法行为，记分未满12分的还可以处理其他的车辆违法记录，但是记满12分则不可以再处理。《道路交通安全违法行为记分管理办法》第十四条：累积记分未满12分的，可以处理其驾驶的其他机动车的交通违法行为记录；累积记分满12分的，不得再处理其他机动车的交通违法行为记录。
33721,33721,关于交通违法行为，以下说法错误的是什么？,2,1,2,2,"A:机动车驾驶证被暂扣或者扣留期间驾驶机动车的，一次记6分, B:造成致人轻微伤或者财产损失的交通事故后逃逸，尚不构成犯罪的，一次记9分, C:驾驶机动车在高速公路违法占用应急车道行驶的，一次记6分, D:驾驶机动车在高速公路或者城市快速路上违法停车的，一次记9分",机动车驾驶证被暂扣或者扣留期间驾驶机动车的，一次记6分,造成致人轻微伤或者财产损失的交通事故后逃逸，尚不构成犯罪的，一次记9分,驾驶机动车在高速公路违法占用应急车道行驶的，一次记6分,驾驶机动车在高速公路或者城市快速路上违法停车的，一次记9分,,,,,,造成致人轻微伤或者财产损失的交通事故后逃逸是记6分，题目问的是哪个选项是错误的，选项中说扣9分，是错误的。《道路交通安全违法行为记分管理办法》第十条：造成致人轻微伤或者财产损失的交通事故后逃逸，尚不构成犯罪的，一次记6分。
33977,33977,驾驶人记分没有达到满分，有罚款尚未缴纳的，记分转入下一记分周期。,1,1,1,1,"A:正确, B:错误",,,,,,,,,,驾驶人记分周期内有罚款未缴纳的，记分会自动转入下一个记分周期，只有缴纳所有罚款才会予以清除。《道路交通安全法实施条例》：机动车驾驶人在一个记分周期内记分未达到12分，所处罚款均已缴纳的，记分予以清除；记分未达到12分，但尚有罚款未缴纳的，记分转入下一记分周期。
33722,33722,驾驶7座以上载客汽车载人超过核定人数百分之二十以上未达到百分之五十的，一次记几分？,2,1,2,2,"A:3分, B:6分, C:9分, D:12分",3分,6分,9分,12分,,,,,,注意题干中说7座以上载客汽车载人。《道路交通安全违法行为记分管理办法》规定：驾驶7座以上载客汽车载人超过核定人数百分之二十以上未达到百分之五十，一次记6分。
33723,33723,驾驶校车、中型以上载客载货汽车、危险品运输车辆以外的机动车在高速公路、城市快速路以外的道路上行驶超过规定时速百分之五十以上的，一次记几分？,2,1,3,3,"A:1分, B:3分, C:6分, D:9分",1分,3分,6分,9分,,,,,,注意题干中有2个以外。《道路交通安全违法行为记分管理办法》规定：驾驶校车、中型以上载客载货汽车、危险物品运输车辆以外的机动车在高速公路、城市快速路以外的道路上行驶超过规定时速百分之五十以上的，一次记6分。
33724,33724,根据交通违法行为的严重程度，一次记分的分值为？,2,1,3,3,"A:12分，9分、2分、1分, B:12分、9分、5分、2分、1分, C:12分、9分、6分、3分、1分, D:12分、6分、2分、1分",12分，9分、2分、1分,12分、9分、5分、2分、1分,12分、9分、6分、3分、1分,12分、6分、2分、1分,,,,,,交通违法行为记分的分值为：12分、9分、6分、3分、1分。《道路交通安全违法行为记分管理办法》第七条：根据交通违法行为的严重程度，一次记分的分值为12分、9分、6分、3分、1分。
33725,33725,驾驶校车、中型以上载客载货汽车、危险品运输车辆以外的机动车在高速公路上行驶超过规定时速百分之二十以上未达到百分之五十的，一次记几分？,2,1,3,3,"A:1分, B:3分, C:6分, D:9分",1分,3分,6分,9分,,,,,,《道路交通安全违法行为记分管理办法》第十条：驾驶校车、中型以上载客载货汽车、危险物品运输车辆以外的机动车在高速公路、城市快速路上行驶超过规定时速百分之二十以上未达到百分之五十，一次记6分。
33471,33471,机动车登记证书、行驶证灭失、丢失或者损毁的，机动车所有人应当向哪个部门申请补领、换领。,2,1,1,1,"A:登记地车辆管理所, B:驾驶证核发地车辆管理所, C:住地交警支队车辆管理所, D:当地公安局",登记地车辆管理所,驾驶证核发地车辆管理所,住地交警支队车辆管理所,当地公安局,,,,,,机动车登记证书、行驶证都是和机动车相关的证件，丢失或损毁的，都向登记地的车管所申请补领、换领。《机动车登记规定》规定：机动车登记证书、行驶证灭失、丢失或者损毁的，机动车所有人应当向登记地车辆管理所申请补领、换领。
33727,33727,机动车驾驶人处理完交通违法行为记录后累积记分未满12分，参加公安机关交通管理部门组织的交通安全教育并达到规定要求的，可以申请在机动车驾驶人现有累积记分分值中扣减记分。在一个记分周期内累计最高扣减几分？,2,1,3,3,"A:3分, B:5分, C:6分, D:12分",3分,5分,6分,12分,,,,,,本题考点为记分减免相关内容在一个记分周期累计记分未满12分的可以参加记分减免，最高只能减免6分《道路交通安全违法行为记分管理办法》第二十五条：机动车驾驶人处理完交通违法行为记录后累积记分未满12分，参加公安机关交通管理部门组织的交通安全教育并达到规定要求的，可以申请在机动车驾驶人现有累积记分分值中扣减记分在一个记分周期内累计最高扣减6分
33728,33728,下列交通违法行为，一次记12分的是什么？,2,1,4,4,"A:驾驶货车运载爆炸物品，未按指定的时间、路线行驶的, B:驾驶机动车运载超限的不可解体的物品，未按指定的时间、路线行驶的, C:驾驶小型客车在高速公路上行驶超过规定时速百分之二十以上未达到百分之五十的, D:代替实际机动车驾驶人接受交通违法行为处罚和记分牟取经济利益的",驾驶货车运载爆炸物品，未按指定的时间、路线行驶的,驾驶机动车运载超限的不可解体的物品，未按指定的时间、路线行驶的,驾驶小型客车在高速公路上行驶超过规定时速百分之二十以上未达到百分之五十的,代替实际机动车驾驶人接受交通违法行为处罚和记分牟取经济利益的,,,,,,驾驶货车运载爆炸物品，未按指定的时间、路线行驶的记6分；驾驶机动车运载超限的不可解体的物品，未按指定的时间、路线行驶的记6分；驾驶小型客车在高速公路上行驶超过规定时速百分之二十以上未达到百分之五十的记6分；代替实际机动车驾驶人接受交通违法行为处罚和记分牟取经济利益的记12分《道路交通安全违法行为记分管理办法》第八条：代替实际机动车驾驶人接受交通违法行为处罚和记分牟取经济利益的，一次记12分
33729,33729,下列交通违法行为，一次记1分的是什么？,2,1,2,2,"A:驾驶校车在高速公路、城市快速路以外的道路上行驶超过规定时速百分之二十以上未达到百分之五十的, B:驾驶机动车不按规定使用灯光, C:驾驶机动车不按规定超车、让行, D:驾驶机动车在高速公路、城市快速路上违法停车的",驾驶校车在高速公路、城市快速路以外的道路上行驶超过规定时速百分之二十以上未达到百分之五十的,驾驶机动车不按规定使用灯光,驾驶机动车不按规定超车、让行,驾驶机动车在高速公路、城市快速路上违法停车的,,,,,,驾驶校车在高速公路、城市快速路以外的道路上行驶超过规定时速百分之二十以上未达到百分之五十的，一次记6分驾驶机动车不按规定超车、让行，一次记3分驾驶机动车在高速公路、城市快速路上违法停车的，一次记9分《道路交通安全违法行为记分管理办法》规定：驾驶机动车不按规定使用灯光的，一次记1分
33730,33730,关于机动车号牌灭失、丢失或者损毁的，以下说法错误的是什么？,2,1,4,4,"A:机动车所有人应当向登记地车辆管理所申请补领、换领, B:车辆管理所补发、换发号牌，原机动车号牌不变, C:补领、换发号牌期间，申请人可以申领有效期不超过十五日的临时行驶号牌, D:补领、换领机动车号牌的，原机动车号牌可以继续使用",机动车所有人应当向登记地车辆管理所申请补领、换领,车辆管理所补发、换发号牌，原机动车号牌不变,补领、换发号牌期间，申请人可以申领有效期不超过十五日的临时行驶号牌,补领、换领机动车号牌的，原机动车号牌可以继续使用,,,,,,机动车登记证书、行驶证、号牌都是属于机动车相关的证件在登记地的车管所申请补领、换领机动车号牌的，原机动车号牌不得继续使用《机动车登记规定》规定：补发、换发号牌期间，申请人可以申领有效期不超过十五日的临时行驶车号牌补领、换领机动车号牌的，原机动车号牌作废，不得继续使用
33731,33731,下列交通违法行为，一次记9分的是什么？,2,1,3,3,"A:驾驶机动车在高速公路上逆行的, B:驾驶机动车在高速公路上穿越中央分隔带掉头的, C:驾驶机动车在城市快速路上违法停车, D:驾驶载货汽车违反规定载客的",驾驶机动车在高速公路上逆行的,驾驶机动车在高速公路上穿越中央分隔带掉头的,驾驶机动车在城市快速路上违法停车,驾驶载货汽车违反规定载客的,,,,,,驾驶机动车在城市快速路上违法停车的记9分；驾驶机动车在高速公路上逆行的记12分；驾驶机动车在高速公路上穿越中央分隔带掉头的记12分；驾驶载货汽车违反规定载客的记3分《道路交通安全违法行为记分管理办法》第九条：驾驶机动车在高速公路或者城市快速路上违法停车的，一次记9分
33732,33732,下列关于同一机动车所有人名下两辆机动车的号牌号码互换，以下说法正确的是什么？,2,1,4,4,"A:同一机动车在一年内可以多次互换变更机动车号牌号码, B:两辆机动车在不同辖区车辆管理所登记可以申请互换, C:两辆机动车使用性质为营运的可以申请互换, D:申请前两车无未处理的道路交通安全违法和交通事故记录",同一机动车在一年内可以多次互换变更机动车号牌号码,两辆机动车在不同辖区车辆管理所登记可以申请互换,两辆机动车使用性质为营运的可以申请互换,申请前两车无未处理的道路交通安全违法和交通事故记录,,,,,,同一车辆所有人名下的两辆车号牌互换，两辆车必须在同一辖区内的车管所登记、同一号牌种类、且使用性质必须为非营运以上3个条件必须同时满足申请号牌互换前需将车辆所有违法行为和交通事故处理完毕才可以申请互换，一年只能互换一次号牌《机动车登记规定》第二十条：同一机动车所有人名下机动车的号牌号码需要互换，符合以下情形的，可以向登记地车辆管理所申请变更登记：（一）两辆机动车在同一辖区车辆管理所登记；（二）两辆机动车属于同一号牌种类；（三）两辆机动车使用性质为非营运机动车所有人应当确认申请信息，提交机动车所有人身份证明、两辆机动车的登记证书、行驶证、号牌申请前，应当将两车的道路交通安全违法行为和交通事故处理完毕车辆管理所应当自受理之日起一日内，审查提交的证明、凭证，在机动车登记证书上签注变更事项，收回两车的号牌、行驶证，重新核发号牌、行驶证和检验合格标志同一机动车一年内可以互换变更一次机动车号牌号码
33733,33733,关于申请增加轻型牵引挂车准驾车型的要求，以下说法正确的是什么？,2,1,1,1,"A:取得小型汽车、小型自动挡汽车驾驶证一年以上, B:取得小型自动挡汽车驾驶证3年以上, C:本记分周期内和最近连续3个记分周期没有记满12分记录的, D:本记分周期和最近连续一个记分周期有计满12分记录的，已参加满分教育且考试通过",取得小型汽车、小型自动挡汽车驾驶证一年以上,取得小型自动挡汽车驾驶证3年以上,本记分周期内和最近连续3个记分周期没有记满12分记录的,本记分周期和最近连续一个记分周期有计满12分记录的，已参加满分教育且考试通过,,,,,,C1/C2增驾轻型牵引挂车，需取得1年以上的驾驶资格《机动车驾驶证申领和使用规定》第十七条：申请增加轻型牵引挂车准驾车型的，应取得驾驶小型汽车、小型自动挡汽车准驾车型资格一年以上
28102,28102,驾驶机动车在高速公路或者城市快速路上违法占用应急车道行驶的，一次记（）分。,2,1,2,2,"A:3, B:6, C:12, D:1",3,6,12,1,,,,,,《道路交通安全违法行为记分管理办法》第十条：驾驶机动车在高速公路或者城市快速路上违法占用应急车道行驶的，一次记6分。
33734,33734,下列交通违法行为，一次记9分的是什么？,2,1,4,4,"A:使用伪造、变造的机动车号牌或者使用其他机动车号牌的, B:驾驶校车载人超过核定载人数百分之二十以上的, C:代替实际机动车驾驶人接受违法行为处罚和记分谋取经济利益的, D:驾驶7座以上载客汽车载人超过核定载人数百分之五十以上未达到百分百的",使用伪造、变造的机动车号牌或者使用其他机动车号牌的,驾驶校车载人超过核定载人数百分之二十以上的,代替实际机动车驾驶人接受违法行为处罚和记分谋取经济利益的,驾驶7座以上载客汽车载人超过核定载人数百分之五十以上未达到百分百的,,,,,,驾驶7座以上载客汽车载人超过核定人数百分之五十以上未达到百分之百的记9分；驾驶校车载人超过核定人数百分之二十以上的记12分；代替实际机动车驾驶人接受交通违法行为处罚和记分牟取经济利益的记12分；使用伪造、变造的机动车号牌或者使用其他机动车号牌的记12分。《道路交通安全违法行为记分管理办法》规定：驾驶7座以上载客汽车载人超过核定人数百分之五十以上未达到百分之百的，一次记9分。
28104,28104,机动车驾驶人在一个记分周期内累积记分达到12分的，公安机关交通管理部门应当扣留其机动车驾驶证。,1,1,1,1,"A:正确, B:错误",正确,错误,,,,,,,,《道路交通安全违法行为记分管理办法》第十七条：机动车驾驶人在一个记分周期内累积记分满12分的，公安机关交通管理部门应当扣留其机动车驾驶证，开具强制措施凭证，并送达满分教育通知书，通知机动车驾驶人参加满分学习、考试。
33736,33736,小型载客汽车驾驶人在一个记分周期内累积记分满12分的，应当参加为期多少天的道路交通安全法律、法规和相关知识学习？,2,1,3,3,"A:3天, B:5天, C:7天, D:10天",3天,5天,7天,10天,,,,,,小型载客汽车驾驶人一个记分周期记满12分需要参加为期7天的满分学习并通过考试。大中型客货车、城市公交车、重型牵引挂车，满分学习应满30天。《道路交通安全违法行为记分管理办法》第十八条：机动车驾驶人在一个记分周期内累积记分满12分的，应当参加为期七天的道路交通安全法律、法规和相关知识学习。
33738,33738,C6车型代号对应的准驾车型是什么？,2,1,4,4,"A:重型牵引挂车, B:中型客车, C:小型自动车汽车, D:轻型牵引挂车",重型牵引挂车,中型客车,小型自动车汽车,轻型牵引挂车,,,,,,C6车型代号的准驾车型是轻型牵引挂车；重型牵引挂车是A2；中型客车是B1；小型自动挡汽车是C2
33739,33739,机动车驾驶人在一个记分周期内累积记满多少分的，公安机关交通管理部门将通知其参加满分学习、考试？,2,1,3,3,"A:6分, B:9分, C:12分, D:24分",6分,9分,12分,24分,,,,,,本题考点为记12分相关内容。《道路交通安全违法行为记分管理办法》第十七条：机动车驾驶人在一个记分周期内累积记分满12分的，公安机关交通管理部门应当扣留其机动车驾驶证，开具强制措施凭证，并送达满分教育通知书，通知机动车驾驶人参加满分学习、考试。
33740,33740,轻型牵引挂车对应的车型代号是什么？,2,1,4,4,"A:C1, B:C2, C:C5, D:C6",C1,C2,C5,C6,,,,,,C1车型代号的准驾车型是小型汽车；C2车型代号的准驾车型是小型自动挡汽车；C5车型代号的准驾车型是残疾人专用小型自动挡载客汽车；C6车型代号的准驾车型是轻型牵引挂车
33741,33741,年龄在70周岁以上的驾驶人应每（）提交一次身体条件证明。,2,1,2,2,"A:2年, B:1年, C:3年, D:6个月",2年,1年,3年,6个月,,,,,,年龄在70周岁以上的机动车驾驶人，应当每年进行一次身体检查，目的是检查是否患有妨碍安全驾驶的疾病《机动车驾驶证申领和使用规定》第七十四条：年龄在70周岁以上的机动车驾驶人，应当每年进行一次身体检查
24270,24270,机动车驾驶人由摩托车类准驾车型增加汽车类准驾车型后的多长时间为实习期？,2,1,2,2,"A:6个月, B:12个月, C:3个月, D:2年",6个月,12个月,3个月,2年,,,,,,机动车驾驶人初次取得汽车类准驾车型或者初次取得摩托车类准驾车型后的12个月为实习期，所以选择12个月。《机动车驾驶证申领和使用规定》第七十六条：机动车驾驶人初次取得汽车类准驾车型或者初次取得摩托车类准驾车型后的12个月为实习期。
33743,33743,使用伪造、变造的行驶证、驾驶证的，一次记几分？,2,1,4,4,"A:3分, B:6分, C:9分, D:12分",3分,6分,9分,12分,,,,,,本题考点为记12分相关内容。《道路交通安全违法行为记分管理办法》第八条：使用伪造、变造的机动车号牌、行驶证、驾驶证、校车标牌或者使用其他机动车号牌、行驶证的，一次记12分。
33745,33745,驾驶校车、公路客运汽车、旅游客运汽车载人超过核定人数多少以上的，一次记12分？,2,1,4,4,"A:百分之五, B:百分之十, C:百分之十五, D:百分之二十",百分之五,百分之十,百分之十五,百分之二十,,,,,,驾驶校车、公路客运汽车、旅游客运汽车载人超过核定人数百分之二十以上的，记12分。《道路交通安全违法行为记分管理办法》第八条：驾驶校车、公路客运汽车、旅游客运汽车载人超过核定人数百分之二十以上，一次记12分。
26066,26066,机动车驾驶人在一个记分周期内累积记分满24分未满36分的，应当在道路交通安全法律、法规和相关知识考试合格后，按规定预约参加场地驾驶技能考试。,1,1,2,2,"A:正确, B:错误",正确,错误,,,,,,,,机动车驾驶人在一个记分周期内二次累积记分满12分或累积记分满24分但未满36分的，应当在道路交通安全法律、法规和相关知识考试合格后，参加道路驾驶技能考试，题目中说的参加场地驾驶技能考试，所以选择错误《道路交通安全违法行为记分管理办法》规定：机动车驾驶人在一个记分周期内二次累积记分满12分或累积记分满24分但未满36分的，应当在道路交通安全法律、法规和相关知识考试合格后，参加道路驾驶技能考试题目中说的参加场地驾驶技能考试，所以本题是错误的
33747,33747,在最近几个记分周期内，机动车驾驶人饮酒后驾驶机动车受到过处罚的，不得通过接受交通安全教育扣减交通违法行为记分？,2,1,3,3,"A:1个, B:2个, C:3个, D:4个",1个,2个,3个,4个,,,,,,本题考点为记分减免相关内容。驾驶人饮酒驾车受过处罚的，在最近3个记分周期内不得通过接受交通安全教育扣减交通违法行为记分。《道路交通安全违法行为记分管理办法》第二十六条：机动车驾驶人申请接受交通安全教育扣减交通违法行为记分的，公安机关交通管理部门应当受理。但有以下情形之一的，不予受理：在最近三个记分周期内，机动车驾驶人因造成交通事故后逃逸，或者饮酒后驾驶机动车，或者使用伪造、变造的机动车号牌、行驶证、驾驶证、校车标牌，或者使用其他机动车号牌、行驶证，或者买分卖分受到过处罚的。
33748,33748,中型客车对应的驾驶证准驾车型代号是（）。,2,1,3,3,"A:A1, B:A2, C:B1, D:B2",A1,A2,B1,B2,,,,,,中型客车准驾车型代号是B1；大型货车准驾车型代号是B2；大型客车准驾车型代号是A1；重型牵引挂车准驾车型代号是A2
33749,33749,驾驶机动车在高速公路或者城市快速路上不按规定车道行驶的，一次记几分？,2,1,1,1,"A:3分, B:6分, C:9分, D:12分",3分,6分,9分,12分,,,,,,驾驶机动车在高速公路或者城市快速路上不按规定车道行驶的记3分。《道路交通安全违法行为记分管理办法》规定：驾驶机动车在高速公路或者城市快速路上不按规定车道行驶的，一次记3分。
27098,27098,申请小型汽车驾驶证的，年龄应在18周岁以上。,1,1,1,1,"A:正确, B:错误",正确,错误,,,,,,,,申请小型汽车驾驶证的，年龄应在18周岁以上，无年龄上限，所以选择正确。《机动车驾驶证申领和使用规定》第十四条：申请小型汽车、小型自动挡汽车、残疾人专用小型自动挡载客汽车、轻便摩托车准驾车型的，在18周岁以上。
27101,27101,驾驶人有下列哪种违法行为一次记9分？,2,1,2,2,"A:驾驶载货汽车超载50%以上的, B:驾驶机动车在城市快速路上违法停车, C:运载超限物品未按指定路线行驶的, D:驾驶证被暂扣期间驾驶机动车的",驾驶载货汽车超载50%以上的,驾驶机动车在城市快速路上违法停车,运载超限物品未按指定路线行驶的,驾驶证被暂扣期间驾驶机动车的,,,,,,驾驶机动车在高速公路或城市快速路上违法停车的，一次记9分；驾驶载货汽车超载50%以上的，一次记6分；驾驶证被暂扣期间驾驶机动车的，一次记6分驾驶机动车运载超限的不可解体的物品，未按指定的时间、路线、速度行驶的，一次记6分题中问记9分的，所以选择驾驶机动车在城市快速路上违法停车《道路交通安全违法行为记分管理办法》规定：驾驶机动车在高速公路或城市快速路上违法停车的，一次记9分
27103,27103,年龄在70周岁以上的机动车驾驶人审验时应当按照规定进行记忆力、判断力、反应力等能力测试。,1,1,1,1,"A:正确, B:错误",正确,错误,,,,,,,,年龄在70周岁以上的机动车驾驶人审验时应当按照规定进行记忆力、判断力、反应力等能力测试（三力测试），所以选择正确。《机动车驾驶证申领和使用规定》第七十三条：年龄在70周岁以上的机动车驾驶人审验时还应当按照规定进行记忆力、判断力、反应力等能力测试。
27108,27108,饮酒后驾驶机动车的一次记6分。,1,1,2,2,"A:正确, B:错误",正确,错误,,,,,,,,酒后驾车是很严重的违法行为，会被记12分。题中说6分，是错误的。《道路交通安全违法行为记分管理办法》第八条：饮酒后驾驶机动车的，一次记12分。
193764,193764,驾驶人在实习期内驾驶机动车上高速公路行驶，应由持相应或者更高准驾车型驾驶证一年以上的驾驶人陪同。,1,1,2,2,"A:正确, B:错误",正确,错误,,,,,,,,实习期在相应或包含准驾车型驾驶证3年以上的驾驶人陪同的情况下，可以驾车上高速行驶，题中说一年是错的。《机动车驾驶证申领和使用规定》：初次领证的驾驶人在12个月的实习期内驾驶机动车上高速公路行驶，必须有三年以上驾龄的司机陪同，否则将处以计分罚款，并由交警带离高速公路。
33510,33510,记分满12分的驾驶人拒不参加学习和考试的将被公告驾驶证停止使用。,1,1,1,1,"A:正确, B:错误",,,,,,,,,,一个记分周期记满12分，会收到满分教育通知。接到通知逾期不参加满分学习和考试，驾驶将被公告停止使用。《道路交通安全法实施条例》规定：机动车驾驶人记分满12分，拒不参加公安机关交通管理部门通知的学习和考试的，由公安机关交通管理部门告其机动车驾驶证停止使用。
27111,27111,机动车未按照规定期限进行安全技术检验的，由公安机关交通管理部门处警告或者二百元以下罚款。,1,1,1,1,"A:正确, B:错误",正确,错误,,,,,,,,《机动车登记规定》第七十八条：机动车未按照规定期限进行安全技术检验的，由公安机关交通管理部门处警告或者二百元以下罚款。
27112,27112,在道路上车辆发生故障、事故停车后，不按规定使用灯光或者设置警告标志的，一次记1分。,1,1,2,2,"A:正确, B:错误",正确,错误,,,,,,,,在道路上车辆发生故障、事故停车后，不按规定使用灯光或者设置警告标志的，记3分。题中说1分，是错误的。《道路交通安全违法行为记分管理办法》第十一条：在道路上车辆发生故障、事故停车后，不按规定使用灯光或者设置警告标志的，一次记3分。
27114,27114,驾驶机动车行经人行横道，不按规定减速、停车、避让行人的，一次记3分。,1,1,1,1,"A:正确, B:错误",正确,错误,,,,,,,,《道路交通安全违法行为记分管理办法》第十一条：驾驶机动车行经人行横道不按规定减速、停车、避让行人的，一次记3分。
225514,225514,小型汽车驾驶人发生交通事故造成人员死亡，承担同等以上责任未被吊销驾驶证的，不需要接受审验。,1,1,2,2,"A:正确, B:错误",正确,错误,,,,,,,,持有小型汽车驾驶证的驾驶人，发生交通事故造成人员死亡承担同等以上责任未被吊销机动车驾驶证的，应当在本记分周期结束后三十日内到公安机关交通管理部门接受审验《机动车驾驶证申领和使用规定》第七十二条：持有小型汽车驾驶证的驾驶人，发生交通事故造成人员死亡承担同等以上责任未被吊销机动车驾驶证的，应当在本记分周期结束后三十日内到公安机关交通管理部门接受审验
33515,33515,参加公安机关交通管理部门组织的道路交通安全法律、法规和相关知识网上学习三日内累计满三十分钟且考试合格的，一次扣减一分交通违法行为记分。,1,1,1,1,"A:正确, B:错误",,,,,,,,,,《道路交通安全违法行为记分管理办法》第二十七条：参加公安机关交通管理部门组织的道路交通安全法律、法规和相关知识网上学习三日内累计满三十分钟且考试合格的，一次扣减1分。
33519,33519,驾驶人可以通过“交管12123”APP或互联网交通安全综合服务管理平台申请电子版驾驶证。,1,1,1,1,"A:正确, B:错误",正确,错误,,,,,,,,机动车驾驶证电子版与纸质版具有同等效力《机动车驾驶证申领和使用规定》第六十一条：公安机关交通管理部门应当实行机动车驾驶证电子化，机动车驾驶人可以通过互联网交通安全综合服务管理平台申请机动车驾驶证电子版
27121,27121,下列交通违法行为，一次记9分的是什么？,2,1,2,2,"A:驾驶机动车不按交通信号灯指示通行的, B:驾驶故意遮挡、污损机动车号牌的机动车上道路行驶的, C:造成致人轻微伤或者财产损失的交通事故后逃逸，尚不构成犯罪的, D:机动车驾驶证被暂扣或者扣留期间驾驶机动车的",驾驶机动车不按交通信号灯指示通行的,驾驶故意遮挡、污损机动车号牌的机动车上道路行驶的,造成致人轻微伤或者财产损失的交通事故后逃逸，尚不构成犯罪的,机动车驾驶证被暂扣或者扣留期间驾驶机动车的,,,,,,驾驶故意遮挡、污损机动车号牌的机动车上道路行驶的，记9分。不按交通信号灯指示通行的，记6分。致轻微伤或财产损失逃逸尚不构成犯罪的，记6分。机动车驾驶证被暂扣或者扣留期间驾驶机动车的，记6分。《道路交通安全违法行为记分管理办法》规定：驾驶未悬挂机动车号牌或者故意遮挡、污损机动车号牌的机动车上道路行驶的，一次记9分。
225523,225523,在学习驾驶证明的有效期内，第5次科目二考试仍不合格的，已考试合格的其他科目成绩作废。,1,1,1,1,"A:正确, B:错误",正确,错误,,,,,,,,学习驾驶证明有效期内，科目二和科目三道路驾驶技能考试预约考试的次数分别不得超过五次第五次考试仍不合格的，已考试合格的其他科目成绩作废
27125,27125,驾驶机动车追逐竞驶、超员、超速、违反危险化学品安全管理规定运输危险化学品构成犯罪依法被吊销机动车驾驶证未满五年的，不得申请机动车驾驶证。,1,1,1,1,"A:正确, B:错误",正确,错误,,,,,,,,《机动车驾驶证申领和使用规定》：驾驶机动车追逐竞驶、超员、超速、违反危险化学品安全管理规定运输危险化学品构成犯罪依法被吊销机动车驾驶证未满五年的，不得申请机动车驾驶证。
246,246,初次申领驾驶证的有效期为（）年。,2,1,3,3,"A:3, B:5, C:6, D:12",3,5,6,12,,,,,,初次申请驾驶证的有效期为6年，每个周期内均未达到12分的，可换发10年有效期驾驶证，最后换发长期有效的驾驶证题中问初次申领，所以选择6年《中华人民共和国道路交通安全法实施条例》第二十二条：机动车驾驶证的有效期为6年，本条例另有规定的除外
33526,33526,驾驶校车、中型以上载客载货汽车，危险物品运输车辆以外的机动车在高速公路、城市快速路以外的道路上行驶超过规定时速百分之六十的，一次记6分。,1,1,1,1,"A:正确, B:错误",正确,错误,,,,,,,,注意题干中有2个以外。《道路交通安全违法行为记分管理办法》规定：驾驶校车、中型以上载客载货汽车、危险物品运输车辆以外的机动车在高速公路、城市快速路以外的道路上行驶超过规定时速百分之五十以上的，一次记6分。
247,247,准驾车型为小型汽车的，可以驾驶下列哪种车辆？,2,1,1,1,"A:低速载货汽车, B:中型客车, C:三轮摩托车, D:轮式自行机械车",低速载货汽车,中型客车,三轮摩托车,轮式自行机械车,,,,,,准驾车型为小型汽车（C1）的，可以驾驶小型自动挡汽车（C2）、低速载货汽车（C3）、三轮汽车（C4），所以选择低速载货汽车。
248,248,准驾车型为小型自动挡汽车的，可以驾驶以下哪种车型？,2,1,4,4,"A:低速载货汽车, B:小型汽车, C:二轮摩托车, D:轻型自动挡载货汽车",低速载货汽车,小型汽车,二轮摩托车,轻型自动挡载货汽车,,,,,,准驾车型为小型自动挡汽车（C2）的，可以驾驶小型、微型自动挡载客汽车以及轻型、微型自动挡载货汽车，所以选择轻型自动载货汽车。
249,249,驾驶人在机动车驾驶证的6年有效期内，每个记分周期均未达到12分的，换发10年有效期的机动车驾驶证。,1,1,1,1,"A:正确, B:错误",,,,,,,,,,初次申请驾驶证的有效期为6年，每个周期内均未达到12分的，可换发10年有效期驾驶证，所以选择正确。《中华人民共和国道路交通安全法实施条例》第二十六条：机动车驾驶人在机动车驾驶证的6年有效期内，每个记分周期均未达到12分的，换发10年有效期的机动车驾驶证；在机动车驾驶证的10年有效期内，每个记分周期均未达到12分的，换发长期有效的机动车驾驶证。
250,250,机动车驾驶证有效期分为6年、10年、20年。,1,1,2,2,"A:正确, B:错误",,,,,,,,,,机动车驾驶证有效期分为六年、十年和长期，而不是20年，所以选择错误。《机动车驾驶证申领和使用规定》第十三：机动车驾驶证有效期分为六年、十年和长期。
7674,7674,年龄在70周岁以上，在一个记分周期结束后一年内未提交身体条件证明的，其机动车驾驶证将会被车辆管理所注销。,1,1,1,1,"A:正确, B:错误",,,,,,,,,,年龄在70周岁以上，在一个记分周期结束后一年内未提交身体条件证明的，车辆管理所应当注销其机动车驾驶证，所以选择正确。《机动车驾驶证申领和使用规定》第七十九条：年龄在70周岁以上，在一个记分周期结束后一年内未提交身体条件证明的，车辆管理所应当注销其机动车驾驶证。
251,251,准驾车型为小型汽车的，可以驾驶小型自动挡载客汽车。,1,1,1,1,"A:正确, B:错误",,,,,,,,,,准驾车型为小型汽车（C1）的，可以驾驶小型自动挡汽车（C2）、低速载货汽车（C3）、三轮汽车（C4），所以选择正确。
33531,33531,代替实际机动车驾驶人接受交通违法行为处罚和记分牟取经济利益的，一次记12分。,1,1,1,1,"A:正确, B:错误",正确,错误,,,,,,,,《道路交通安全违法行为记分管理办法》第八条：代替实际机动车驾驶人接受交通违法行为处罚和记分牟取经济利益的，一次记12分。
252,252,准驾车型为小型自动挡汽车的，可以驾驶低速载货汽车。,1,1,2,2,"A:正确, B:错误",,,,,,,,,,准驾车型为小型自动挡汽车（C2）的，可以驾驶小型、微型自动挡载客汽车以及轻型、微型自动挡载货汽车，不包括低速载货汽车，所以选择错误。
7676,7676,持有小型汽车驾驶证的驾驶人，发生交通事故造成人员死亡承担同等以上责任未被吊销机动车驾驶证的，应当在本记分周期结束后三十日内到公安机关交通管理部门接受审验，同时应当申报身体条件情况。,1,1,1,1,"A:正确, B:错误",,,,,,,,,,持有大型客车、重型牵引挂车、城市公交车、中型客车、大型货车以外（小型汽车包含在这个范围内）准驾车型驾驶证的驾驶人，发生交通事故造成人员死亡承担同等以上责任未被吊销机动车驾驶证的，应当在本记分周期结束后三十日内到公安机关交通管理部门接受审验，同时应当申报身体条件情况，所以选择正确。《机动车驾驶证申领和使用规定》第七十二条：持有第三款规定以外准驾车型驾驶证的驾驶人，发生交通事故造成人员死亡承担同等以上责任未被吊销机动车驾驶证的，应当在本记分周期结束后三十日内到公安机关交通管理部门接受审验。第三款准驾车型包括：大型客车、重型牵引挂车、城市公交车、中型客车、大型货车。
253,253,初次申领的机动车驾驶证的有效期为6年。,1,1,1,1,"A:正确, B:错误",,,,,,,,,,初次申领的驾驶证有效期为6年，所以选择正确。《机动车驾驶证申领和使用规定》第十三：机动车驾驶证有效期分为六年、十年和长期。
254,254,初次申领的机动车驾驶证的有效期为3年。,1,1,2,2,"A:正确, B:错误",,,,,,,,,,初次申领的驾驶证有效期为6年，而不是3年，所以选择错误《机动车驾驶证申领和使用规定》第十三条：机动车驾驶证有效期分为六年、十年和长期
255,255,初次申领机动车驾驶证的，可以申请下列哪种准驾车型？,2,1,3,3,"A:中型客车, B:大型客车, C:普通三轮摩托车, D:重型牵引挂车",中型客车,大型客车,普通三轮摩托车,重型牵引挂车,,,,,,初次驾驶证的，可以申请普通三轮摩托车；中型客车、大型客车和牵引车是已持有机动车驾驶证后，申请增加的准驾车型题中问初次申领，所以选择普通三轮摩托车《机动车驾驶证申领和使用规定》第十六条：初次申领机动车驾驶证的，可以申请准驾车型为城市公交车、大型货车、小型汽车、小型自动挡汽车、低速载货汽车、三轮汽车、残疾人专用小型自动挡载客汽车、普通三轮摩托车、普通二轮摩托车、轻便摩托车、轮式专用机械车、无轨电车、有轨电车的机动车驾驶证
2560,2560,专用车道规定的专用使用时间之外，其他车辆可以进入专用车道行驶。,1,2,1,1,"A:正确, B:错误",正确,错误,,,,,,,,本题考点为专用车道。专用车道，在规定时间内只准许规定的车辆通行，其他车辆不得进入专用车道内行驶。在规定时间之外，其他车辆可以进入行驶。《道路交通安全法》第三十七条：道路划设专用车道的，在专用车道内，只准许规定的车辆通行，其他车辆不得进入专用车道内行驶。
225536,225536,雾天驾车时，如何使用灯光？,2,2,4,4,"A:使用右转向灯, B:使用远光灯, C:不使用灯光, D:使用雾灯和危险报警闪光灯",使用右转向灯,使用远光灯,不使用灯光,使用雾灯和危险报警闪光灯,,,,https://wos.58cdn.com.cn/XyVuTsRqXyf/question/225536-1760949918055.jpg,,雾天应开启雾灯和危险报警闪光灯《道路交通安全法实施条例》第五十八条：机动车雾天行驶应当开启雾灯和危险报警闪光灯
513,513,指路标志的作用是什么？,2,2,3,3,"A:限制车辆通行, B:提示限速信息, C:提供方向信息, D:警告前方危险",限制车辆通行,提示限速信息,提供方向信息,警告前方危险,,,,,,指路表示道路信息的指引，为驾驶人提供去往目的地所经过的道路、沿途相关城镇、重要公共设施、服务设施、地点、距离和行车方向等信息。指路标志不应指引私人专属或商用目的地信息。所以选择提供方向信息。
2561,2561,如图所示，机动车在这种道路上行驶，在道路中间通行的原因是什么?,2,2,3,3,"A:在道路中间通行速度快, B:在道路中间通行视线好, C:给两侧的非机动车和行人留有充足的通行空间, D:防止车辆冲出路外",在道路中间通行速度快,在道路中间通行视线好,给两侧的非机动车和行人留有充足的通行空间,防止车辆冲出路外,,,,https://wos.58cdn.com.cn/XyVuTsRqXyf/question/2561-1693899401892.jpg,,本题考点为通行规则。图中是没有中心线的道路，并且有行人和非机动车通行。根据通行规则，机动车要在道路中间通行，是为了给两侧的非机动车和行人留出充足的通行空间。
225537,225537,图中路段可以掉头。,1,2,1,1,"A:正确, B:错误",正确,错误,,,,,,https://wos.58cdn.com.cn/XyVuTsRqXyf/question/225537-1760949955744.jpg,,图中路面中心线是黄虚线，虚线可以跨越掉头所以本题选正确《道路交通安全法实施条例》第四十九条：机动车在没有禁止掉头或者没有禁止左转弯标志、标线的地点可以掉头，但不得妨碍正常行驶的其他车辆和行人的通行
225538,225538,图中路段禁止鸣喇叭。,1,2,1,1,"A:正确, B:错误",正确,错误,,,,,,https://wos.58cdn.com.cn/XyVuTsRqXyf/question/225538-1760950072444.jpg,,图中右侧标志是禁止鸣喇叭，题中说禁止鸣喇叭，选正确《道路交通安全法实施条例》第六十二条：驾驶机动车不得有在禁止鸣喇叭的区域或者路段鸣喇叭的行为
33538,33538,驾驶机动车不得有拨打接听手持电话、观看电视等妨碍安全驾驶的行为。,1,2,1,1,"A:正确, B:错误",正确,错误,,,,,,,,在行车中一边开车边接打电话、观看视频的行为会分散驾驶人的注意力，这个行为非常危险。所以本题选正确。《道路交通安全法实施条例》第六十二条：驾驶机动车不得有拨打接听手持电话、观看电视等妨碍安全驾驶的行为。
515,515,这个标志是何含义？,2,2,2,2,"A:地点和距离预告, B:十字交叉路口预告, C:分道信息预告, D:道路分岔处预告",地点和距离预告,十字交叉路口预告,分道信息预告,道路分岔处预告,,,,https://wos.58cdn.com.cn/XyVuTsRqXyf/question/515-1693897577103.jpg,,图中标志为方形蓝色底，有白色十字，并标注各方向的路名与距离信息，是指路标志中的十字交叉路口预告。白色十字代表十字路口，该标志用以预告前方十字交叉路口形式、交叉道路的编号或名称、通往方向、路线方向等信息。
771,771,进入交叉路口前，应降低车速、注意观察。,1,2,1,1,"A:正确, B:错误",,,,,,,,,,本题考点为交叉路口交叉路口路况复杂，突发情况多，驾驶机动车通过时，要降低车速，注意观察，确认安全，所以选择正确
7683,7683,闪光警告信号灯为持续闪烁的黄灯，其作用是提示车辆、行人需要快速通过。,1,2,2,2,"A:正确, B:错误",,,,,,,,,,黄色闪光警告信号灯亮起，驾驶人要停车注意瞭望，在确认安全后通过。题中说快速通过，所以本题选错误。《道路交通安全法实施条例》第四十二条：闪光警告信号灯为持续闪烁的黄灯，提示车辆、行人通行时注意瞭望，确认安全后通过。
33539,33539,驾驶机动车在高速公路减速车道上行驶，以下做法正确的是什么？,2,2,2,2,"A:掉头, B:减速, C:停车, D:超车",掉头,减速,停车,超车,,,,,,机动车在高速公路减速车道上行驶不可以超车、停车、掉头。所以本题选减速。《道路交通安全法实施条例》第七十九条：机动车驶离高速公路时，应当开启右转向灯，驶入减速车道，降低车速后驶离。
33795,33795,如图所示，该道路最左侧车道准许车辆直行或左转。,1,2,1,1,"A:正确, B:错误",正确,错误,,,,,,https://wos.58cdn.com.cn/XyVuTsRqXyf/question/33795-1726737927478.jpg,,题中问的是最左侧车道，图中最左侧车道地面标记是直行和左转箭头，所以最左侧车道准许车辆直行或左转。所以本题选正确。
516,516,这个标志是何含义？,2,2,3,3,"A:Y型交叉路口预告, B:十字交叉路口预告, C:丁字交叉路口预告, D:道路分叉处预告",Y型交叉路口预告,十字交叉路口预告,丁字交叉路口预告,道路分叉处预告,,,,https://wos.58cdn.com.cn/XyVuTsRqXyf/question/516-1693897578967.jpg,,图中标志为方形蓝色底，有白色丁字，并标注各方向的路名信息，是指路标志中的丁字交叉路口预告。白色丁字代表丁字路口，该标志用以预告前方丁字交叉路口形式、编号、名称或交叉道路的名称、通往方向信息、地理方向信息以及距前方交叉路口的距离。
772,772,车辆通过铁道路口前，换入低速挡，避免中途换挡导致发动机熄火。,1,2,1,1,"A:正确, B:错误",,,,,,,,,,本题考点为铁路道口。铁路道口的道路一般都比较颠簸，要用低速挡安全通过，中途不得换挡。如果中途换挡发生熄火，一旦火车驶来，后果不堪设想。所以本题选择正确。
2564,2564,驾驶机动车在没有道路中心线的道路上行驶，应该在道路的左侧通行。,1,2,2,2,"A:正确, B:错误",正确,错误,,,,,,,,本题考点为通行规则。在没有中心线的道路上行驶，机动车应在道路中间通行。题中说在道路的左侧通行，所以选择错误。《道路交通安全法》第三十六条：没有划分机动车道、非机动车道和人行道的，机动车在道路中间通行，非机动车和行人在道路两侧通行。
7684,7684,因避让特种车辆而发生违法行为，被电子警察拍到时，可向交管部门复议。,1,2,1,1,"A:正确, B:错误",,,,,,,,,,因避让特种车辆而发生违法行为被拍到，可以申请复议，消除违法行为信息。所以本题选正确。《道路交通安全违法行为处理程序规定》第二十二条：交通技术监控设备记录或者录入道路交通违法信息管理系统的违法行为信息，有下列情形之一并经核实的，违法行为发生地或者机动车登记地公安机关交通管理部门应当自核实之日起三日内予以消除：警车、消防救援车辆、救护车、工程救险车执行紧急任务期间交通技术监控设备记录的违法行为。
28932,28932,如图所示，驾驶过程中遇到这种情况时，A车不可以长鸣喇叭提醒道路养护车辆暂停喷水。,1,2,1,1,"A:正确, B:错误",正确,错误,,,,,,https://wos.58cdn.com.cn/XyVuTsRqXyf/question/28932-1715068187082.jpg,,图中A车前方是道路养护车辆，不可以长鸣喇叭进行提醒，应注意避让。所以本题选正确。《道路交通安全法》第五十四条，规定：道路养护车辆、工程作业车进行作业时，在不影响过往车辆通行的前提下，其行驶路线和方向不受交通标志、标线限制，过往车辆和人员应当注意避让。
33796,33796,驾驶机动车在高速公路上行驶，车速低于每小时100公里时，与同车道前车距离可以适当缩短，但是最小距离不得少于多少米？,2,2,2,2,"A:80, B:50, C:60, D:70",80,50,60,70,,,,,,本题考点为高速公路上跟车距离的要求。当车速低于每小时100公里时，与同车道前车保持50米及以上的跟车距离。所以本题选择50。《道路交通安全法实施条例》第八十条：机动车在高速公路上行驶，车速超过每小时100公里时，应当与同车道前车保持100米以上的距离，车速低于每小时100公里时，与同车道前车距离可以适当缩短，但最小距离不得少于50米。
773,773,行车中，发现行人突然横过道路时，应迅速减速避让。,1,2,1,1,"A:正确, B:错误",,,,,,,,,,本题考点为礼让行人。机动车遇行人横过道路，应当减速避让，甚至在确保安全的情况下停车让行。《道路交通安全法》第四十七条：机动车遇行人横过道路，应当避让。
2565,2565,如图所示，在这种情况下驶近路口，车辆可以怎么行驶?,2,2,2,2,"A:只能直行, B:左转或者直行, C:左转或右转, D:直行或右转",只能直行,左转或者直行,左转或右转,直行或右转,,,,https://wos.58cdn.com.cn/XyVuTsRqXyf/question/2565-1693899409400.jpg,,本题考点为交通标线。图中机动车所在车道路面标线指示该车只准左转或者直行。GB5768.3-2009《道路交通标志和标线第3部分：道路交通标线》4.15导向箭头：导向箭头用以指示车辆的行驶方向，在行驶方向受限制的交叉入口车道内，车道数减少路段的缩减车道内，设有专用车道的交叉口或路段，畸形、复杂的交叉口，渠化后的车道内应设置导向箭头。
7685,7685,如图所示，驾驶机动车遇到这种情况时，A车应当注意避让。,1,2,1,1,"A:正确, B:错误",,,,,,,,https://wos.58cdn.com.cn/XyVuTsRqXyf/question/7685-1715068042721.jpg,,图中A车前方是道路养护车辆，应注意避让。所以本题选正确。《道路交通安全法》第五十四条：道路养护车辆、工程作业车进行作业时，在不影响过往车辆通行的前提下，其行驶路线和方向不受交通标志、标线限制，过往车辆和人员应当注意避让。
225541,225541,如图所示，图中停放车辆的违法行为是（）。,2,2,3,3,"A:在公交车站停车, B:在人行横道停车, C:在禁停路段停车, D:在非机动车道停车",在公交车站停车,在人行横道停车,在禁停路段停车,在非机动车道停车,,,,https://wos.58cdn.com.cn/XyVuTsRqXyf/question/225541-1760950179388.jpg,,图中道路右侧是黄实线，是禁止停车标线，表示此处禁止停车所以车辆的违法行为是：在禁停路段停车
33797,33797,如图所示，在这条城市道路上行驶的最高速度不能超过多少？,2,2,3,3,"A:30公里/小时, B:70公里/小时, C:50公里/小时, D:40公里/小时",30公里/小时,70公里/小时,50公里/小时,40公里/小时,,,,https://wos.58cdn.com.cn/XyVuTsRqXyf/question/33797-1693901942966.jpg,,在没有中心线的道路，城市道路限速30，公路限速40；有中心线的道路上，城市道路限速50，公路限速70。所以本题选50公里/小时。《道路交通安全法实施条例》第四十五条：同方向只有1条机动车道的道路，城市道路为每小时50公里，公路为每小时70公里。
518,518,这个标志是何含义？,2,2,1,1,"A:环形交叉路口预告, B:十字交叉路口预告, C:互通立体交叉预告, D:Y型交叉路口预告",环形交叉路口预告,十字交叉路口预告,互通立体交叉预告,Y型交叉路口预告,,,,https://wos.58cdn.com.cn/XyVuTsRqXyf/question/518-1693897581484.jpg,,图中标志为方形蓝色底，白色环形有伸向四个方向的分支，并标注各分支方向的路名信息，是指路标志中的环形交叉路口预告标志。白色环形及分支代表环形交叉路口，该标志用以预告前方环形交叉路口形式、编号、名称或交叉道路的名称、通往方向信息、地理方向信息以及距前方交叉路口的距离。
774,774,当行人出现交通安全违法行为时，车辆可以不给行人让行。,1,2,2,2,"A:正确, B:错误",,,,,,,,,,本题考点为礼让行人。在任何情况下，出于安全考虑，机动车都要礼让行人。题中说可以不给行人让行，所以选择错误。《道路交通安全法》第四十七条：机动车遇行人横过道路，应当避让。
2566,2566,通过前方路口时，以下做法正确的是（）。,2,2,2,2,"A:靠左侧行驶, B:减速或停车避让行人, C:加速通过, D:赶在行人前通过",靠左侧行驶,减速或停车避让行人,加速通过,赶在行人前通过,,,,https://wos.58cdn.com.cn/XyVuTsRqXyf/question/2566-1693899412111.jpg,,本题考点为避让行人图中前方有行人正在通过路口，驾驶人应减速或停车避让行人《道路交通安全法》第四十七条：机动车行经没有交通信号的道路时，遇行人横过道路，应当避让
7686,7686,如图所示，驾驶过程中遇到这种情况时，A车可以长鸣喇叭提醒道路养护车辆暂停喷水。,1,2,2,2,"A:正确, B:错误",,,,,,,,https://wos.58cdn.com.cn/XyVuTsRqXyf/question/7686-1715068006756.jpg,,图中A车前方是道路养护车辆，应注意避让。题中说鸣喇叭提醒暂停喷水是错误的。《道路交通安全法》第五十四条：道路养护车辆、工程作业车进行作业时，在不影响过往车辆通行的前提下，其行驶路线和方向不受交通标志、标线限制，过往车辆和人员应当注意避让。
27142,27142,图中车辆从匝道驶入高速公路时，以下做法正确的是（）。,2,2,1,1,"A:提前开启左转向灯, B:匝道内停车观察, C:直接驶入内侧车道, D:交替使用远近光灯",提前开启左转向灯,匝道内停车观察,直接驶入内侧车道,交替使用远近光灯,,,,https://wos.58cdn.com.cn/XyVuTsRqXyf/question/27142-1693901490624.jpg,,驾驶机动从匝道驶入高速时应当提前开启左转向灯，驶离高速时开启右转向灯题中说的是驶入，所以本题选提前开启左转向灯《道路交通安全法实施条例》第七十九条：机动车从匝道驶入高速公路，应当开启左转向灯，在不妨碍已在高速公路内的机动车正常行驶的情况下驶入车道
225542,225542,如图所示，图中框内车辆可以在此处停放。,1,2,2,2,"A:正确, B:错误",正确,错误,,,,,,https://wos.58cdn.com.cn/XyVuTsRqXyf/question/225542-1760950222799.jpg,,图中轿车在加油站前不足30米处停车，是错误的口五站三，口五是交叉路口、铁路道口等路口50米以内不得停车，站三是公交站、加油站等站点30米以内不得停车《道路交通安全法实施条例》规定：加油站门前以及距离加油站30米以内的路段，不得停车
33542,33542,如图所示，这种情形下，A车可以继续通行。,1,2,1,1,"A:正确, B:错误",,,,,,,,https://wos.58cdn.com.cn/XyVuTsRqXyf/question/33542-1693901909979.jpg,,图中前方路口是黄灯，A车前轮已经越过停止线，可以继续通行。红灯则不能通行。所以本题选正确。驾驶机动车在黄色信号灯亮的路口，已越过停止线的车辆可以继续通行；没有越过停止线的车辆不得加速抢行通过，要在停止线以外停车等待。
775,775,车辆在交叉路口绿灯亮后，遇非机动车抢道行驶时，可以不让行。,1,2,2,2,"A:正确, B:错误",,,,,,,,,,本题考点为礼让非机动车。交叉路口绿灯亮后，遇到非机动车抢道要减速让行。出于安全考虑，任何情况下，机动车都要礼让行人、非机动车，不可与其抢行，安全行车最重要。题中说可以不让行，所以选择错误。
2567,2567,遇到前方车辆停车排队或者缓慢行驶时，强行穿插，以下说法正确的是什么?,2,2,3,3,"A:允许，因为可以省油, B:允许，因为可以快速的通过拥堵区, C:禁止，因为这样扰乱车流，加重拥堵, D:禁止，因为这样不利于省油",允许，因为可以省油,允许，因为可以快速的通过拥堵区,禁止，因为这样扰乱车流，加重拥堵,禁止，因为这样不利于省油,,,,,,本题考点为缓慢行驶。前方车辆停车排队或者缓慢行驶时，禁止强行穿插，因为这样会扰乱交通，加重交通堵塞，且容易发生事故。
7687,7687,车辆在高速公路发生故障后，处置错误的是（）。,2,2,2,2,"A:在来车方向150米外设置安全警告标志, B:车内乘员应下车辅助排除故障, C:打开危险报警闪光灯，夜间还应开启示廓灯、后位灯, D:车内人员转移至安全位置",在来车方向150米外设置安全警告标志,车内乘员应下车辅助排除故障,打开危险报警闪光灯，夜间还应开启示廓灯、后位灯,车内人员转移至安全位置,,,,,,机动车高速公路上发生故障的，车上人员应转移到栏外安全位置等待救援题中问错误的，所以本题选车内乘员应下车辅助排除故障《道路交通安全法》第六十八条：机动车在高速公路上发生故障时，应当依照本法第五十二条的有关规定办理；但是，警告标志应当设置在故障车来车方向一百五十米以外，车上人员应当迅速转移到右侧路肩上或者应急车道内，并且迅速报警
33799,33799,如图所示，驾驶机动车遇到这种情形时，应注意哪些潜在危险？①B车可能借道超车②右侧行人可能穿越马路③出口可能有车辆驶出,2,2,4,4,"A:①②, B:①③, C:②③, D:①②③",①②,①③,②③,①②③,,,,https://wos.58cdn.com.cn/XyVuTsRqXyf/question/33799-1693901945977.jpg,,雨天行车中遇复杂路况时，应注意周围情况，提前预防图中B车可能借道超车，因为对向有来车，B车可能为了抢先行驶而借道超车，这会带来碰撞危险右侧行人可能穿越马路，行人的行为具有不确定性，可能会突然横穿马路出口可能有车辆驶出，这个出口处随时可能有车辆开出来，驾驶人如果没有注意到，就容易发生碰撞事故所以本题选①②③
520,520,这个标志是何含义？,2,2,1,1,"A:国道编号, B:省道编号, C:县道编号, D:乡道编号",国道编号,省道编号,县道编号,乡道编号,,,,https://wos.58cdn.com.cn/XyVuTsRqXyf/question/520-1716189800383.jpg,,图中标志为方形红色底，有白色大写字母G及数字编号，是国道编号标志。注意区分省道标志黄底黑字S开头，县道标志X开头，乡道标志白底黑字Y开头。
776,776,掉头过程中，应严格控制车速，仔细观察道路前后方情况，确认安全后方可前进或倒车。,1,2,1,1,"A:正确, B:错误",,,,,,,,,,本题考点为掉头掉头过程中，应缓慢行驶，注意观察车辆周边交通情况，确认安全后方可前进或倒车倒车是因为在有些窄路掉头时，不一定能一次完成掉头操作，需要倒车一次再完成掉头
7688,7688,驾驶机动车发生故障或事故不能正常行驶时，应立即打开危险报警闪光灯。,1,2,1,1,"A:正确, B:错误",,,,,,,,,,机动车发生故障不能正常行驶时，应开启危险报警闪光灯。所以本题选正确。《道路交通安全法实施条例》第六十条：机动车在道路上发生故障或者发生交通事故，妨碍交通又难以移动的，应当按照规定开启危险报警闪光灯并在车后50米至100米处设置警告标志，夜间还应当同时开启示廓灯和后位灯。
225544,225544,如图所示，驾驶过程中遇到这种情况时，A车不可以长鸣喇叭提醒道路养护车辆暂停喷水。,1,2,1,1,"A:正确, B:错误",正确,错误,,,,,,https://wos.58cdn.com.cn/XyVuTsRqXyf/question/225544-1760950257489.jpg,,图中A车前方是道路养护车辆，应注意避让所以本题选正确《道路交通安全法》第五十四条，规定：道路养护车辆、工程作业车进行作业时，在不影响过往车辆通行的前提下，其行驶路线和方向不受交通标志、标线限制，过往车辆和人员应当注意避让
521,521,这个标志是何含义？,2,2,2,2,"A:国道编号, B:省道编号, C:县道编号, D:乡道编号",国道编号,省道编号,县道编号,乡道编号,,,,https://wos.58cdn.com.cn/XyVuTsRqXyf/question/521-1716189833303.jpg,,图中标志为方形黄色底，有黑色大写字母S及数字编号，是省道编号标志。注意区分国道标志红底白字G开头，县道标志X开头，乡道标志白底黑字Y开头。
777,777,行车中遇残疾人影响通行时，应主动减速礼让。,1,2,1,1,"A:正确, B:错误",,,,,,,,,,本题考点为礼让残疾人。残疾人行动不便，行车中遇到残疾人要主动减速让行，必要时停车让行，所以选择正确。
2569,2569,如图所示，当A车后方有执行任务的救护车驶来时，以下做法正确的是什么?,2,2,3,3,"A:立即停车让路, B:向左转弯让路, C:靠右减速让路, D:不必理会，继续行驶",立即停车让路,向左转弯让路,靠右减速让路,不必理会，继续行驶,,,,https://wos.58cdn.com.cn/XyVuTsRqXyf/question/2569-1693899415584.jpg,,本题考点为避让特种车辆。图中A车后方有执行任务的救护车驶来，A车应当及时减速靠右避让。《道路交通安全法》第五十三条：警车、消防车、救护车、工程救险车执行紧急任务时，可以使用警报器、标志灯具；在确保安全的前提下，不受行驶路线、行驶方向、行驶速度和信号灯的限制，其他车辆和行人应当让行。
28937,28937,冬季雪天驾驶机动车驶出地下车库时，应适当增加与前车的安全距离，以免前车因路面湿滑溜车造成事故。,1,2,1,1,"A:正确, B:错误",正确,错误,,,,,,,,冬季雪天路滑，应适当增加与前车的安全距离。所以本题选正确。雪天跟车要与前车保持较大的安全距离，以免前车因路面湿滑溜车造成事故。
225545,225545,进入图中弯道时，最高车速是（）。,2,2,2,2,"A:40km/h, B:30km/h, C:70km/h, D:50km/h",40km/h,30km/h,70km/h,50km/h,,,,https://wos.58cdn.com.cn/XyVuTsRqXyf/question/225545-1760950288183.jpg,,本题考点为特殊路段限速规定相关内容图中是向左急转弯路段，最高时速为30公里/小时窄路、窄桥等特殊路段限速30km/h《道路交通安全法实施条例》第四十六条：机动车掉头、转弯、下陡坡时，最高行驶速度不得超过每小时30公里
522,522,这个标志是何含义？,2,2,3,3,"A:国道编号, B:省道编号, C:县道编号, D:乡道编号",国道编号,省道编号,县道编号,乡道编号,,,,https://wos.58cdn.com.cn/XyVuTsRqXyf/question/522-1716189868133.jpg,,图中标志为方形白色底，有黑色大写字母X及数字编号，是县道编号标志。注意区分国道标志红底白字G开头，省道标志黄底黑字S开头，乡道标志白底黑字Y开头。
2570,2570,通过有这个标志的交叉路口可不减速。,1,2,2,2,"A:正确, B:错误",正确,错误,,,,,,https://wos.58cdn.com.cn/XyVuTsRqXyf/question/2570-1693899419260.jpg,,图中右侧标志为倒三角形并写有“让”字，是减速让行标志，前方是人行横道，有行人通过，应当要减速让行题中说可不减速，所以选择错误
27146,27146,驾驶机动车不妨碍其他车辆正常行驶时，可连续变更两条车道。,1,2,2,2,"A:正确, B:错误",正确,错误,,,,,,,,变更车道每次只能变更一条车道，不可连续变更或连续变更两条车道。所以本题选错误。变更车道时，连续变更两条及以上机动车道会严重影响交通，容易发生交通事故。
28938,28938,驾驶机动车在高速公路上行驶，发生故障必须停车检查时，可以在什么地方停车?,2,2,1,1,"A:应急车道内, B:出口匝道上, C:最左侧车道, D:进口匝道上",应急车道内,出口匝道上,最左侧车道,进口匝道上,,,,,,在高速公路上遇到故障必须停车，应当停在应急车道内；出口匝道、最左侧车道、进口匝道这些位置都非常危险。《道路交通安全法实施条例》规定，高速路最右的道路就是紧急停车道，也就是应急车道。应急车道就是专门在车子发生故障或事故时停靠的。
225546,225546,掉头时，可提前开启右转向灯。,1,2,2,2,"A:正确, B:错误",正确,错误,,,,,,,,本题考点为掉头相关内容《道路交通安全法实施条例》规定：机动车在道路上掉头时，应当提前开启左转向灯
33802,33802,如图所示，驾驶机动车行驶到这个位置时，如果车前轮已越过停止线不得继续通过。,1,2,1,1,"A:正确, B:错误",正确,错误,,,,,,https://wos.58cdn.com.cn/XyVuTsRqXyf/question/33802-1693901951102.jpg,,图中信号灯是红灯，红灯禁止通行。即便车前轮已越过停止线，也必须停车等待。所以本题选正确。《道路交通安全法》第二十六条：红灯表示禁止通行。遇到有红灯的路口，应停车等待。
523,523,这个标志是何含义？,2,2,4,4,"A:国道编号, B:省道编号, C:县道编号, D:乡道编号",国道编号,省道编号,县道编号,乡道编号,,,,https://wos.58cdn.com.cn/XyVuTsRqXyf/question/523-1716189903468.jpg,,图中标志为方形白色底，有黑色大写字母Y及数字编号，是乡道编号标志国道标志红底白字G开头，省道标志黄底黑字S开头，县道标志X开头
779,779,行车中前方遇自行车影响通行时，可鸣喇叭提示，加速绕行。,1,2,2,2,"A:正确, B:错误",,,,,,,,,,本题考点为非机动车影响通行。行车中前方遇到自行车影响通行，可以适当鸣喇叭提醒，并减速慢行，不得加速绕行，所以选择错误。
2571,2571,如图所示，通过有这个标志的路口时应该减速让行。,1,2,2,2,"A:正确, B:错误",正确,错误,,,,,,https://wos.58cdn.com.cn/XyVuTsRqXyf/question/2571-1693899421837.jpg,,图中右侧标志为红色多边形并写有“停”字，是停车让行标志。前方是人行横道，有行人通行，必须在停止线以外停车瞭望，确认安全后，才准许通行。是停车瞭望，而不是减速慢行。
524,524,这个标志是何含义？,2,2,1,1,"A:地点距离, B:行驶路线, C:行驶方向, D:终点地名",地点距离,行驶路线,行驶方向,终点地名,,,,https://wos.58cdn.com.cn/XyVuTsRqXyf/question/524-1693897590330.jpg,,图中标志为方形蓝色底，标有前方重要公路编号、道路名称、地点和距离，是指路标志中的地点距离标志。地点信息按照距离由近及远的顺序，在标志上自上而下地排列。
780,780,机动车在环形路口内行驶，遇有其他车辆强行驶入时，只要有优先权就可以不避让。,1,2,2,2,"A:正确, B:错误",,,,,,,,,,本题考点为减速避让。在环形路口内突遇其他车辆强行占据自己车道，无论是否有优先权，驾驶人要减速避让、直至停车，来确保安全驾驶。题中说只要有优先权就可以不避让，所以选择错误。
2572,2572,如图所示，A车具有优先通行权。,1,2,1,1,"A:正确, B:错误",正确,错误,,,,,,https://wos.58cdn.com.cn/XyVuTsRqXyf/question/2572-1693899424319.jpg,,图中信号灯是绿灯，A车直行，B车左转，转弯让直行，所以A车具有优先通行，所以选择正确。《道路交通安全法实施条例》第五十一条：机动车通过没有方向指示信号灯的交叉路口，转弯的机动车让直行的车辆、行人先行。
7692,7692,如图所示，红圈中标记车辆使用灯光的方法是正确的。,1,2,2,2,"A:正确, B:错误",,,,,,,,https://wos.58cdn.com.cn/XyVuTsRqXyf/question/7692-1693899841808.jpg,,图中红圈中机动车在夜间会车时使用远光灯是错误的夜间会车应当在距相对方向来车150米以外改用近光灯《道路交通安全法实施条例》第四十八条：在没有中心隔离设施或者没有中心线的道路上，夜间会车应当在距相对方向来车150米以外改用近光灯
27148,27148,驾驶机动车进入加速车道后，可临时停车等待同行的其他车辆。,1,2,2,2,"A:正确, B:错误",正确,错误,,,,,,,,加速车道上禁止停车，题中说临时停车，所以本题选错误。《道路交通安全法实施条例》第八十二条：机动车在高速公路上行驶，不得有下列行为：（一）倒车、逆行、穿越中央分隔带掉头或者在车道内停车；（二）在匝道、加速车道或者减速车道上超车；（三）骑、轧车行道分界线或者在路肩上行驶；（四）非紧急情况时在应急车道行驶或者停车；（五）试车或者学习驾驶机动车。
225548,225548,交叉路口、铁路道口内可以临时停车。,1,2,2,2,"A:正确, B:错误",正确,错误,,,,,,,,《道路交通安全法实施条例》第六十三条：交叉路口、铁路道口、急弯路、宽度不足4米的窄路、桥梁、陡坡、隧道以及距离上述地点50米以内的路段，不得停车
33804,33804,下列哪个交通标志，表示硬路肩允许行驶路段即将结束，车辆应尽快合流?,2,2,4,4,"A:如图中D所示, B:如图中B所示, C:如图中A所示, D:如图中C所示",如图中D所示,如图中B所示,如图中A所示,如图中C所示,,,,https://wos.58cdn.com.cn/XyVuTsRqXyf/question/33804-1693901955886.jpg,,本题考点为道路交通标志相关内容。图A是硬路肩允许行驶路段开始；图B是硬路肩允许行驶路段结束；图C是硬路肩允许行驶路段即将结束；图D是车道数变少标志。所以本题选如图中C所示。
525,525,这个标志是何含义？,2,2,2,2,"A:室内停车场, B:露天停车场, C:专用停车场, D:内部停车场",室内停车场,露天停车场,专用停车场,内部停车场,,,,https://wos.58cdn.com.cn/XyVuTsRqXyf/question/525-1693897592413.jpg,,图中标志为方形蓝色底，有白色大写字母P，是指路标志中的露天停车场标志。P字上没有白色尖角遮挡表示露天停车场，有白色尖角遮挡表示室内停车场。
781,781,左转弯车辆在任何情况下都可进入交叉路口左转弯待转区。,1,2,2,2,"A:正确, B:错误",,,,,,,,,,本题考点为左转弯待转区当直行是绿灯，左转是红灯时，左转弯的车辆可进入待转区等待；当直行、左转弯信号灯都是红灯时，左转车辆不可进入待转区题干说任何时段都可以进入左转弯待转区，所以选择错误
2573,2573,如图所示，B车具有优先通行权。,1,2,2,2,"A:正确, B:错误",正确,错误,,,,,,https://wos.58cdn.com.cn/XyVuTsRqXyf/question/2573-1726738004226.jpg,,图中信号灯是绿灯，A车直行，B车右转，转弯让直行，所以A车具有优先通行权而不是B车，所以选择错误。《道路交通安全法实施条例》第五十一条：机动车通过没有方向指示信号灯的交叉路口，转弯的机动车让直行的车辆、行人先行。
7693,7693,驾驶机动车超车时，可以鸣喇叭替代开启转向灯。,1,2,2,2,"A:正确, B:错误",,,,,,,,,,超车应开启转向灯，不得用鸣喇叭代替。所以本题选错误。《道路交通安全法实施条例》第五十七条：机动车准备超车时，应当提前开启左转向灯。
225549,225549,非机动车不得进入高速公路行驶。,1,2,1,1,"A:正确, B:错误",正确,错误,,,,,,,,《道路交通安全法》第六十七条：行人、非机动车、拖拉机、轮式专用机械车、铰接式客车、全挂拖斗车以及其他设计最高时速低于七十公里的机动车，不得进入高速公路高速公路限速标志标明的最高时速不得超过一百二十公里
526,526,这个标志是何含义？,2,2,3,3,"A:专用停车场, B:露天停车场, C:室内停车场, D:内部停车场",专用停车场,露天停车场,室内停车场,内部停车场,,,,https://wos.58cdn.com.cn/XyVuTsRqXyf/question/526-1693897593767.jpg,,图中标志为方形蓝色底，有白色大写字母P，P字上有白色尖角遮挡，是指路标志中的室内停车场标志。P字上没有白色尖角遮挡表示露天停车场，有白色尖角遮挡表示室内停车场。
2574,2574,如图所示，A车具有优先通行权。,1,2,2,2,"A:正确, B:错误",正确,错误,,,,,,https://wos.58cdn.com.cn/XyVuTsRqXyf/question/2574-1693899429591.jpg,,图中信号灯是绿灯，A车右转，B车左转，右转让左转，左转的B车有优先权而不是A车，所以选择错误。《道路交通安全法实施条例》第五十一条：机动车通过没有方向指示信号灯的交叉路口，相对方向行驶的右转弯机动车让左转弯车辆先行。
7694,7694,驾驶机动车变更车道时，以下做法正确的是什么？,2,2,2,2,"A:开启转向灯的同时变更车道, B:在道路同方向划有2条以上机动车道的，不得影响相关车道内行驶的机动车的正常行驶, C:在车辆较少路段，可以随意变更车道, D:遇前方道路拥堵，可以向应急车道变更",开启转向灯的同时变更车道,在道路同方向划有2条以上机动车道的，不得影响相关车道内行驶的机动车的正常行驶,在车辆较少路段，可以随意变更车道,遇前方道路拥堵，可以向应急车道变更,,,,,,注意题中问正确的，在道路同方向划有2条以上机动车道的，不得影响相关车道内行驶的机动车的正常行驶是正确的。开启转向灯的同时变更车道是错误的，变更车道前应提前开启转向灯；在车辆较少路段，可以随意变更车道也是错误的，在道路上行驶不得随意变更车道；遇前方道路拥堵，可以向应急车道变更也是错误的，应急车道用于紧急情况下车辆通行。
225550,225550,在高速公路遇前方拥堵时，以下做法正确的是（）。,2,2,3,3,"A:在应急车道行驶, B:连续鸣喇叭催促, C:依次排队行驶, D:在应急车道停车休息",在应急车道行驶,连续鸣喇叭催促,依次排队行驶,在应急车道停车休息,,,,,,《道路交通安全法实施条例》第五十三条：机动车在遇有前方机动车停车排队等候或者缓慢行驶时，应当依次排队，不得从前方车辆两侧穿插或者超越行驶，不得在人行横道、网状线区域内停车等候
271,271,驾驶机动车跨越双实线行驶属于什么行为？,2,2,2,2,"A:违章行为, B:违法行为, C:过失行为, D:违规行为",违章行为,违法行为,过失行为,违规行为,,,,,,驾驶机动车跨越双实线行驶属于违反《交通安全法》，是违法行为，现已无违章和违规的说法。
527,527,这个标志是何含义？,2,2,4,4,"A:紧急停车带, B:露天停车场, C:停车位, D:错车道",紧急停车带,露天停车场,停车位,错车道,,,,https://wos.58cdn.com.cn/XyVuTsRqXyf/question/527-1693897595363.jpg,,图中标志为方形蓝色底。图案为一条直线与一条折线构成车道形状，且中间没有虚线，是指路标志中的错车道标志。中间没有虚线的是错车道，中间有虚线且车道形状为黑色的是紧急停车带。停车场标志中应有字母P。
783,783,车辆长时间停放时，应选择停车场停车。,1,2,1,1,"A:正确, B:错误",,,,,,,,,,本题考点为长时间停车。长时间停车，应当选择停车场，且不得妨碍其他车辆和行人通行。《道路交通安全法》第五十六条：机动车应当在规定地点停放。禁止在人行道上停放机动车。
2575,2575,驾驶机动车向右变更车道前应仔细观察右侧车道车流情况的原因是什么?,2,2,2,2,"A:准备抢行, B:判断有无变更车道的条件, C:迅速变更车道, D:准备迅速停车",准备抢行,判断有无变更车道的条件,迅速变更车道,准备迅速停车,,,,,,本题考点为变更车道变更车道不能影响正常行驶的车辆，向右变更前要仔细观察右侧车道情况，判断有无变更车道的条件，确认安全后再变更
7695,7695,驾驶机动车应在变更车道的同时开启转向灯。,1,2,2,2,"A:正确, B:错误",,,,,,,,,,变更车道时，应提前开启转向灯，而不是在变更车道的同时。所以本题选错误。《道路交通安全法实施条例》规定：机动车在变更车道时，应当提前开启转向灯。
272,272,驾驶机动车在人行横道上临时停车属于违法行为。,1,2,1,1,"A:正确, B:错误",,,,,,,,,,人行横道是供行人通行的，机动车占用停车是违法行为。《道路交通安全法实施条例》第六十三条：在设有禁停标志、标线的路段，在机动车道与非机动车道、人行道之间设有隔离设施的路段以及人行横道、施工地段，不得停车。
528,528,这个标志是何含义？,2,2,1,1,"A:观景台, B:停车场, C:休息区, D:停车位",观景台,停车场,休息区,停车位,,,,https://wos.58cdn.com.cn/XyVuTsRqXyf/question/528-1693897596993.jpg,,图中标志为方形蓝色底，有风景图标、大写P字、白色箭头和文字“观景台”，是指路标志中的观景台标志。图标内的P表示这个观景台是设有停车场的观景台。图中有文字标注时，选择与文字相同的选项。
2576,2576,驾驶机动车变更车道为什么要提前开启转向灯?,2,2,4,4,"A:提示前车让行, B:提示行人让行, C:开阔视野，便于观察路面情况, D:提示其他车辆我方准备变更车道",提示前车让行,提示行人让行,开阔视野，便于观察路面情况,提示其他车辆我方准备变更车道,,,,,,本题考点为变更车道。变更车道时不得影响其他车辆正常行驶，开启转向灯是为了提示其他车辆我方准备变更车道，防止发生事故。
7696,7696,如图所示，A车可以从左侧超越B车。,1,2,2,2,"A:正确, B:错误",,,,,,,,https://wos.58cdn.com.cn/XyVuTsRqXyf/question/7696-1715068096365.jpg,,图中路中心黄色虚实线，实线一侧禁止车辆越线或压线行驶。A车行驶在实线一侧，实线一侧禁止跨越，A车不具备超车条件。所以本题错误。
27152,27152,在这种情况下应当等行人通过后再通过人行横道。,1,2,1,1,"A:正确, B:错误",正确,错误,,,,,,https://wos.58cdn.com.cn/XyVuTsRqXyf/question/27152-1693901493212.jpg,,图中右侧人行横道上有行人，我方车辆右转应当等行人通过后再右转。所以本题选正确。《道路交通安全法》第四十七条：机动车行经人行横道时，应当减速行驶；遇行人正在通过人行横道，应当停车让行。
33552,33552,在高速公路上驾驶机动车感觉疲劳时，应驶入最近的服务区休息，不得在应急车道内停车休息。,1,2,1,1,"A:正确, B:错误",,,,,,,,,,当高速公路上感到疲劳时，正确的做法是驶入服务区休息，不能在应急车道内停车休息。在应急车道上随意停车休息是违法的，并且非常危险，而且会阻碍紧急救援车辆的通行，可能会导致其他车辆在紧急情况下无法及时停靠。
325904,325904,图中交通标志是指（）。,2,2,1,1,"A:禁止三轮车驶入, B:禁止摩托车驶入, C:禁止电动自行车进入, D:禁止非机动车进入",禁止三轮车驶入,禁止摩托车驶入,禁止电动自行车进入,禁止非机动车进入,,,,https://wos.58cdn.com.cn/XyVuTsRqXyf/question/325904-1775122037577.jpg,,本题考点为道路交通标志相关内容红色表示禁止，图中标志是三轮车表示禁止三轮车驶入
273,273,这个标志是何含义？,2,2,2,2,"A:提醒车辆驾驶人前方道路沿水库、湖泊、河流, B:提醒车辆驾驶人前方有向上的陡坡路段, C:提醒车辆驾驶人前方有两个及以上的连续上坡路段, D:提醒车辆驾驶人前方有向下的陡坡路段",提醒车辆驾驶人前方道路沿水库、湖泊、河流,提醒车辆驾驶人前方有向上的陡坡路段,提醒车辆驾驶人前方有两个及以上的连续上坡路段,提醒车辆驾驶人前方有向下的陡坡路段,,,,https://wos.58cdn.com.cn/XyVuTsRqXyf/question/273-1693897296308.jpg,,图中黄色三角形里是的向上箭头，是上陡坡警告标志，提醒车辆驾驶人前方有向上的陡坡路段，要小心驾驶。
529,529,这个标志是何含义？,2,2,2,2,"A:横过道路设施, B:应急避难设施（场所）, C:生活服务区, D:行人专用通道",横过道路设施,应急避难设施（场所）,生活服务区,行人专用通道,,,,https://wos.58cdn.com.cn/XyVuTsRqXyf/question/529-1693897597889.jpg,,图中标志为方形蓝色底，图案为一个白色的跑动人形，是指路标志中的应急避难设施（场所）标志，用以指引应急避难设施的位置。
785,785,驶入高速公路的收费口时，应选择怎样的入口？,2,2,4,4,"A:车辆多, B:红灯亮, C:暂停服务, D:绿灯亮",车辆多,红灯亮,暂停服务,绿灯亮,,,,,,本题考点为高速公路收费口。高速公路收费口亮红灯表示禁止通行，亮绿灯表示正常运行，可以通行。所以应该选择在绿灯亮的入口通行。
2577,2577,己车在高速公路最左侧车道，想驶离高速公路，以下做法正确的是（）。,2,2,3,3,"A:立即减速后向右变更车道, B:找准机会一次变更到最右侧车道, C:每次变更一条车道，直到最右侧车道, D:为了快速变更车道，可以加速超越右侧车辆后变更车道",立即减速后向右变更车道,找准机会一次变更到最右侧车道,每次变更一条车道，直到最右侧车道,为了快速变更车道，可以加速超越右侧车辆后变更车道,,,,https://wos.58cdn.com.cn/XyVuTsRqXyf/question/2577-1693899432907.jpg,,本题考点为驶离高速公路驶离高速公路需要每次变更一条车道，逐步变更至最右侧车道，然后驶离高速
7697,7697,图中做法正确的是（）。,2,2,4,4,"A:鸣喇叭后加速通过, B:在对向车辆到达前加速通过, C:保持高速通过, D:减速靠右通过",鸣喇叭后加速通过,在对向车辆到达前加速通过,保持高速通过,减速靠右通过,,,,https://wos.58cdn.com.cn/XyVuTsRqXyf/question/7697-1693899847031.jpg,,图中驾驶机动车行驶至桥梁涵洞时，应减速靠右行驶通过桥梁或涵洞时，驾驶人应当特别注意路面状况，谨慎驾驶，减速靠右行驶，不要超速或急刹车
325905,325905,这个标志是何含义？,2,2,3,3,"A:注意路面结冰, B:注意雨（雪）天, C:注意雾天, D:注意不利气象条件",注意路面结冰,注意雨（雪）天,注意雾天,注意不利气象条件,,,,https://wos.58cdn.com.cn/XyVuTsRqXyf/question/325905-1775122220788.jpg,,图中是注意雾天警告标志标志内直接印有黄色“雾”字，提示前方路段易起雾，能见度降低，需谨慎驾驶
786,786,驾驶车辆进入高速公路加速车道后，应尽快将车速提高到每小时多少公里以上？,2,2,4,4,"A:30, B:40, C:50, D:60",30,40,50,60,,,,,,高速公路上行驶最低车速为60公里/小时，所以车辆进入加速车道后，应尽快将车速提到60公里/小时以上。《道路交通安全法实施条例》第七十八条：高速公路最低车速不得低于每小时60公里。
2578,2578,如图所示，A车在此时进入左侧车道是因为进入实线区不得变更车道。,1,2,1,1,"A:正确, B:错误",正确,错误,,,,,,https://wos.58cdn.com.cn/XyVuTsRqXyf/question/2578-1726629063967.jpg,,本题考点为变更车道图中的蓝色虚线代表了A车接下来的行驶轨迹，可以看到A车进入实线区前变换了车道，因为实线不得跨越，所以选择正确
27154,27154,在没有道路中心线的公路行驶，最高车速是（）。,2,2,1,1,"A:40km/h, B:50km/h, C:30km/h, D:20km/h",40km/h,50km/h,30km/h,20km/h,,,,https://wos.58cdn.com.cn/XyVuTsRqXyf/question/27154-1693901496539.jpg,,在没有中心线的道路，城市道路限速30，公路限速40；有中心线的道路上，城市道路限速50，公路限速70图中是公路，所以本题选40《道路交通安全法实施条例》第四十五条：没有道路中心线的道路，城市道路为每小时30公里，公路为每小时40公里
325906,325906,这个标志是何含义?,2,2,4,4,"A:地点指引, B:地点距离, C:地点距离, D:交叉路口预告",地点指引,地点距离,地点距离,交叉路口预告,,,,https://wos.58cdn.com.cn/XyVuTsRqXyf/question/325906-1775122305738.jpg,,根据《道路交通标志和标线第2部分：道路交通标志》（GB5768.2-2022），图中标志为交叉路口预告标志（图形式-T型路口）：志绘制了T型交叉路口的图形，同时标注了可通达的地点名称（昌平、顺义）及方向，符合国标中“预告前方交叉路口形式、通行方向、可通达地点”的定义
531,531,这个标志是何含义？,2,2,4,4,"A:禁止左转, B:此路不通, C:禁止通行, D:超高绕行",禁止左转,此路不通,禁止通行,超高绕行,,,,https://wos.58cdn.com.cn/XyVuTsRqXyf/question/531-1693897601651.jpg,,图中标志为超高绕行标志，前方道路有限高4米的禁令标志，黑色路线箭头绕过该路口从右侧经过并最终回到前进方向，表示前方路口车辆需绕行的路线，设于实施交通管制路口前适当位置。
7699,7699,驾驶机动车在隧道内行驶时，可以临时停车。,1,2,2,2,"A:正确, B:错误",,,,,,,,,,隧道不得停车，更不能临时停车。所以本题选错误。《道路交通安全法实施条例》第六十三条：交叉路口、铁路道口、急弯路、宽度不足4米的窄路、桥梁、陡坡、隧道以及距离上述地点50米以内的路段，不得停车。
33555,33555,关于分道通行，以下说法错误的是什么？,2,2,2,2,"A:机动车、非机动车、行人实行分道通行, B:在没有划分车道的道路上通行，机动车在道路右侧通行, C:道路划分为机动车道、非机动车道和人行道, D:在没有划分车道的道路上通行，非机动车和行人在道路两侧通行",机动车、非机动车、行人实行分道通行,在没有划分车道的道路上通行，机动车在道路右侧通行,道路划分为机动车道、非机动车道和人行道,在没有划分车道的道路上通行，非机动车和行人在道路两侧通行,,,,,,注意题中说选择说法错误的选项。《道路交通安全法》规定：道路划分为机动车道、非机动车道和人行道，机动车、非机动车、行人实行分道通行。没有划分车道的，机动车在道路中间通行，非机动车和行人在道路两侧通行。
325907,325907,这个标志是何含义?,2,2,2,2,"A:地点距离, B:交叉路口预告, C:地点指引, D:地点识别",地点距离,交叉路口预告,地点指引,地点识别,,,,https://wos.58cdn.com.cn/XyVuTsRqXyf/question/325907-1775122375973.jpg,,根据《道路交通标志和标线第2部分：道路交通标志》（GB5768.2-2022），图中标志为交叉路口预告标志该标志用于提前告知前方交叉路口的道路：编号（如S304、G102）、可通达的地点名称（如三河、唐山、双塔）及方向，帮助驾驶人提前选择行驶车道
532,532,这个标志是何含义？,2,2,1,1,"A:此路不通, B:T型路口, C:分流路口, D:减速通行",此路不通,T型路口,分流路口,减速通行,,,,https://wos.58cdn.com.cn/XyVuTsRqXyf/question/532-1693897603241.jpg,,图中标志为方形蓝色底，图案为横线为红色、竖线为白色的T形，是指路标志中的此路不通标志，表示前方道路为死胡同，无出口、不能通行。
788,788,车辆因故障必须在高速公路停车时，应在车后方多少米以外设置故障警告标志？,2,2,2,2,"A:25, B:150, C:100, D:50",25,150,100,50,,,,,,车辆因故障在高速公路停车时，应在车后方150米以外设置故障警告标志。《道路交通安全法》第六十八条：机动车在高速公路上发生故障时，应当依照本法第五十二条的有关规定办理；但是，警告标志应当设置在故障车来车方向一百五十米以外，车上人员应当迅速转移到右侧路肩上或者应急车道内，并且迅速报警。
2580,2580,变更车道时只需开启转向灯，驶入相应的车道，不得妨碍同车道机动车正常行驶。,1,2,2,2,"A:正确, B:错误",正确,错误,,,,,,,,本题考点为变更车道。变更车道时要提前开启转向灯，并且要观察周围情况，只有在确认安全的情况下才能驶入需要变更的车道，不得随意驶入相应车道，所以选择错误。
225556,225556,交通事故管理区划分为“预警区”和“警戒区”其中“预警区”的设置位置是？,2,2,2,2,"A:事故现场前方200-500米处, B:事故现场前方500-1000米处, C:事故现场后方200-500米处, D:事故现场后方500-1000米处",事故现场前方200-500米处,事故现场前方500-1000米处,事故现场后方200-500米处,事故现场后方500-1000米处,,,,,,预警区：预警区设置在事故现场前方500-1000米处，用黄色警示标志和减速标线组合提醒，标志上会明确标注前方事故，减速避让等文字，让司机提前降低车速、做好避让准备警戒区：警戒区围绕事故核心处置区域设置，采用红色禁令标志和实体隔离标线，明确界定禁止入内的范围，保障交警、医护等人员的作业安全，也避免社会车辆误入造成二次伤害
33556,33556,遇前方为执行紧急任务的警车时，可超车。,1,2,2,2,"A:正确, B:错误",,,,,,,,https://wos.58cdn.com.cn/XyVuTsRqXyf/question/33556-1693901913359.jpg,,同车道前方是执行任务的警车，此时我方不得超车所以本题选错误《道路交通安全法实施条例》规定，同车道行驶的机动车，后车应当与前车保持足以采取紧急制动措施的安全距离前车为执行紧急任务的警车、消防车、救护车、工程救险车的，不得超车
325908,325908,图中标志的含义是什么？,2,2,2,2,"A:注意急转弯, B:注意雨雪天, C:注意非机动车, D:注意隧道",注意急转弯,注意雨雪天,注意非机动车,注意隧道,,,,https://wos.58cdn.com.cn/XyVuTsRqXyf/question/325908-1775122466999.jpg,,图中标志为警告标志，图案为雨滴，用以提醒驾驶员前方路段易有雨雪天气，需谨慎驾驶，注意行车安全
533,533,这个标志是何含义？,2,2,2,2,"A:向左变道, B:车道数变少, C:合流处, D:应急车道",向左变道,车道数变少,合流处,应急车道,,,,https://wos.58cdn.com.cn/XyVuTsRqXyf/question/533-1693897604115.jpg,,图中标志为方形蓝色底，图中车道数随着箭头方向减少，右侧曲线沿箭头方向收拢，是指示标志中的车道数变少标志，表示前方车道数量变少，需提高警惕，设在变化点前适当位置。
2581,2581,如图所示，A车要在前方掉头行驶，可以在此处变换车道，进入左侧车道准备掉头。,1,2,2,2,"A:正确, B:错误",正确,错误,,,,,,https://wos.58cdn.com.cn/XyVuTsRqXyf/question/2581-1693899438137.jpg,,本题考点为变更车道。图中的蓝色虚线代表了A车接下来的行驶轨迹，可以看到A车将跨越实线变换车道，而实线不得跨越，所以选择错误。
225557,225557,交通事故管理区的“警戒区”采用黄色警示标志，主要作用是提醒车辆减速慢行，避免干扰事故处置。,1,2,2,2,"A:正确, B:错误",正确,错误,,,,,,,,警戒区采用红色禁令标志和实体隔离标线，界定禁止入内的范围，保障作业人员安全；黄色警示标志属于预警区，作用是提前减速，因此本题错误
33557,33557,"如图所示，该机动车在应急车道内停车，以下说法正确的是什么？①未开启危险报警闪光灯②警告标志放置距离不足150米③车上人员未转移到安全区域
",2,2,3,3,"A:①②, B:①②③, C:②③, D:①③",①②,①②③,②③,①③,,,,https://wos.58cdn.com.cn/XyVuTsRqXyf/question/33557-1693901915744.jpg,,本题选择正确描述图片内容的选项。1、图中已开启危险报警闪光灯，所以①说法错误。2、图中警告标志放置距离明显不足150米，所以②说法正确。3、高速公路上发生故障时，人员应转移到右侧路肩或护栏以外，图中人员未转移到安全区域，所以③说法正确。因此，本题答案为②③。
325909,325909,这个标志是何含义?,2,2,1,1,"A:注意前方车辆排队, B:注意安全, C:机动车行驶, D:注意小型客车",注意前方车辆排队,注意安全,机动车行驶,注意小型客车,,,,https://wos.58cdn.com.cn/XyVuTsRqXyf/question/325909-1775122523850.jpg,,图中标志看到多辆车，用来提醒驾驶员前方有车辆排队或交通拥堵情况，需要减速慢行并做好应对准备
790,790,机动车在高速公路行驶，下列做法正确的是？,2,2,4,4,"A:可在路肩停车上下人员, B:可在紧急停车带停车装卸货物, C:可在减速车道或加速车道上超车、停车, D:非紧急情况时不得在应急车道行驶或者停车",可在路肩停车上下人员,可在紧急停车带停车装卸货物,可在减速车道或加速车道上超车、停车,非紧急情况时不得在应急车道行驶或者停车,,,,,,本题考点为高速公路行驶。路肩和紧急停车带是供车辆在出现紧急情况下停车使用的，不得上下人员或装卸货物；减速车道和加速车道上禁止超车、停车；应急车道是供车辆在紧急情况下停车使用的，非紧急情况不得随意行驶或停车。《道路交通安全法实施条例》第八十二条：机动车在高速公路上行驶，非紧急情况时不得在应急车道行驶或者停车。
2582,2582,如图所示，在这种情况下，A车可以向左变更车道。,1,2,2,2,"A:正确, B:错误",正确,错误,,,,,,https://wos.58cdn.com.cn/XyVuTsRqXyf/question/2582-1693899440799.jpg,,本题考点为变更车道。图中A车左侧虽然是虚线，但A车与C车并列行驶，此时A车向左变更车道容易与C车发生碰撞，出于安全考虑，不可变更车道，所以选择错误。
225558,225558,驾驶人看到以下标志时，应减速慢行，必要时停车等待或绕道行驶。,1,2,1,1,"A:正确, B:错误",正确,错误,,,,,,https://wos.58cdn.com.cn/XyVuTsRqXyf/question/225558-1761875761600.jpg,,图中标志是交通事故管理标志，用以警告前方路段正在进行道路交通事故现场处置，车辆驾驶人应减速慢行、停车等待或绕道行驶
535,535,这个标志是何含义？,2,2,4,4,"A:减速拍照区, B:道路流量监测, C:全路段抓拍, D:交通监控设备",减速拍照区,道路流量监测,全路段抓拍,交通监控设备,,,,https://wos.58cdn.com.cn/XyVuTsRqXyf/question/535-1693897606591.jpg,,图中标志为方形蓝色底，图案为监控摄像头，是指路标志中的交通监控设备标志，用于告知机动车驾驶人该区域设置有固定式交通监控设备。
791,791,在同向4车道高速公路上行车，车速高于每小时110公里的车辆应在哪条车道上行驶？,2,2,1,1,"A:最左侧, B:第二条, C:第三条, D:最右侧",最左侧,第二条,第三条,最右侧,,,,,,在同向4车道高速公路上，最左侧车道限速110~120公里/小时，所以车速高于110公里/小时的车辆应当在最左侧车道行驶。《道路交通安全法实施条例》第七十八条：同方向有3条以上车道的，最左侧车道的最低车速为每小时110公里，中间车道的最低车速为每小时90公里。
225559,225559,图中这种标线提示驾驶人“此处可安全换道”。,1,2,1,1,"A:正确, B:错误",正确,错误,,,,,,https://wos.58cdn.com.cn/XyVuTsRqXyf/question/225559-1761875852001.jpg,,根据最新规定，换道提示线采用“虚线和箭头”组合提前100-200米引导，设置于交叉路口专用转向车道、车道减少路段等关键位置，助驾驶人安全调整车道
33559,33559,驾车行经图中漫水桥时，以下做法正确的是（）。,2,2,1,1,"A:停车察明水情，确认安全后，低速通过, B:无需观察，低速行驶通过, C:猛踩加速踏板，快速通过, D:无需观察，加速行驶通过",停车察明水情，确认安全后，低速通过,无需观察，低速行驶通过,猛踩加速踏板，快速通过,无需观察，加速行驶通过,,,,https://wos.58cdn.com.cn/XyVuTsRqXyf/question/33559-1755054252989.jpg,,机动车行经漫水路时，要一停、二看、三通过，确认安全后低速通过涉水路段《道路交通安全法实施条例》第六十四条：机动车行经漫水路或者漫水桥时，应当停车察明水情，确认安全后，低速通过
536,536,这个标志是何含义？,2,2,1,1,"A:隧道出口距离, B:隧道入口距离, C:隧道跟车距离, D:隧道总长度",隧道出口距离,隧道入口距离,隧道跟车距离,隧道总长度,,,,https://wos.58cdn.com.cn/XyVuTsRqXyf/question/536-1693897608125.jpg,,图中标志为方形蓝色底，图中有隧道图案且有距离提示，是指路标志中的隧道出口距离标志，用以告知到前方隧道出口的距离。
2584,2584,如图所示，在超车过程中，遇对向有来车时要放弃超车是因为什么?,2,2,1,1,"A:如继续超车，易与对面机动车发生刮擦、相撞, B:前车车速快, C:对向来车车速快, D:我方车辆提速太慢",如继续超车，易与对面机动车发生刮擦、相撞,前车车速快,对向来车车速快,我方车辆提速太慢,,,,https://wos.58cdn.com.cn/XyVuTsRqXyf/question/2584-1693899443908.jpg,,本题考点为超车。超车过程中遇对向有来车时，继续强行超车容易与对面机动车发生刮擦、相撞，造成事故，所以出于安全考虑，应当放弃超车，另寻合适时机超车。
225560,225560,以下标志表示网约车候客点。,1,2,1,1,"A:正确, B:错误",正确,错误,,,,,,https://wos.58cdn.com.cn/XyVuTsRqXyf/question/225560-1761875950715.jpg,,根据最新规定，网约车候客点、电动汽车充电站等标志实现全国通用图形统一，解决了以往标志五花八门、需猜测含义的问题
33560,33560,驾驶机动车在高速公路上行驶，发生拥堵时，以下做法正确的是什么？,2,2,1,1,"A:按序行驶, B:连续鸣喇叭催促, C:在应急车道停车休息, D:在应急车道行驶",按序行驶,连续鸣喇叭催促,在应急车道停车休息,在应急车道行驶,,,,,,在高速公路上行车遇到前方拥堵，应依次排队等候，按序行驶；在应急车道内行驶或者停车是违法的行为，应急车道是供特殊车辆在紧急情况下行驶的。连续鸣喇叭也不能解决拥堵的问题，相反喇叭的噪音还会影响其他人。
537,537,这个标志是何含义？,2,2,2,2,"A:转弯诱导标志, B:线形诱导标志, C:合流诱导标志, D:分流诱导标志",转弯诱导标志,线形诱导标志,合流诱导标志,分流诱导标志,,,,https://wos.58cdn.com.cn/XyVuTsRqXyf/question/537-1693897609558.jpg,,图中标志中有连续的向左箭头，是警告标志中的线形诱导标志，用以引导行车方向，提醒驾驶人谨慎驾驶，注意前方线性变化
793,793,车辆在高速公路匝道上可以停车。,1,2,2,2,"A:正确, B:错误",,,,,,,,,,本题考点为匝道高速公路驶入匝道后，不得超过规定速度，在匝道上，不准超车、掉头、停车、和倒车，所以本题选择错误《道路交通安全法实施条例》第八十二条：机动车在高速公路上行驶，不得有下列行为：倒车、逆行、穿越中央分隔带掉头或者在车道内停车；非紧急情况时在应急车道行驶或者停车
225561,225561,图中标志的主要作用是什么？,2,2,3,3,"A:引导非机动车直接横穿马路, B:禁止非机动车在路口过街, C:引导非机动车分两段通过路口，先到等待区，再继续通行, D:仅允许非机动车在特定时段过街",引导非机动车直接横穿马路,禁止非机动车在路口过街,引导非机动车分两段通过路口，先到等待区，再继续通行,仅允许非机动车在特定时段过街,,,,https://wos.58cdn.com.cn/XyVuTsRqXyf/question/225561-1761876054060.jpg,,根据最新规定，二次过街的标志针对路口较宽、非机动车单次过街风险高的场景，引导骑行者先进入专用等待区，再通过第二段路口，减少与机动车冲突
322073,322073,以下交通标志中表示最低限速的是（）。,2,2,2,2,"A:图1, B:图2, C:图3, D:图4",图1,图2,图3,图4,,,,https://wos.58cdn.com.cn/XyVuTsRqXyf/question/322073-1773391462184.jpg,,图2表示最低限速标志，本题选图2；红色表示禁止图1和图3是禁令标志，分别代表限制质量和限制最高车速；图4表示解除限制车速标志
538,538,这个标志是何含义？,2,2,3,3,"A:左侧通行, B:右侧通行, C:两侧通行, D:不准通行",左侧通行,右侧通行,两侧通行,不准通行,,,,https://wos.58cdn.com.cn/XyVuTsRqXyf/question/538-1693897611377.jpg,,图中标志为方形红色底，是警告标志中的两侧通行标志，∧表示两侧通行，/这个方向的表示左侧通行，\这个方向表示右侧通行。
2586,2586,超车需从前车左侧超越，以下说法正确的是什么?,2,2,1,1,"A:便于观察，有利于安全, B:右侧为快速车道, C:左侧为慢速车道, D:我国实行左侧通行原则",便于观察，有利于安全,右侧为快速车道,左侧为慢速车道,我国实行左侧通行原则,,,,,,本题考点为左侧超车。超车时应从前车的左侧超车，方便观察周围路况，有利于安全驾驶，防止事故发生。
225562,225562,以下标志表示电动汽车充电站。,1,2,1,1,"A:正确, B:错误",正确,错误,,,,,,https://wos.58cdn.com.cn/XyVuTsRqXyf/question/225562-1761876169218.jpg,,根据最新规定，充电站标志采用插头和车身组合图形，全国统一设置于高速服务区、城市商圈等区域，背景多为蓝色以提升辨识度
322074,322074,红圈内导向箭头含义是（）。,2,2,2,2,"A:指示前方可左转或掉头, B:指示前方可直行或掉头, C:指示前方可直行向左变道, D:指示前方可直行或左转",指示前方可左转或掉头,指示前方可直行或掉头,指示前方可直行向左变道,指示前方可直行或左转,,,,https://wos.58cdn.com.cn/XyVuTsRqXyf/question/322074-1773391536042.jpg,,图中红圈内导向箭头为直行和掉头标记，本车道指示前方可直行或掉头
325914,325914,如图所示，在没有交通信号指示的交叉路口，转弯的机动车让直行的车辆和行人先行。,1,2,1,1,"A:正确, B:错误",正确,错误,,,,,,https://wos.58cdn.com.cn/XyVuTsRqXyf/question/325914-1775122167958.jpg,,路口通行原则：转弯的车辆让直行的车先行；路口右方来车先行；右转车辆让左转车辆先行所以本题选正确《道路交通安全法实施条例》第五十二条：机动车通过没有交通信号灯控制也没有交通警察指挥的交叉路口，应当遵守下列规定：有交通标志、标线控制的，让优先通行的一方先行；没有交通标志、标线控制的，在进入路口前停车瞭望，让右方道路的来车先行；转弯的机动车让直行的车辆先行；相对方向行驶的右转弯的机动车让左转弯的车辆先行
539,539,这个标志是何含义？,2,2,4,4,"A:左侧通行, B:不准通行, C:两侧通行, D:右侧通行",左侧通行,不准通行,两侧通行,右侧通行,,,,https://wos.58cdn.com.cn/XyVuTsRqXyf/question/539-1693897613024.jpg,,图中标志为方形红色底，是警告标志中的右侧通行标志，∧表示两侧通行，/这个方向的表示左侧通行，\这个方向表示右侧通行。
2587,2587,在超越前车时，提前开启左转向灯，变换使用远、近光灯或者鸣喇叭是为了什么?,2,2,3,3,"A:仅提醒前车, B:仅提醒后车, C:提醒后车以及前车, D:提醒行人",仅提醒前车,仅提醒后车,提醒后车以及前车,提醒行人,,,,,,本题考点为超车。超车时应当提前开启左转向灯，变换使用远近光灯或鸣喇叭，提醒前后车辆我方即将变换驾驶路线，防止发生事故。
322075,322075,红圈内导向箭头含义是（）。,2,2,3,3,"A:指示向左变道, B:指示前方右转, C:指示前方掉头, D:指示前方直行",指示向左变道,指示前方右转,指示前方掉头,指示前方直行,,,,https://wos.58cdn.com.cn/XyVuTsRqXyf/question/322075-1773391577579.jpg,,图中红圈内导向箭头为掉头标记，本车道指示前方掉头
325915,325915,如图所示，此车的违法行为是占用应急车道。,1,2,2,2,"A:正确, B:错误",正确,错误,,,,,,https://wos.58cdn.com.cn/XyVuTsRqXyf/question/325915-1775122720160.jpg,,图中车道是高速公路的出口导流车道，并非应急车道应急车道通常位于高速最右侧，配有“应急车道”标识或特殊标线而此车的违法行为是占用出口导流车道
796,796,车辆在高速公路匝道提速到每小时60公里以上时，可直接驶入行车道。,1,2,2,2,"A:正确, B:错误",,,,,,,,,,本题考点为匝道。车辆从匝道进入加速车道后，应尽快在加速车道上将车速提高到每小时60公里以上，而不是在匝道上提速，所以选择错误。
2588,2588,如图所示，在这种情况下通过交叉路口时，不得超车的原因是什么?,2,2,3,3,"A:路口有交通监控设备, B:路口设有信号灯, C:路口内交通情况复杂，易发生交通事故, D:机动车速度慢，不足以超越前车",路口有交通监控设备,路口设有信号灯,路口内交通情况复杂，易发生交通事故,机动车速度慢，不足以超越前车,,,,https://wos.58cdn.com.cn/XyVuTsRqXyf/question/2588-1693899448902.jpg,,本题考点为交叉路口交叉路口车流量大，交通情况复杂，超车容易发生事故，因此交叉路口不得超车《道路交通安全法》第四十三条：行经铁路道口、交叉路口、窄桥、弯道、陡坡、隧道、人行横道、市区交通流量大的路段等没有超车条件的，不得超车
7708,7708,如图所示，夜间驾驶机动车遇对方使用远光灯，无法看清前方路况时，以下做法正确的是什么？,2,2,3,3,"A:保持行驶方向和车速不变, B:自己也打开远光灯行驶, C:降低车速，谨慎会车, D:加速通过，尽快摆脱眩目光线",保持行驶方向和车速不变,自己也打开远光灯行驶,降低车速，谨慎会车,加速通过，尽快摆脱眩目光线,,,,https://wos.58cdn.com.cn/XyVuTsRqXyf/question/7708-1693899852374.jpg,,图中机动车遇对方使用远光灯，夜间行驶无法看清前方路况时，应降低车速，谨慎会车，以免发生车祸、危险。
322076,322076,图中交通标志是指（）。,2,2,1,1,"A:注意路面结冰, B:注意雨（雪）天, C:注意雾天, D:注意不利气象条件",注意路面结冰,注意雨（雪）天,注意雾天,注意不利气象条件,,,,https://wos.58cdn.com.cn/XyVuTsRqXyf/question/322076-1773391635073.jpg,,图中标志含义为注意路面结冰，提醒驾驶人前方路段容易出现路面结冰、湿滑，需提前减速、谨慎驾驶
325916,325916,图中路段的最高车速是50km/h。,1,2,2,2,"A:正确, B:错误",正确,错误,,,,,,https://wos.58cdn.com.cn/XyVuTsRqXyf/question/325916-1775122247643.jpg,,蓝色表示最低，图中蓝色标志表示最低限速50公里每小时
541,541,这个标志是何含义？,2,2,2,2,"A:高速公路终点预告, B:高速公路入口预告, C:高速公路起点预告, D:高速公路出口预告",高速公路终点预告,高速公路入口预告,高速公路起点预告,高速公路出口预告,,,,https://wos.58cdn.com.cn/XyVuTsRqXyf/question/541-1693897616372.jpg,,图中标志为方形绿色底，有文字“入口”，绿色底是高速公路、城市快速路指路标志，该标志为高速公路入口预告标志，用以指引进入高速公路或城市快速路的入口，设在驶入高速公路或城市快速路前的一般道路上适当位置，也可以在一般道路上的指路标志上指引。
797,797,车辆应靠高速公路右侧的路肩上行驶。,1,2,2,2,"A:正确, B:错误",,,,,,,,,,右侧路肩是供车辆出现紧急状况时停车的，不可在此行车，所以选择错误。《道路交通安全法实施条例》第八十二条：机动车在高速公路上行驶，非紧急情况时不得在应急车道行驶或者停车。
2589,2589,夜间行车时，可超车的地点是（）。,2,2,3,3,"A:交叉路口, B:弯道、陡坡, C:路宽车少路段, D:隧道、窄桥",交叉路口,弯道、陡坡,路宽车少路段,隧道、窄桥,,,,,,本题考点为超车容易发生危险的地段禁止超车，因此交叉路口、窄桥、弯道陡坡禁止超车，路宽车少的地段较为安全，可以超车《道路交通安全法》第四十三条：行经铁路道口、交叉路口、窄桥、弯道、陡坡、隧道、人行横道、市区交通流量大的路段等没有超车条件的，不得超车
7709,7709,如图所示，驾驶机动车经过这种道路时，如果前方没有其他交通参与者，可在道路上随意通行。,1,2,2,2,"A:正确, B:错误",,,,,,,,https://wos.58cdn.com.cn/XyVuTsRqXyf/question/7709-1693899854898.jpg,,图中是没有中心线的道路，应降低车速在道路中间通行。题中说随意通行是错误的。《道路交通安全法》第三十六条：没有划分机动车道、非机动车道和人行道的，机动车在道路中间通行，非机动车和行人在道路两侧通行。
27165,27165,这个标志是何含义？,2,2,1,1,"A:高速公路ETC车道指引, B:高速公路领卡车道指引, C:高速公路缴费车道指引, D:高速公路检查车道指引",高速公路ETC车道指引,高速公路领卡车道指引,高速公路缴费车道指引,高速公路检查车道指引,,,,https://wos.58cdn.com.cn/XyVuTsRqXyf/question/27165-1693901502591.jpg,,本题考点为道路交通标志相关内容。图中标志有ETC，所以本题选高速公路ETC车道指引。高速公路ETC车道指引，用以指明电子不停车收费车道，设在收费广场渐变段起点前300m处，黄色箭头表示ETC车辆的行驶方向。
224029,224029,在没有中心线的窄路与非机动车会车时，使用近光灯。,1,2,1,1,"A:正确, B:错误",正确,错误,,,,,,,,《道路交通安全法实施条例》第四十八条：在没有中心隔离设施或者没有中心线的道路上，机动车遇相对方向来车时，夜间会车应当在距相对方向来车150米以外改用近光灯，在窄路、窄桥与非机动车会车时应当使用近光灯
33821,33821,驾驶机动车在高速公路上行驶，能见度小于100米的恶劣气象条件时，与同车道前车保持多少米以上的距离?,2,2,1,1,"A:50, B:60, C:30, D:40",50,60,30,40,,,,,,高速公路上遇到能见度小于100米的气象条件时，车速不得超过每小时40公里，与同车道前车保持50米以上的距离。所以本题选50。《道路交通安全法实施条例》第八十一条：机动车在高速公路上行驶，遇有雾、雨、雪、沙尘、冰雹等低能见度气象条件时，能见度小于100米时，开启雾灯、近光灯、示廓灯、前后位灯和危险报警闪光灯，车速不得超过每小时40公里，与同车道前车保持50米以上的距离。
322077,322077,图中交通标志是指（）。,2,2,4,4,"A:注意路面结冰, B:注意雨（雪）天, C:注意雾天, D:注意不利气象条件",注意路面结冰,注意雨（雪）天,注意雾天,注意不利气象条件,,,,https://wos.58cdn.com.cn/XyVuTsRqXyf/question/322077-1773391692107.jpg,,图中标志含义为注意不利气象条件，提醒驾驶员前方路段易出现雾、雪、雨、沙尘、横风等恶劣气象，需降低车速、谨慎驾驶
542,542,这个标志是何含义？,2,2,3,3,"A:高速公路右侧出口预告, B:高速公路下一出口预告, C:高速公路地点、方向预告, D:高速公路左侧出口预告",高速公路右侧出口预告,高速公路下一出口预告,高速公路地点、方向预告,高速公路左侧出口预告,,,,https://wos.58cdn.com.cn/XyVuTsRqXyf/question/542-1693897618037.jpg,,图中标志为方形绿色底，标有地点名称和方向指示箭头，绿色底是高速公路、城市快速路指路标志，该标志为高速公路地点、方向预告标志，用以指引高速公路或城市快速路两个行驶方向，设在驶入高速公路或城市快速路的匝道分岔点处
798,798,车辆在高速公路以每小时100公里的速度行驶时，距同车道前车100米以上为安全距离。,1,2,1,1,"A:正确, B:错误",,,,,,,,,,本题考点为安全距离。《道路交通安全法实施条例》第八十条：机动车在高速公路上行驶，车速超过每小时100公里时，应当与同车道前车保持100米以上的距离。车速低于每小时100公里时，与同车道前车至少保持50米以上的距离。
2590,2590,以下哪种情况蓝车可以超车？,2,2,3,3,"A:图1, B:图2, C:图3, D:图4",图1,图2,图3,图4,,,,https://wos.58cdn.com.cn/XyVuTsRqXyf/question/2590-1757561372469.jpg,,实线不可跨越，虚线可以跨越本车道标线为虚线时，才可以跨越标线超车只有图3中蓝车所在车道为虚线，图1、图2、图4中均为实线，所以只有图3可以超车
7710,7710,如图所示，驾驶机动车直行遇前方道路堵塞时，车辆可以在黄色网格线区域临时停车等待，但不得在人行横道停车。,1,2,2,2,"A:正确, B:错误",,,,,,,,https://wos.58cdn.com.cn/XyVuTsRqXyf/question/7710-1693899857412.jpg,,图中信号灯虽然是绿灯，但是路口比较拥堵，此时进入会增加拥堵。网状线内、人行横道上都禁止停车。所以本题选错误。《道路交通安全法实施条例》第五十三条：机动车在遇有前方机动车停车排队等候或者缓慢行驶时，应当依次排队，不得从前方车辆两侧穿插或者超越行驶，不得在人行横道、网状线区域内停车等候。
179998,179998,这个标志是何含义？,2,2,4,4,"A:提醒车辆驾驶人前方有两个及以上的连续上坡路段, B:提醒车辆驾驶人前方有向上的陡坡路段, C:提醒车辆驾驶人前方有向下的陡坡路段, D:提醒车辆驾驶人前方有两个及以上的连续下坡路段",提醒车辆驾驶人前方有两个及以上的连续上坡路段,提醒车辆驾驶人前方有向上的陡坡路段,提醒车辆驾驶人前方有向下的陡坡路段,提醒车辆驾驶人前方有两个及以上的连续下坡路段,,,,https://wos.58cdn.com.cn/XyVuTsRqXyf/question/179998-1693902817615.jpg,,本题考点为道路交通标志相关内容。两个箭头表示连续下坡，图中标志是连续下坡标志。连续下坡标志：提醒驾驶人前方有两个及以上的连续下坡路段。
322078,322078,如图所示，驾车在路口遇到这种信号灯时，以下说法正确的是（）。,2,2,4,4,"A:可以直行或向左转弯, B:可以向左转弯, C:可以向左或向右转弯, D:可以直行或向右转弯",可以直行或向左转弯,可以向左转弯,可以向左或向右转弯,可以直行或向右转弯,,,,https://wos.58cdn.com.cn/XyVuTsRqXyf/question/322078-1773391736749.jpg,,图中信号灯直行和右转绿灯亮起，表示车辆可以直行和右转，左转信号灯为红灯，表示车辆不可以左转
325918,325918,后方有执行任务的救护车驶来时，以下做法正确的是（）。,2,2,3,3,"A:向左转弯让路, B:不必理会，继续行驶, C:靠右减速让路, D:立即停车让路",向左转弯让路,不必理会，继续行驶,靠右减速让路,立即停车让路,,,,https://wos.58cdn.com.cn/XyVuTsRqXyf/question/325918-1775122622417.jpg,,本题考点为避让特种车辆图中后方有执行任务的救护车驶来，应及时减速靠右避让《道路交通安全法》第五十三条：警车、消防车、救护车、工程救险车执行紧急任务时，可以使用警报器、标志灯具；在确保安全的前提下，不受行驶路线、行驶方向、行驶速度和信号灯的限制，其他车辆和行人应当让行
543,543,这个标志是何含义？,2,2,4,4,"A:高速公路终点地名预告, B:高速公路行驶路线预告, C:高速公路行驶方向预告, D:高速公路地点距离预告",高速公路终点地名预告,高速公路行驶路线预告,高速公路行驶方向预告,高速公路地点距离预告,,,,https://wos.58cdn.com.cn/XyVuTsRqXyf/question/543-1693897619921.jpg,,图中标志为方形绿色底，标有地名和距离，且按照距离由近及远将地名按从上到下顺序排列，绿色底是高速公路、城市快速路指路标志，该标志为高速公路地点距离预告。GB5768.2-2022《道路交通标志和标线第2部分：道路交通标志》9.3.6:地点距离标志用以预告前方要经过的重要地点、道路名称或编号以及距离。
799,799,车辆在高速公路上行车，可以频繁地变更车道。,1,2,2,2,"A:正确, B:错误",,,,,,,,,,本题考点为高速公路。高速公路上车辆速度快，更容易发生危险。在高速公路上行驶时可以变更车道，但不可频繁变更，防止发生事故。
2591,2591,如图所示，以下哪种情况可以超车?,2,2,1,1,"A:如图中A所示, B:如图中B所示, C:如图中C所示, D:如图中D所示",如图中A所示,如图中B所示,如图中C所示,如图中D所示,,,,https://wos.58cdn.com.cn/XyVuTsRqXyf/question/2591-1714030584023.jpg,,实线不可跨越，虚线可以跨越。本车道标线为虚线时，才可以跨越标线超车。只有图A与图B白车所在车道为虚线，图C与图D均为实线；但图B中，对向车道有黑车驶来，如果此时超车容易发生事故，所以也不能超车。因此，只有图A的情况可以超车。
7711,7711,如图所示，驾驶机动车在路口遇到这种交通信号时，右转弯的车辆在不妨碍被放行的车辆、行人的情况下，可以通行。,1,2,1,1,"A:正确, B:错误",,,,,,,,https://wos.58cdn.com.cn/XyVuTsRqXyf/question/7711-1715072887409.jpg,,信号灯虽然是红灯，但在不妨碍其他车辆与行人的情况下，可以右转。《道路交通安全法实施条例》规定：红灯亮时，右转弯的车辆在不妨碍被放行的车辆、行人通行的情况下，可以通行。
224031,224031,"驾车在高速公路发生故障停车后，应当立即开启危险报警闪光灯，按规定放置警告标志，将车内人员转移至安全位置。
",1,2,1,1,"A:正确, B:错误",正确,错误,,,,,,,,驾驶机动车在高速公路发生故障，需要停车排除故障时，应当进行如下顺序的操作：1、开启危险报警闪光灯；2、将车辆移至不妨碍交通的位置；3、放置警告标志，转移乘车人员至安全处，迅速报警；4、等待救援
33823,33823,大雨天气驾驶机动车，光线会受到雨点的散射，车辆灯光照明效能降低，应降低车速，使用近光灯，谨慎驾驶。,1,2,1,1,"A:正确, B:错误",,,,,,,,,,大雨天雨点打到前挡风玻璃上会散射光线，使得周围环境的能见度降低。车辆的灯光照明效能也会因为雨水的散射和遮挡而减弱。驾驶人应开启近光灯，此时使用近光灯可以避免远光灯在雨雾中形成反光，影响视线。所以本题选正确。
325919,325919,路口右转弯，遇前车等候放行信号时，以下做法正确的是（）。,2,2,2,2,"A:从前车左侧转弯, B:依次停车等候, C:从右侧占道转弯, D:鸣喇叭让前车让路",从前车左侧转弯,依次停车等候,从右侧占道转弯,鸣喇叭让前车让路,,,,https://wos.58cdn.com.cn/XyVuTsRqXyf/question/325919-1775122534787.jpg,,同车道前车等候放行信号，我方车辆也应依次停车等候鸣喇叭等行为是不文明的《道路交通安全法实施条例》第五十一条：机动车通过有交通信号灯控制的交叉路口，向右转弯遇有同车道前车正在等候放行信号时，依次停车等候
544,544,这个标志是何含义？,2,2,3,3,"A:高速公路界牌编号, B:高速公路里程编号, C:高速公路命名编号, D:高速公路路段编号",高速公路界牌编号,高速公路里程编号,高速公路命名编号,高速公路路段编号,,,,https://wos.58cdn.com.cn/XyVuTsRqXyf/question/544-1693897621737.jpg,,图中标志为方形绿色底。图案中有写有文字“国家高速”，并有白色编号，是高速公路、城市快速路指路标志中的高速公路命名编号标志。
800,800,车辆驶离高速公路时，应当经减速车道减速后进入匝道。,1,2,1,1,"A:正确, B:错误",,,,,,,,,,本题考点为驶离高速公路。《道路交通安全法实施条例》第七十九条：机动车驶离高速公路时，应驶入减速车道，降低车速后从匝道驶离。
2592,2592,在行驶中，机动车驾驶人要注意与前车保持安全距离。,1,2,1,1,"A:正确, B:错误",正确,错误,,,,,,,,本题考点为安全车距。行驶中驾驶人要注意与前车保持安全距离，防止发生事故相撞，保证安全行驶。《道路交通安全法》第四十三条：同车道行驶的机动车，后车应当与前车保持足以采取紧急制动措施的安全距离。
7712,7712,如图所示，驾驶机动车遇到右侧车辆强行变道，应减速慢行，让右前方车辆顺利变道。,1,2,1,1,"A:正确, B:错误",,,,,,,,https://wos.58cdn.com.cn/XyVuTsRqXyf/question/7712-1693899863008.jpg,,图中驾驶机动车遇到右侧车辆强行变道，应减速慢行，让右前方车辆顺利变道。所以本题选正确。
224032,224032,"以下哪些地点允许倒车？
",2,2,4,4,"A:立交匝道, B:高速公路, C:隧道, D:停车场",立交匝道,高速公路,隧道,停车场,,,,,,选项中只有停车场可以倒车，立交匝道、高速公路、隧道上都禁止倒车《道路交通安全法实施条例》第五十条：机动车倒车时，应当察明车后情况，确认安全后倒车不得在铁路道口、交叉路口、单行路、桥梁、急弯、陡坡或者隧道中倒车
325920,325920,图中所示标志表示距右侧出口距离300米。,1,2,1,1,"A:正确, B:错误",正确,错误,,,,,,https://wos.58cdn.com.cn/XyVuTsRqXyf/question/325920-1775122473936.jpg,,本题考点为道路交通标志相关内容图中标志为300m出口预告标志，用以预告距离出口300米
545,545,这个标志是何含义？,2,2,1,1,"A:高速公路下一出口预告, B:高速公路右侧出口预告, C:高速公路目的地预告, D:高速公路左侧出口预告",高速公路下一出口预告,高速公路右侧出口预告,高速公路目的地预告,高速公路左侧出口预告,,,,https://wos.58cdn.com.cn/XyVuTsRqXyf/question/545-1716189938884.jpg,,图中标志为方形绿色底。图案中有文字“下一出口”，并标有距离，是高速公路、城市快速路指路标志中的高速公路下一出口预告标志。GB5768.2-2022《道路交通标志和标线第2部分：道路交通标志》9.3.11下一出口预告标志：当互通式立体交叉间距大于8km时，可设置下一出口预告标志，预告下一出口的信息和距离。
801,801,在高速公路变更车道时，应提前开启转向灯，观察情况，确认安全后，驶入需要变更的车道。,1,2,1,1,"A:正确, B:错误",,,,,,,,,,本题考点为变更车道。变更车道时应当提前开转向灯，观察周围情况，确认安全距离，保证安全的情况下再变更车道，所以选择正确。
2593,2593,如果无法保证与被超车辆间的安全间距，应放弃超车。,1,2,1,1,"A:正确, B:错误",正确,错误,,,,,,,,本题考点为安全超车超车时，如果无法保证与被超车辆的安全间距，强行超车很容易发生事故相撞因此出于安全考虑，应当主动放弃超车，另寻合适的时机超车
7713,7713,驾驶机动车行经漫水路或者漫水桥时，应当停车察明水情。,1,2,1,1,"A:正确, B:错误",,,,,,,,,,《道路交通安全法实施条例》第六十四条：机动车行经漫水路或者漫水桥时，应当停车察明水情，确认安全后，低速通过。
13601,13601,驾驶机动车在人行横道前遇到这种情况要停车让行。,1,2,1,1,"A:正确, B:错误",,,,,,,,https://wos.58cdn.com.cn/XyVuTsRqXyf/question/13601-1715067588101.jpg,,图中前方行人正在通过人行横道，驾驶人应停车让行。题中说停车让行是正确的。《道路交通安全法》第四十七条：机动车行经人行横道时，应当减速行驶；遇行人正在通过人行横道，应当停车让行。
27169,27169,如图所示，校车在最右侧车道停靠上下学生时，校车停靠车道后方和相邻机动车道的机动车应停车等待，最左侧车道上的机动车应当减速通过。,1,2,1,1,"A:正确, B:错误",正确,错误,,,,,,https://wos.58cdn.com.cn/XyVuTsRqXyf/question/27169-1693901503546.jpg,,校车同方向只有1条车道，后方车停车等待；2条及以上车道的，校车后方及相邻车道车辆停车等待；图中有3条车道，最左侧车道可以减速通过。所以本题选正确。《校车安全条例》第三十三条：校车在同方向有两条以上机动车道的道路上停靠时，校车停靠车道后方和相邻机动车道上的机动车应当停车等待，其他机动车道上的机动车应当减速通过。
224033,224033,"牵引发生故障的机动车时，最高车速不得超过30km/h。
",1,2,1,1,"A:正确, B:错误",正确,错误,,,,,,,,本题考点为牵引机动车车速《道路交通安全法实施条例》第四十六条：机动车牵引发生故障的机动车时，最高行驶速度不得超过每小时30公里
325921,325921,图中所示标志表示距右侧出口距离100米。,1,2,1,1,"A:正确, B:错误",正确,错误,,,,,,https://wos.58cdn.com.cn/XyVuTsRqXyf/question/325921-1775122324527.jpg,,本题考点为道路交通标志相关内容图中标志为100m出口预告标志，用以预告距离出口100米
546,546,这个标志是何含义？,2,2,2,2,"A:高速公路下一出口预告, B:高速公路右侧出口预告, C:高速公路目的地预告, D:高速公路左侧出口预告",高速公路下一出口预告,高速公路右侧出口预告,高速公路目的地预告,高速公路左侧出口预告,,,,https://wos.58cdn.com.cn/XyVuTsRqXyf/question/546-1693897623434.jpg,,图中标志为方形绿色底。图案中有出口，指示箭头指向右侧，是高速公路、城市快速路指路标志中的高速公路右侧出口预告预告。GB5768.2-2022《道路交通标志和标线第2部分：道路交通标志》9.3.8出口预告标志：用以预告和指引出口，在距离基准点2km、1km、500m和基准点处应分别设置2km、1km、500m出口预告标志，出口方向标志；并应同时附着出口编号标志。枢纽互通式立体交叉在距离基准点3km处，宜增加3km出口预告标志。城区互通式立体交叉间距较近时，可不设2km出口预告标志。
802,802,高速公路因发生事故造成堵塞时，可在右侧紧急停车带或路肩行驶。,1,2,2,2,"A:正确, B:错误",,,,,,,,,,本题考点为高速公路拥堵。高速公路右侧的紧急停车带或路肩，是供车辆出现紧急状况时临时停车的，不得占用行驶，本题错误。《道路交通安全法实施条例》第八十二条：机动车在高速公路上行驶，非紧急情况时不得在应急车道行驶或者停车。
2594,2594,超车时应从前车的左侧超越，是因为左侧超车便于观察，有利于安全。,1,2,1,1,"A:正确, B:错误",正确,错误,,,,,,,,本题考点为左侧超车。超车时应从前车的左侧超车，方便观察周围路况，有利于安全驾驶，防止事故发生。
13602,13602,遇前方路段车道减少行驶缓慢，为了有序、安全，应依次交替通行。,1,2,1,1,"A:正确, B:错误",,,,,,,,,,遇到前方路段车道减少且行驶缓慢时，为了保持交通的有序和安全，应当依次交替通行。所以本题选正确。《道路交通安全法》第四十五条：在车道减少的路段、路口，或者在没有交通信号灯、交通标志、交通标线或者交通警察指挥的交叉路口遇到停车排队等候或者缓慢行驶时，机动车应当依次交替通行。
27170,27170,在高速公路上行驶感觉疲劳时，应在下一个服务区停车休息。,1,2,1,1,"A:正确, B:错误, C:扣留机动车, D:罚款",注销其行驶证,注销其驾驶证,扣留机动车,罚款,,,,,,当高速公路上感到疲劳时，应在下一个服务区休息，不能随意在高速公路上停车休息。在车道上随意停车休息是违法的，并且非常危险，会影响其他车辆正常行驶。
224034,224034,准备超车时，应提前开启左转向灯。,1,2,1,1,"A:正确, B:错误",正确,错误,,,,,,,,《道路交通安全法实施条例》第四十七条：机动车超车时，应当提前开启左转向灯、变换使用远、近光灯或者鸣喇叭
33570,33570,黄色闪光警告信号灯，表示机动车可以在确认安全后通过。,1,2,1,1,"A:正确, B:错误",正确,错误,,,,,,,,黄色闪光警告信号灯亮起，驾驶人要停车注意瞭望，在确认安全后通过。所以本题选正确。《道路交通安全法实施条例》第四十二条：闪光警告信号灯为持续闪烁的黄灯，提示车辆、行人通行时注意瞭望，确认安全后通过。
180002,180002,这个路面标记是什么标线？,2,2,3,3,"A:禁驶区, B:网状线, C:中心圈, D:导流线",禁驶区,网状线,中心圈,导流线,,,,https://wos.58cdn.com.cn/XyVuTsRqXyf/question/5eb4d75agw1e2918knwujj.jpg,,本题考点为道路交通标线相关内容。图中标线是中心圈。中心圈：设置在交叉路口中心的白色圆形或菱形区域，用以区分车辆大、小转弯，及交叉路口车辆左右转弯的指示，车辆不得压线行驶。机动车向左转弯时，必须紧靠中心圈小转弯。
547,547,这个标志是何含义？,2,2,4,4,"A:高速公路下一出口预告, B:高速公路右侧出口预告, C:高速公路目的地预告, D:高速公路左侧出口预告",高速公路下一出口预告,高速公路右侧出口预告,高速公路目的地预告,高速公路左侧出口预告,,,,https://wos.58cdn.com.cn/XyVuTsRqXyf/question/547-1693897624794.jpg,,图中标志为方形绿色底。图案中有左出口，是高速公路、城市快速路指路标志中的高速公路左侧出口预告预告。GB5768.2-2022《道路交通标志和标线第2部分：道路交通标志》9.3.8出口预告标志：用以预告和指引出口，在距离基准点2km、1km、500m和基准点处应分别设置2km、1km、500m出口预告标志，出口方向标志；并应同时附着出口编号标志。枢纽互通式立体交叉在距离基准点3km处，宜增加3km出口预告标志。城区互通式立体交叉间距较近时，可不设2km出口预告标志。
803,803,在高速公路遇团雾视线受阻时，应紧急制动停车。,1,2,2,2,"A:正确, B:错误",,,,,,,,,,本题考点为雾天行驶雾天视线不佳，难以观察周围环境，如果突然紧急制动停车，其他车辆来不及反应容易发生事故，因此要逐渐减速停车所以本题选择错误
2595,2595,被超车时，如条件允许要减速靠右让行。,1,2,1,1,"A:正确, B:错误",正确,错误,,,,,,,,本题考点为后车超车当后车超车时，出于安全考虑，应当在条件允许的情况下减速靠右避让，给后车留出超车空间，防止发生相撞
7715,7715,如图所示，驾驶机动车遇到这种情况，以下做法正确的是什么？,2,2,3,3,"A:长鸣喇叭催促行人快速通过, B:开启远光灯警示行人有车辆驶近, C:降低行驶速度，避让行人, D:适当加速从行人前方绕行",长鸣喇叭催促行人快速通过,开启远光灯警示行人有车辆驶近,降低行驶速度，避让行人,适当加速从行人前方绕行,,,,https://wos.58cdn.com.cn/XyVuTsRqXyf/question/7715-1693899865804.jpg,,图中机动车遇到前方行人正在横过道路，应降低行驶速度，避让行人。《道路交通安全法》第四十七条：机动车行经没有交通信号的道路时，遇行人横过道路，应当避让。
25891,25891,驾驶机动车驶离高速公路时，以下做法正确的是什么？,2,2,1,1,"A:驶入减速车道, B:连续变更多条车道驶入减速车道, C:提前开启左转向灯, D:加速直接驶离高速公路",驶入减速车道,连续变更多条车道驶入减速车道,提前开启左转向灯,加速直接驶离高速公路,,,,,,驶离高速公路应驶入减速车道后驶离；变更车道只能变更一条车道；驶离高速公路应开启右转向灯；不可直接驶离高速公路。所以本题选驶入减速车道。《道路交通安全法实施条例》规定，驾驶机动车驶离高速公路时，提前开启右转向灯，在不妨碍已在高速公路内的车辆正常行驶的情况下驶入减速车道，降低车速后驶入匝道。
224035,224035,桥梁、隧道和陡坡不得超车。,1,2,1,1,"A:正确, B:错误",正确,错误,,,,,,,,通过桥梁、隧道和陡坡时不得超车《道路交通安全法》规定：有下列情形之一的，不得超车：行经铁路道口、交叉路口、窄桥、弯道、陡坡、隧道、人行横道、市区交通流量大的路段等没有超车条件的
548,548,这个标志是何含义？,2,2,1,1,"A:高速公路起点, B:高速公路出口, C:高速公路入口, D:高速公路终点",高速公路起点,高速公路出口,高速公路入口,高速公路终点,,,,https://wos.58cdn.com.cn/XyVuTsRqXyf/question/548-1693897626221.jpg,,图中无红色斜线的是高速公路起点预告，有红色斜线的是高速公路终点预告GB5768.2-2022《道路交通标志和标线第2部分：道路交通标志》9.4.1起点标志：设在高速公路或城市快速路的起点
804,804,驾车在高速公路上遇前方拥堵时，应跟随前车顺序排队，并开启危险报警闪光灯。,1,2,1,1,"A:正确, B:错误",,,,,,,,,,本题考点为高速公路拥堵在高速公路上行驶时遇前方有拥堵，此时车辆速度都较快，应迅速降低车速，为了提醒后车防止追尾，需要开启危险报警闪光灯，所以选择正确
2596,2596,如图所示，在这种情况下遇右侧车辆变更车道，应减速保持间距，注意避让。,1,2,1,1,"A:正确, B:错误",正确,错误,,,,,,https://wos.58cdn.com.cn/XyVuTsRqXyf/question/2596-1693899457504.jpg,,本题考点为避让车辆图中右侧车辆开启左转向灯，表示右侧车辆即将要变更车道进入我方车道，因此出于安全考虑，我方车辆应当保持间距，注意避让
27172,27172,如图所示，驾驶机动车遇到这种情形，以下做法正确的是什么？,2,2,4,4,"A:加速通过, B:变换远近光灯催促行人, C:鸣喇叭提醒行人让行, D:减速让行，必要时停车",加速通过,变换远近光灯催促行人,鸣喇叭提醒行人让行,减速让行，必要时停车,,,,https://wos.58cdn.com.cn/XyVuTsRqXyf/question/27172-1693901506881.jpg,,图中前方人行横道上有行人，此时机动车应当减速让行，必要时停车。加速通过是非常危险且错误的做法，容易引发交通事故。变换远近光灯催促行人以及鸣喇叭提醒行人让行，这种行为可能会惊吓到行人，导致他们出现惊慌失措的反应，也容易引发意外。
224036,224036,"驾驶小型客车在高速公路上速度低于100km/h时，最小跟车距离不得少于50米。
",1,2,1,1,"A:正确, B:错误",正确,错误,,,,,,,,本题考点为高速公路上跟车距离的要求当车速低于每小时100公里时，最小跟车距离不得少于50米《道路交通安全法实施条例》第八十条：机动车在高速公路上行驶，车速超过每小时100公里时，应当与同车道前车保持100米以上的距离，车速低于每小时100公里时，与同车道前车距离可以适当缩短，但最小距离不得少于50米
33828,33828,如图所示，在没有划分道路中心线的道路上行驶会车时必须减速靠右通过。,1,2,1,1,"A:正确, B:错误",,,,,,,,https://wos.58cdn.com.cn/XyVuTsRqXyf/question/33828-1693901959256.jpg,,图中在没有道路中心线的道路上行驶，对向有来车，为了确保安全行车避免碰撞，此时驾驶人会车时应减速靠右通过。《道路交通安全法实施条例》第四十八条：在没有中心隔离设施或者没有中心线的道路上，机动车遇相对方向来车时应当遵守下列规定：减速靠右行驶，并与其他车辆、行人保持必要的安全距离。
549,549,这个标志是何含义？,2,2,4,4,"A:高速公路起点, B:高速公路出口, C:高速公路入口, D:高速公路终点",高速公路起点,高速公路出口,高速公路入口,高速公路终点,,,,https://wos.58cdn.com.cn/XyVuTsRqXyf/question/549-1693897627722.jpg,,图中标志为方形绿色底图案标有高速公路编号，车道上有一条红色斜线，是高速公路、城市快速路指路标志中的高速公路终点标志无红色斜线的是高速公路起点，有红色斜线的是高速公路终点
805,805,在高速公路上遇分流交通管制时，可不驶出高速公路，就地靠边停靠等待管制结束后继续前行。,1,2,2,2,"A:正确, B:错误",,,,,,,,,,高速公路上遇分流管制时，要听从交警指挥，不能随意靠边停车，所以选择错误。高速公路的分流交通管制就是指在高速公路上遇到紧急情况后，将后续来车在匝道口进行管制通行，避免次生事故和交通拥堵，亦或是有紧急交通勤务警卫，需要提前封闭道路，故提前分流车辆。
2597,2597,牵引发生故障的机动车时，最高车速是（）。,2,2,2,2,"A:20km/h, B:30km/h, C:40km/h, D:50km/h",20km/h,30km/h,40km/h,50km/h,,,,,,本题考点为牵引机动车车速《道路交通安全法实施条例》第四十六条：机动车牵引发生故障的机动车时，最高行驶速度不得超过每小时30公里
224037,224037,通过有交通信号灯控制的路口，遇停止信号时，依次停在停止线以外。,1,2,1,1,"A:正确, B:错误",正确,错误,,,,,,,,信号灯红灯亮起，表示禁止通行，机动车应在停止线以外等待《道路交通安全法》第二十六条：红灯表示禁止通行遇到有红灯的路口，应停车等待
550,550,这个标志是何含义？,2,2,2,2,"A:高速公路报警电话号码, B:高速公路交通广播频率, C:高速公路救援电话号码, D:高速公路服务电话号码",高速公路报警电话号码,高速公路交通广播频率,高速公路救援电话号码,高速公路服务电话号码,,,,https://wos.58cdn.com.cn/XyVuTsRqXyf/question/550-1693897629280.jpg,,图中标志为方形绿色底图案中有广播频率和文字“道路交通信息”，是高速公路、城市快速路指路标志中的高速公路交通广播频率标志GB5768.2-2022《道路交通标志和标线第2部分：道路交通标志》9.4.4交通信息标志：用以指示收听高速公路或城市快速路交通信息广播的频率，可在适当地点设置，根据需要可重复设置
806,806,小型客车行驶在平坦的高速公路上，突然有颠簸感觉时，应迅速降低车速，防止爆胎。,1,2,1,1,"A:正确, B:错误",,,,,,,,,,道路本身是平坦的，有颠簸感可能是车出现了故障，要迅速反应，及时减速，找到合适的地点停车检查。题干中是“迅速降低车速”，而不是“迅速停车”，所以正确。
2598,2598,如图所示，在高速公路同方向三条机动车道最左侧车道行驶，应保持什么车速?,2,2,1,1,"A:110 公里/小时～120公里/小时, B:100 公里/小时～120公里/小时, C:90 公里/小时～110公里/小时, D:60 公里/小时～120公里 /小时",110 公里/小时～120公里/小时,100 公里/小时～120公里/小时,90 公里/小时～110公里/小时,60 公里/小时～120公里 /小时,,,,https://wos.58cdn.com.cn/XyVuTsRqXyf/question/2598-1693899460130.jpg,,在高速公路同方向三条机动车道最左侧车道行驶，应保持110公里/小时～120公里/小时的车速。中间车道保持90公里/小时～110公里/小时的车速，最右侧车道保持60公里/小时～90公里/小时的车速。《道路交通安全法实施条例》第七十八条：高速公路应当标明车道的行驶速度，最高车速不得超过每小时120公里，最低车速不得低于每小时60公里。同方向有3条以上车道的，最左侧车道的最低车速为每小时110公里，中间车道的最低车速为每小时90公里。
224038,224038,超车时提前开启左转向灯、变换使用远近光灯或者鸣喇叭，是为了提醒周边车辆和行人。,1,2,1,1,"A:正确, B:错误",正确,错误,,,,,,,,《道路交通安全法实施条例》第四十七条：机动车超车时，应当提前开启左转向灯、变换使用远、近光灯或者鸣喇叭
551,551,这个标志是何含义？,2,2,1,1,"A:停车领卡, B:停车缴费, C:停车检查, D:ETC通道",停车领卡,停车缴费,停车检查,ETC通道,,,,https://wos.58cdn.com.cn/XyVuTsRqXyf/question/551-1693897630910.jpg,,图中标志为方形绿色底。图案中写有“停车领卡”文字，是高速公路、城市快速路指路标志中的停车领卡标志，用以提示停车领卡，设在进入高速公路收费站入口一侧的适当位置。GB5768.2-2022《道路交通标志和标线第2部分：道路交通标志》9.4.6停车领卡标志：用以提示停车领卡，设在进入高速公路收费站前适当位置。
2599,2599,如图所示，在高速公路同方向两条机动车道左侧车道行驶，应保持什么车速?,2,2,2,2,"A:110公里/小时～130公里/小时, B:100 公里/小时～120公里/小时, C:90 公里/小时～110公里/小时, D:60 公里/小时～120公里/小时",110公里/小时～130公里/小时,100 公里/小时～120公里/小时,90 公里/小时～110公里/小时,60 公里/小时～120公里/小时,,,,https://wos.58cdn.com.cn/XyVuTsRqXyf/question/2599-1693899462790.jpg,,图中是同向有两条车道的高速公路，在最左侧车道行驶，应保持100公里/小时～120公里/小时的车速。最右侧车道保持60公里/小时～100公里/小时的车速。《道路交通安全法实施条例》第七十八条：高速公路应当标明车道的行驶速度，最高车速不得超过每小时120公里，最低车速不得低于每小时60公里。同方向有2条车道的，左侧车道的最低车速为每小时100公里。
13607,13607,这个标志是什么?,2,2,3,3,"A:电动车充电站, B:加油站, C:地铁, D:急救站",电动车充电站,加油站,地铁,急救站,,,,https://wos.58cdn.com.cn/XyVuTsRqXyf/question/13607-1716190203883.jpg,,本题考点为道路交通标志相关内容。图中标志是地铁识别标志。本题选地铁。地铁识别标志，为道路使用者提供各种重要场所的识别和指向，设在所识别场所前适当位置。
224039,224039,"经过下列哪些地点可以超车？
",2,2,3,3,"A:窄桥, B:隧道, C:城市快速路, D:交叉路口",窄桥,隧道,城市快速路,交叉路口,,,,,,《道路交通安全法实施条例》第七十三条：行经繁华路段、交叉路口、铁路道口、人行横道、急弯路、宽度不足4米的窄路或者窄桥、陡坡、隧道或者容易发生危险的路段，不得超车
322599,322599,如图所示，车辆可在行人未通过前加速通过。,1,2,2,2,"A:正确, B:错误",对,错,,,,,,https://wos.58cdn.com.cn/XyVuTsRqXyf/question/322599-1774506347555.jpg,,《道路交通安全法》第四十七条：机动车行经人行横道时，应当减速行驶；遇行人正在通过人行横道，应当停车让行机动车行经没有交通信号的道路时，遇行人横过道路，应当避让
552,552,这个标志是何含义？,2,2,4,4,"A:高速公路领卡处, B:高速公路收费处, C:高速公路检查站, D:设有ETC的收费站",高速公路领卡处,高速公路收费处,高速公路检查站,设有ETC的收费站,,,,https://wos.58cdn.com.cn/XyVuTsRqXyf/question/552-1693897632390.jpg,,图中标志为方形绿色底。图案中标有文字收费站和ETC，并画有小汽车和收费窗口，是高速公路、城市快速路指路标志中的设有ETC的收费站标志。车辆在通过收费站时，通过车载设备实现车辆识别、信息写入（入口）并自动从预先绑定的IC卡或银行帐户上扣除相应资金（出口），是国际上正在努力开发并推广普及的一种用于道路、大桥和隧道的电子收费系统。GB5768.2-2022《道路交通标志和标线第2部分：道路交通标志》9.5.3收费站预告及收费站标志：用以指示前方收费站。根据需要，可在距收费广场渐变段起点2km、1km、500m及渐变段起点处对应设置收费站预告标志与收费站标志。
808,808,《道路交通安全法实施条例》规定，高速公路上最高时速不得超过120公里。因此在高速公路上行驶只要时速不超过120公里就不违法。,1,2,2,2,"A:正确, B:错误",,,,,,,,,,本题考点为高速公路。高速公路上行车，不仅车速不得超过120，还不能低于60。《道路交通安全法实施条例》第七十八条：高速公路应当标明车道的行驶速度，最高车速不得超过每小时120公里，最低车速不得低于每小时60公里。
2600,2600,如图所示，在同方向三条机动车道的高速公路中间车道行驶，车速不能低于多少公里？,2,2,2,2,"A:100公里/小时, B:90公里/小时, C:110公里/小时, D:60公里/小时",100公里/小时,90公里/小时,110公里/小时,60公里/小时,,,,https://wos.58cdn.com.cn/XyVuTsRqXyf/question/2600-1693899465494.jpg,,图中是同向有三条车道的高速公路，在中间车道行驶，车速不能低于90公里/小时最左侧车道最低车速为110公里/小时，最右侧车道最低车速为60公里/小时《道路交通安全法实施条例》第七十八条：高速公路应当标明车道的行驶速度，最高车速不得超过每小时120公里，最低车速不得低于每小时60公里同方向有3条以上车道的，最左侧车道的最低车速为每小时110公里，中间车道的最低车速为每小时90公里
224040,224040,在路边临时停车时应顺向停放。,1,2,1,1,"A:正确, B:错误",正确,错误,,,,,,,,机动车在道路上临时停车时，必须紧靠道路右侧，并按顺行方向停放
553,553,这个标志是何含义？,2,2,1,1,"A:高速公路ETC车道, B:高速公路缴费车道, C:高速公路检查车道, D:高速公路领卡车道",高速公路ETC车道,高速公路缴费车道,高速公路检查车道,高速公路领卡车道,,,,https://wos.58cdn.com.cn/XyVuTsRqXyf/question/553-1693897634098.jpg,,图中标志为方形绿色底。图案为车道中有一个黄色箭头，并标有文字ETC，是高速公路、城市快速路指路标志中的高速公路ETC车道标志，黄色箭头表示ETC车辆的行驶方向。GB5768.2-2022《道路交通标志和标线第2部分：道路交通标志》9.5.4电子不停车收费(ETC)车道指引标志：用以指明电子不停车收费车道，设在收费广场渐变段起点前300m处，标志版面中宜指示收费车道数量，当车道数量超过5时，以5车道表示，黄色箭头表示ETC车辆的行驶方向。
809,809,车辆在高速公路行驶时，可以仅凭感觉确认车速。,1,2,2,2,"A:正确, B:错误",,,,,,,,,,本题考点为高速公路行驶。高速公路上机动车行驶速度较快，若仅凭感觉确认车速，一旦有失误则会造成严重事故。确认车速要通过仪表盘上的速度与里程表，而不能仅凭感觉，所以本题选择错误。
2601,2601,如图所示，在高速公路同方向三条机动车道右侧车道行驶，车速不能低于多少?,2,2,4,4,"A:80公里/小时, B:100公里/小时, C:110公里/小时, D:60 公里/小时",80公里/小时,100公里/小时,110公里/小时,60 公里/小时,,,,https://wos.58cdn.com.cn/XyVuTsRqXyf/question/2601-1693899468021.jpg,,图中是同向有三条车道的高速公路，在右侧车道行驶，车速不能低于60公里/小时。最左侧车道最低车速为110公里/小时，中间车道的最低车速为每小时90公里。《道路交通安全法实施条例》第七十八条：高速公路应当标明车道的行驶速度，最高车速不得超过每小时120公里，最低车速不得低于每小时60公里。同方向有3条以上车道的，最左侧车道的最低车速为每小时110公里，中间车道的最低车速为每小时90公里。
224041,224041,在高速公路上发生故障后，应将车上人员迅速转移至车辆前方等待救援。,1,2,2,2,"A:正确, B:错误",正确,错误,,,,,,,,《道路交通安全法》第六十八条：机动车在高速公路上发生故障时，应当依照本法第五十二条的有关规定办理；但是，警告标志应当设置在故障车来车方向一百五十米以外，车上人员应当迅速转移到右侧路肩上或者应急车道内，并且迅速报警
322601,322601,图中路段不允许掉头。,1,2,2,2,"A:正确, B:错误",对,错,,,,,,https://wos.58cdn.com.cn/XyVuTsRqXyf/question/322601-1774506274604.jpg,,图中没有禁止掉头标志，且路中心是黄色虚线可跨越，在确保安全的情况下是可以掉头《道路交通安全法实施条例》第四十九条：机动车在没有禁止掉头或者没有禁止左转弯标志、标线的地点可以掉头，但不得妨碍正常行驶的其他车辆和行人的通行
554,554,这个标志是何含义？,2,2,2,2,"A:高速公路特殊天气最高速度, B:高速公路特殊天气建议速度, C:高速公路特殊天气最低速度, D:高速公路特殊天气平均速度",高速公路特殊天气最高速度,高速公路特殊天气建议速度,高速公路特殊天气最低速度,高速公路特殊天气平均速度,,,,https://wos.58cdn.com.cn/XyVuTsRqXyf/question/554-1693897635384.jpg,,"图中标志为方形绿色底。图案中有乌云表示特殊天气，黄色时速表示建议速度，是高速公路、城市快速路指路标志中的高速公路特殊天气建议速度标志。标志中如果是黄色数字，表示限最高速度；白色数字表示限最低速度；黑色数字是建议速度。GB5768.2-2022《道路交通标志和标线第2部分：道路交通标志》9.4.7特殊天气建议速度标志：以提醒驾驶人在雨、雪、雾等特殊天气下，以建议速度行驶。和白色半圆状车距确认线配合使用。表示在特殊天气下，仅能看到前方一个半圆状车距线时，建议车速为50km/h；表示在特殊天气下，仅能看到前方两个半圆状车距线时，建议车速为60km/h,标志中的建议速度数值仅为示例。"
2602,2602,车速为95km/h时，可在哪条车道行驶？,2,2,2,2,"A:A车道, B:B车道, C:C车道, D:D车道",A车道,B车道,C车道,D车道,,,,https://wos.58cdn.com.cn/XyVuTsRqXyf/question/2602-1693899470577.jpg,,图中车道上方的绿牌标志注明了每条车道的限速范围，A车道限速为100-120km/h，B车道限速为80-100km/h，C车道限速为60-80km/h，D车道是应急车道非紧急情况不得行车因此车速为95km/h时，应当在车道B行驶
13610,13610,驾驶机动车在遇这种情况时，我方车辆不能超越是因为？,2,2,4,4,"A:前车速度过快, B:我方车速不足以超越前车, C:路中心为黄线, D:前车正在超车",前车速度过快,我方车速不足以超越前车,路中心为黄线,前车正在超车,,,,https://wos.58cdn.com.cn/XyVuTsRqXyf/question/13610-1715068284165.jpg,,前车正在超车时，会遮挡视野造成盲区，无法看见是否有对向车接近，若跟上去一起超车，有可能会撞车。《道路交通安全法》第四十三条：前车正在左转弯、掉头、超车时，不得超车。
224042,224042,车辆在高速公路发生故障后，做法错误的是（）。,2,2,4,4,"A:迅速拨打报警电话, B:开启危险报警闪光灯, C:按规定设置警告标志, D:坐在车内等待救援",迅速拨打报警电话,开启危险报警闪光灯,按规定设置警告标志,坐在车内等待救援,,,,,,高速上发生故障车上人员应转移到安全地方，不能在车内等待；《道路交通安全法》第六十八条：机动车在高速公路上发生故障时，应当依照本法第五十二条的有关规定办理；但是，警告标志应当设置在故障车来车方向一百五十米以外，车上人员应当迅速转移到右侧路肩上或者应急车道内，并且迅速报警
33834,33834,驾车在高速公路发生故障时，以下做法正确的是（）。,2,2,2,2,"A:坐在车内等待救援, B:开启危险报警闪光灯并正确设置警告标志, C:拦截过往车辆帮助拖车, D:让其他机动车牵引",坐在车内等待救援,开启危险报警闪光灯并正确设置警告标志,拦截过往车辆帮助拖车,让其他机动车牵引,,,,,,高速上发生故障车上人员应转移到安全地方，不能在车内等待；高速上行驶速度较快此时拦截过往车辆帮助拖车是非常危险的行为；牵引故障车应该由专门的救援车、清障车拖拽牵引所以本题选开启危险报警闪光灯，并在来车方向150米外设置警告标志《道路交通安全法》第六十八条：机动车在高速公路上发生故障时，应当依照本法第五十二条的有关规定办理；但是，警告标志应当设置在故障车来车方向一百五十米以外，车上人员应当迅速转移到右侧路肩上或者应急车道内，并且迅速报警
322602,322602,机动车行经人行横道时不得超车。,1,2,1,1,"A:正确, B:错误",对,错,,,,,,,,本题考点为禁止超车相关内容《道路交通安全法》第四十三条：行经铁路道口、交叉路口、窄桥、弯道、陡坡、隧道、人行横道、市区交通流量大的路段等没有超车条件的，不得超车
555,555,这个标志是何含义？,2,2,3,3,"A:高速公路公用电话, B:高速公路报警电话, C:高速公路紧急电话, D:高速公路救援电话",高速公路公用电话,高速公路报警电话,高速公路紧急电话,高速公路救援电话,,,,https://wos.58cdn.com.cn/XyVuTsRqXyf/question/555-1716455467386.jpg,,图中标志为方形绿色底。图案为一个黑色电话听筒，是高速公路、城市快速路指路标志中的高速公路紧急电话标志，用于指示高速公路紧急电话的位置，可单独设置也可设在紧急电话的立柱上或箱体上。高速公路救援电话标志上写有文字“救援”和电话号码。GB5768.2-2022《道路交通标志和标线第2部分：道路交通标志》9.5.1紧急电话标志：用以指示高速公路紧急电话的位置，可单独设置也可设在紧急电话的立柱上或电话箱上。
2603,2603,如图所示，在这种情况下，您应该轻踩制动踏板减速。,1,2,1,1,"A:正确, B:错误",正确,错误,,,,,,https://wos.58cdn.com.cn/XyVuTsRqXyf/question/2603-1693899473403.jpg,,图中道路右侧有限速标志，表示机动车行驶车速不得超过60公里/小时。仪表盘上显示此时车速已经超过了60公里/小时，因此需要减速，所以应该轻踩制动踏板，选择正确。
13611,13611,前方路口怎么行驶？,2,2,1,1,"A:减速或停车避让行人, B:加速通过, C:赶在行人前通过, D:靠左侧行驶",减速或停车避让行人,加速通过,赶在行人前通过,靠左侧行驶,,,,https://wos.58cdn.com.cn/XyVuTsRqXyf/question/13611-1715067434056.jpg,,遇到前方有行人横过道路，应减速或停车避让行人。《道路交通安全法》第四十七条：机动车行经没有交通信号的道路时，遇行人横过道路，应当避让。
224043,224043,变更车道时，以下做法正确的是（）。,2,2,3,3,"A:可连续变更两条车道, B:向右变道无需开启转向灯, C:注意观察其他车辆行驶动向, D:开启转向灯同时迅速变更车道",可连续变更两条车道,向右变道无需开启转向灯,注意观察其他车辆行驶动向,开启转向灯同时迅速变更车道,,,,,,变更车道时驾驶人应确定行车安全，通过后视镜观察变道方向和车道情况，观察变道方向后视镜盲区内情况，变更车道前开启转向灯持续3s以上，确认安全后变更车道
33835,33835,在城市快速路上通行，图中A车的违法行为是（）。,2,2,1,1,"A:占用应急车道行驶, B:占用非机动车道行驶, C:占用公交专用道行驶, D:占用快速车道行驶",占用应急车道行驶,占用非机动车道行驶,占用公交专用道行驶,占用快速车道行驶,,,,https://wos.58cdn.com.cn/XyVuTsRqXyf/question/33835-1693901961580.jpg,,图中A车在应急车道行驶，机动车非紧急情况不得占用应急车道行驶，将被一次记6分《道路交通安全违法行为记分管理办法》第十条：驾驶机动车在高速公路或者城市快速路上违法占用应急车道行驶的，一次记6分
556,556,这个标志是何含义？,2,2,4,4,"A:高速公路公用电话, B:高速公路报警电话, C:高速公路紧急电话, D:高速公路救援电话",高速公路公用电话,高速公路报警电话,高速公路紧急电话,高速公路救援电话,,,,https://wos.58cdn.com.cn/XyVuTsRqXyf/question/556-1716189986232.jpg,,图中标志为方形绿色底。图中写有救援电话，是高速公路、城市快速路指路标志中的高速公路救援电话标志，用于指示高速公路救援电话号码，没有设置紧急电话的高速公路上应设置救援电话标志。GB5768.2-2022《道路交通标志和标线第2部分：道路交通标志》9.5.2救援电话标志：用以指示救援电话号码，见图293。未设置紧急电话的高速公路上应设置救援电话标志。
2604,2604,夜间会车时距对向来车150米以内应使用近光灯的原因是什么？,2,2,2,2,"A:驾驶人的操作习惯行为, B:使用远光灯会造成双方驾驶人出现炫目，而发生危险, C:两车之间相互提示, D:提示后方车辆",驾驶人的操作习惯行为,使用远光灯会造成双方驾驶人出现炫目，而发生危险,两车之间相互提示,提示后方车辆,,,,,,由于远光灯过亮，夜间驾驶机动车与前车距离较近时使用远光灯，会使人眩目影响安全驾驶，容易发生危险，所以此时要使用近光灯《道路交通安全法实施条例》第四十八条：夜间会车应当在距相对方向来车150米以外改用近光灯，在窄路、窄桥与非机动车会车时应当使用近光灯
13612,13612,如图所示，车辆此时可以怎么行驶？,2,2,2,2,"A:只能直行, B:左转或者直行, C:左转或右转, D:直行或右转",只能直行,左转或者直行,左转或右转,直行或右转,,,,https://wos.58cdn.com.cn/XyVuTsRqXyf/question/13612-1716190240819.jpg,,本题考点为道路交通标线相关内容图中车辆处于左转或者直行车道，且已经进入实线部分不能更换车道，所以本题选左转或者直行
224044,224044,图中左侧蓝车超车时，己车应减速让行。,1,2,1,1,"A:正确, B:错误",正确,错误,,,,,,https://wos.58cdn.com.cn/XyVuTsRqXyf/question/224044-1757560549907.jpg,,图中左侧车辆正在超车，此时我方车辆应减速让行，靠右行驶，不得迅速变道，伺机反超
322604,322604,遇后车超车时，在条件许可的情况下应减速靠右让路，是为了给后车留出超车空间。,1,2,1,1,"A:正确, B:错误",对,错,,,,,,,,驾驶机动车遇后车发出超车信号时，在条件允许的情况下，应当降低速度、靠右让路
557,557,这个标志是何含义？,2,2,1,1,"A:高速公路紧急停车带, B:高速公路避让处所, C:高速公路停车区, D:高速公路客车站",高速公路紧急停车带,高速公路避让处所,高速公路停车区,高速公路客车站,,,,https://wos.58cdn.com.cn/XyVuTsRqXyf/question/557-1693897640672.jpg,,图中标志为方形绿色底。图案为黑色车道且中间有一条白色虚线，为高速公路、城市快速路指路标志中的高速公路紧急停车带标志。在公路路侧设置紧急停车带，就是为了保证公路畅通，减少事故车、故障车的干扰。黑色部分是紧急停车带，这里表示高速公路应急停车带，此图高速专用。
13613,13613,机动车在没有划分机动车道、非机动车道和人行道的道路中间通行，是要给两侧的非机动车和行人留出通行空间。,1,2,1,1,"A:正确, B:错误",,,,,,,,https://wos.58cdn.com.cn/XyVuTsRqXyf/question/13613-1715067276257.jpg,,图中是没有中心线的道路，在中间行驶是为了给两侧的非机动车和行人留出充足的通行空间所以本题选正确《道路交通安全法》第三十六条：没有划分机动车道、非机动车道和人行道的，机动车在道路中间通行，非机动车和行人在道路两侧通行
224045,224045,在高速公路匝道、加速车道或者减速车道内禁止超车。,1,2,1,1,"A:正确, B:错误",正确,错误,,,,,,,,《道路交通安全法实施条例》第八十二条：机动车在高速公路上行驶，不得有下列行为：倒车、逆行、穿越中央分隔带掉头或者在车道内停车；在匝道、加速车道或者减速车道上超车
33581,33581,驾驶机动车超车时，以下做法正确的是什么？,2,2,4,4,"A:从同车道前方车辆的右侧超车, B:可连续超越多辆机动车, C:前方车辆正在超车时，可连续鸣喇叭强行超越, D:提前开启左转向灯",从同车道前方车辆的右侧超车,可连续超越多辆机动车,前方车辆正在超车时，可连续鸣喇叭强行超越,提前开启左转向灯,,,,,,超车时应提前开启左转向灯，提醒其他车辆即将变道超车。超车只能从左侧超越，不可从右侧超车；连续超越多辆车的行为非常危险不可取。前方车辆正在超车时，我方车辆禁止超车。《道路交通安全法实施条例》第四十七条：机动车超车时，应当提前开启左转向灯、变换使用远、近光灯或者鸣喇叭。
322605,322605,驾车变更车道应提前开启转向灯。,1,2,1,1,"A:正确, B:错误",对,错,,,,,,,,驾车变更车道要提前开启转向灯，观察其他车辆动向，成功变更车道后关闭转向灯因此本题选择正确
46,46,下列关于图中所示信号灯的含义正确的是（）。,2,2,2,2,"A:路口警示, B:禁止通行, C:准许通行, D:提醒注意",路口警示,禁止通行,准许通行,提醒注意,,,,https://wos.58cdn.com.cn/XyVuTsRqXyf/question/46-1757561356083.jpg,,本题考点为信号灯相关内容图中信号灯是红灯，红灯表示禁止通行《道路交通安全法》第二十六条：交通信号灯由红灯、绿灯、黄灯组成红灯表示禁止通行，绿灯表示准许通行，黄灯表示警示
558,558,这个标志是何含义？,2,2,2,2,"A:高速公路服务区, B:高速公路加油站, C:高速公路休息区, D:高速公路客车站",高速公路服务区,高速公路加油站,高速公路休息区,高速公路客车站,,,,https://wos.58cdn.com.cn/XyVuTsRqXyf/question/558-1693897642317.jpg,,图中标志为方形绿色底。图案为一个加油机，是高速公路、城市快速路指路标志中的高速公路加油站标志，用于指示加油站的位置，设在通往加油站的入口附近。
2606,2606,为什么规定辅路车让主路车先行?,2,2,1,1,"A:主路车流量大、速度快, B:辅路车便于观察, C:主路车流量小、速度快, D:辅路车速度快",主路车流量大、速度快,辅路车便于观察,主路车流量小、速度快,辅路车速度快,,,,,,主路为干线，辅路为支线。一般主路车道较多，车速较快，车流量大；而辅路车流量小、速度慢，所以安全起见，规定辅路车让主路车。
322606,322606,如图所示，驾驶机动车遇到这种情况能够加速通过，是因为人行横道没有行人通过。,1,2,2,2,"A:正确, B:错误",对,错,,,,,,https://wos.58cdn.com.cn/XyVuTsRqXyf/question/322606-1774506139551.jpg,,驾驶机动车遇到人行横道时必须减速让行，必要时需要停车让行行人具有随意性，突发状况多，需要谨慎减速慢行《道路交通安全法》第四十七条：机动车行经人行横道时，应当减速行驶；遇行人正在通过人行横道，应当停车让行机动车行经没有交通信号的道路时，遇行人横过道路，应当避让
47,47,如图所示，前方路口这种信号灯亮表示什么意思？,2,2,1,1,"A:路口警示, B:加速直行, C:加速左转, D:禁止右转",路口警示,加速直行,加速左转,禁止右转,,,,https://wos.58cdn.com.cn/XyVuTsRqXyf/question/47-1693897073263.jpg,,本题考点为信号灯相关内容图中信号灯是黄灯，黄灯表示路口警示《道路交通安全法》第二十六条：交通信号灯由红灯、绿灯、黄灯组成红灯表示禁止通行，绿灯表示准许通行，黄灯表示警示
559,559,这个标志是何含义？,2,2,2,2,"A:高速公路收费站预告, B:高速公路服务区预告, C:高速公路避险处预告, D:高速公路客车站预告",高速公路收费站预告,高速公路服务区预告,高速公路避险处预告,高速公路客车站预告,,,,https://wos.58cdn.com.cn/XyVuTsRqXyf/question/559-1693897644015.jpg,,图中标志为方形绿色底。图案中有字母P、加油机、扳手、刀叉、地名文字和指示位置箭头，是高速公路、城市快速路指路标志中的高速公路服务区预告标志，用于预告服务区的位置。GB5768.2-2022《道路交通标志和标线第2部分：道路交通标志》9.5.6服务区预告标志：用以预告服务区的位置。
2607,2607,图中对向车辆具有优先通行权。,1,2,1,1,"A:正确, B:错误",正确,错误,,,,,,https://wos.58cdn.com.cn/XyVuTsRqXyf/question/2607-1693899476462.jpg,,本题考点为障碍路段行驶我方车辆行驶道路前方有障碍，根据通行规则，让无障碍的一方先行，所以对方车辆具有先行权《道路交通安全法实施条例》第四十八条：在有障碍的路段，无障碍的一方先行；但有障碍的一方已驶入障碍路段而无障碍的一方未驶入时，有障碍的一方先行
322607,322607,这个标志是何含义？,2,2,3,3,"A:行人先行, B:注意行人, C:仅供行人步行, D:低速行驶",行人先行,注意行人,仅供行人步行,低速行驶,,,,https://wos.58cdn.com.cn/XyVuTsRqXyf/question/322607-1774506088326.jpg,,本题考点为道路交通标志相关内容图中标志为行人标志，表示仅供行人步行通过
48,48,图中信号灯的含义是（）。,2,2,3,3,"A:路口警示, B:禁止通行, C:准许通行, D:提醒注意",路口警示,禁止通行,准许通行,提醒注意,,,,https://wos.58cdn.com.cn/XyVuTsRqXyf/question/48-1757561526211.jpg,,本题考点为信号灯相关内容图中信号灯是绿灯，绿灯表示准许通行《道路交通安全法》第二十六条：交通信号灯由红灯、绿灯、黄灯组成红灯表示禁止通行，绿灯表示准许通行，黄灯表示警示
560,560,这个标志是何含义？,2,2,1,1,"A:高速公路停车区预告, B:高速公路避险处预告, C:高速公路服务区预告, D:高速公路停车场预告",高速公路停车区预告,高速公路避险处预告,高速公路服务区预告,高速公路停车场预告,,,,https://wos.58cdn.com.cn/XyVuTsRqXyf/question/560-1693897645583.jpg,,图中标志为方形绿色底。图案中有字母P、咖啡杯、地名文字和指示位置箭头，是高速公路、城市快速路指路标志中的高速公路停车区预告标志。高速公路服务区预告标志的图案有加油机、扳手、刀叉。GB5768.2-2022《道路交通标志和标线第2部分：道路交通标志》9.5.7停车区预告标志：用以预告停车区的位置。分别设在距基准点1km处、基准点及停车区入口附近。如有需要，可在距基准点500m或路段适当位置增设一块预告标志。
2608,2608,如图所示，当您超越右侧车辆时，应该尽快超越，减少并行时间。,1,2,1,1,"A:正确, B:错误",正确,错误,,,,,,https://wos.58cdn.com.cn/XyVuTsRqXyf/question/2608-1693899479137.jpg,,本题考点为超车。图中右侧有车，超车时应尽快超越，以减少两车并行的时间。两车并行更危险，容易发生事故，应当尽量避免。
49,49,交通信号包括交通信号灯、交通标志、交通标线和交通警察的指挥。,1,2,1,1,"A:正确, B:错误",,,,,,,,,,本题考点为道路交通信号相关内容。题中描述的信号灯、标志、标线以及交警的指挥都属于交通信号。《道路交通安全法》第二十五条：交通信号包括交通信号灯、交通标志、交通标线和交通警察的指挥。
224049,224049,如图所示，驾车在没有中心隔离设施或者没有中心线的道路上会车时，以下做法错误的是（）。,2,2,1,1,"A:加速通过, B:预留足够横向安全距离, C:驶近会车地点过程中降低车速, D:减速靠右行驶",加速通过,预留足够横向安全距离,驶近会车地点过程中降低车速,减速靠右行驶,,,,https://wos.58cdn.com.cn/XyVuTsRqXyf/question/224049-1757560739703.jpg,,本题考点为会车在没有中心线的道路，与对向来车会车时，出于安全行驶的考虑，必须减速靠右，驶近会车地点过程中降低车速，预留足够横向安全距离，防止发生相撞事故
33585,33585,白天驾驶机动车超车时，应提前开启什么灯光？,2,2,3,3,"A:危险报警闪光灯, B:远光灯, C:左转向灯, D:右转向灯",危险报警闪光灯,远光灯,左转向灯,右转向灯,,,,,,白天超车应提前开启左转向灯，提醒其他车辆即将变道超车。远光灯适用于照明条件不好的路段；右转向灯适用于右转弯的时候开启；危险报警闪光灯适用于车辆发生故障的时候开启。《道路交通安全法实施条例》第四十七条：机动车超车时，应当提前开启左转向灯、变换使用远、近光灯或者鸣喇叭。
50,50,交通标志和交通标线不属于交通信号。,1,2,2,2,"A:正确, B:错误",,,,,,,,,,本题考点为道路交通信号相关内容。交通标志和交通标线属于交通信号。题中说不属于，是错误的。《道路交通安全法》第二十五条：交通信号包括交通信号灯、交通标志、交通标线和交通警察的指挥。
562,562,这属于哪一种标志？,2,2,1,1,"A:旅游区标志, B:作业区标志, C:告示标志, D:高速公路标志",旅游区标志,作业区标志,告示标志,高速公路标志,,,,https://wos.58cdn.com.cn/XyVuTsRqXyf/question/562-1693897648303.jpg,,图中标志为方形棕色底，为旅游区标志。旅游区标志的特点为棕底、白字、白图案、白边框。GB5768.2-2022《道路交通标志和标线第2部分：道路交通标志》10.1旅游区标志一般规定：用以指引人们前往邻近的旅游区，识别通往旅游区的方向和距离，了解旅游项目的类别。旅游区标志分为旅游指引标志和旅游符号标志两类。
2610,2610,在划有道路中心线的道路上会车时，应做到保持安全车速、不越线行驶。,1,2,1,1,"A:正确, B:错误",正确,错误,,,,,,,,本题考点为会车在有中心线的道路上会车，应当按各自车道行驶，不越线行驶，保持安全车速，临近交会时条件不良，更应控制车速，不能盲目交会，必要时应该先停车，以达到两车顺利交会的目的
224050,224050,驾车在图中没有中心线的道路上遇对向来车时怎样行驶？,2,2,4,4,"A:靠路中心行驶, B:借用非机动车道通行, C:骑压路侧白线行驶, D:减速靠右通行",靠路中心行驶,借用非机动车道通行,骑压路侧白线行驶,减速靠右通行,,,,https://wos.58cdn.com.cn/XyVuTsRqXyf/question/224050-1757561190682.jpg,,《道路交通安全法实施条例》第四十八条：在没有中心隔离设施或者没有中心线的道路上，减速靠右行驶，并与其他车辆、行人保持必要的安全距离
33842,33842,在高速公路上驾驶机动车，遇前方交通拥堵时可临时借用应急车道行驶。,1,2,2,2,"A:正确, B:错误",,,,,,,,,,非紧急情况下机动车不能占用应急车道行驶。所以本题选错误。《道路交通安全法实施条例》第八十二条：机动车在高速公路上行驶，不得有下列行为：非紧急情况时在应急车道行驶或者停车。
51,51,交通信号灯由红灯、绿灯和黄灯组成。,1,2,1,1,"A:正确, B:错误",,,,,,,,,,本题考点为道路交通信号相关内容。信号灯有红、黄、绿三种颜色。《道路交通安全法》第二十六条：交通信号灯由红灯、绿灯、黄灯组成。红灯表示禁止通行，绿灯表示准许通行，黄灯表示警示。
563,563,这个标志是何含义？,2,2,2,2,"A:旅游区类别, B:旅游区距离, C:旅游区方向, D:旅游区符号",旅游区类别,旅游区距离,旅游区方向,旅游区符号,,,,https://wos.58cdn.com.cn/XyVuTsRqXyf/question/563-1693897649773.jpg,,图中标志为方形棕色底。图案中有景区，并标注了景区的名称和距离，是旅游区标志中的旅游区距离标志，用于表示预告旅游区的距离。GB5768.2-2022《道路交通标志和标线第2部分：道路交通标志》10.2.2旅游区距离标志：设在路段适当位置。一块版面中旅游景点的数目不宜超过三个，旅游景点应按照从近到远的顺序由上至下排列。
2611,2611,如图所示，直行车辆遇到前方路口堵塞，以下说法正确的是什么?,2,2,2,2,"A:可以直接驶入路口内等待通行, B:等前方道路疏通后，且信号灯为绿灯时方可继续行驶, C:只要信号灯为绿灯，就可通过, D:等有其他机动车进入路口时跟随行驶",可以直接驶入路口内等待通行,等前方道路疏通后，且信号灯为绿灯时方可继续行驶,只要信号灯为绿灯，就可通过,等有其他机动车进入路口时跟随行驶,,,,https://wos.58cdn.com.cn/XyVuTsRqXyf/question/2611-1693899484919.jpg,,图中前方路口堵塞，此时直接驶入路口会加重拥堵。应等前方道路疏通后，且信号灯为绿灯时再继续行驶。《道路交通安全法实施条例》第五十三条：机动车遇有前方交叉路口交通阻塞时，应当依次停在路口以外等候，不得进入路口。
52,52,道路交通标线分为指示标线、警告标线、禁止标线。,1,2,1,1,"A:正确, B:错误",,,,,,,,,,本题考点为道路交通标线相关内容。《道路交通安全法实施条例》第三十条：道路交通标线分为指示标线、警告标线、禁止标线。
564,564,这个标志是何含义？,2,2,3,3,"A:旅游区类别, B:旅游区距离, C:旅游区方向, D:旅游区符号",旅游区类别,旅游区距离,旅游区方向,旅游区符号,,,,https://wos.58cdn.com.cn/XyVuTsRqXyf/question/564-1693897651359.jpg,,图中标志为方形棕色底。图案中有景区，并标注了景区名称和方向，是旅游区标志中的旅游区方向标志。GB5768.2-2022《道路交通标志和标线第2部分：道路交通标志》10.2.3旅游区方向标志：设在通往旅游区连接道路的交叉口处、高速公路或城市快速路出口的减速车道起点附近，不应影响交叉口指路标志或高速公路出口指路标志。
2612,2612,图中车辆在拥堵路段排队行驶时，遇其他车辆强行穿插行驶，为保证安全，以下做法正确的是（）。,2,2,4,4,"A:持续鸣喇叭警告, B:提高车速阻止其穿插, C:突然转向躲避, D:减速或停车让行",持续鸣喇叭警告,提高车速阻止其穿插,突然转向躲避,减速或停车让行,,,,https://wos.58cdn.com.cn/XyVuTsRqXyf/question/2612-1693899489404.jpg,,图中车辆在拥堵路段遇到其他车辆强行穿插，为避免发生碰撞，要减速或停车让行《道路交通安全法》第四十五条：机动车遇有前方车辆停车排队等候或者缓慢行驶时，不得借道超车或者占用对面车道，不得穿插等候的车辆
33844,33844,机动车在高速公路上发生故障或交通事故无法正常行驶时，在确保安全的情况下，可以由同行的其他机动车牵引。,1,2,2,2,"A:正确, B:错误",,,,,,,,,,高速上发生故障无法正常行驶，应该由专门的救援车、清障车拖拽牵引，其他车辆不能牵引。所以本题选择错误。《道路交通安全法》第六十八条：机动车在高速公路上发生故障或者交通事故，无法正常行驶的，应当由救援车、清障车拖曳、牵引。
53,53,驾驶机动车在这种道路上如何通行？,2,2,2,2,"A:在道路两边通行, B:在道路中间通行, C:实行分道通行, D:可随意通行",在道路两边通行,在道路中间通行,实行分道通行,可随意通行,,,,https://wos.58cdn.com.cn/XyVuTsRqXyf/question/53-1693897079691.jpg,,本题考点为道路通行原则相关内容。图中是没有划线的路段，机动车要在道路中间行驶。给两侧的行人和非机动车留有足够的通行空间。《道路交通安全法》第三十六条：没有划分机动车道、非机动车道和人行道的，机动车在道路中间通行，非机动车和行人在道路两侧通行。
565,565,这个标志是何含义？,2,2,3,3,"A:提醒车辆驾驶人前方道路沿水库、湖泊、河流, B:提醒车辆驾驶人前方有向上的陡坡路段, C:提醒车辆驾驶人前方有向下的陡坡路段, D:提醒车辆驾驶人前方有两个及以上的连续上坡路段",提醒车辆驾驶人前方道路沿水库、湖泊、河流,提醒车辆驾驶人前方有向上的陡坡路段,提醒车辆驾驶人前方有向下的陡坡路段,提醒车辆驾驶人前方有两个及以上的连续上坡路段,,,,https://wos.58cdn.com.cn/XyVuTsRqXyf/question/565-1693897652914.jpg,,图中标志为三角形黑边黄色底。图案为一个箭头沿坡道指向左下，是警告标志中的下陡坡标志，提醒车辆驾驶人前方有向下的陡坡路段。一个箭头沿坡上指向右上为上陡坡，一个箭头沿坡道指向左下为下陡坡，连续两个箭头指向左下为连续下坡。GB5768.2-2022《道路交通标志和标线第2部分：道路交通标志》7.6陡坡标志：用以提醒车辆驾驶人前方有陡坡。
2613,2613,遇前方路段车道减少，车辆行驶缓慢，为保证安全有序应该怎样做?,2,2,1,1,"A:依次交替通行, B:穿插到前方排队车辆中通过, C:加速从前车左右超越, D:借对向车道迅速通过",依次交替通行,穿插到前方排队车辆中通过,加速从前车左右超越,借对向车道迅速通过,,,,,,前方路段车道减少、车辆行驶缓慢时，穿插到前方排队车辆中通过、加速从前车左右超越以及借对向车道迅速通过这些做法都是非常危险且违法的，极易引发交通事故。所以本题选依次交替通行。《道路交通安全法实施条例》第五十三条：机动车在车道减少的路口、路段，遇有前方机动车停车排队等候或者缓慢行驶的，应当每车道一辆依次交替驶入车道减少后的路口、路段。
224053,224053,"如图所示，夜间驾车在窄桥会车怎样使用灯光？
",2,2,1,1,"A:开启近光灯, B:关闭前照灯, C:开启危险报警闪光灯, D:开启远光灯",开启近光灯,关闭前照灯,开启危险报警闪光灯,开启远光灯,,,,https://wos.58cdn.com.cn/XyVuTsRqXyf/question/224053-1757560842156.jpg,,窄路、窄桥道路环境复杂，开远光灯危险，应开启近光灯《道路交通安全法实施条例》第四十八条：在没有中心隔离设施或者没有中心线的道路上，夜间会车应当在距相对方向来车150米以外改用近光灯，在窄路、窄桥与非机动车会车时应当使用近光灯
180021,180021,变更车道时，应在开启转向灯同时，迅速驶入要变更的车道。,1,2,2,2,"A:正确, B:错误",,,,,,,,,,题中说变更车道迅速驶入侧方车道是错误的变更车道除了提前开启转向灯，还应观察周边交通情况，在保证安全的情况下驶入要变更的车道
54,54,道路上划设这种标线的车道内允许下列哪类车辆通行？,2,2,3,3,"A:出租车, B:公务用车, C:公交车, D:私家车",出租车,公务用车,公交车,私家车,,,,https://wos.58cdn.com.cn/XyVuTsRqXyf/question/54-1693897082592.jpg,,本题考点为道路交通标线相关内容。图中道路上看见“公交车”字样，代表公交专用车道，表示只准公交车通行。《道路交通安全法》第三十七条：道路划设专用车道的，在专用车道内，只准许规定的车辆通行，其他车辆不得进入专用车道内行驶。图中为公交车专用车道，只允许公交车通行。
7734,7734,驾驶机动车遇到前方低速行驶的洒水车作业时，以下做法错误的是什么？,2,2,4,4,"A:注意避让, B:若洒水车有指示箭头，在确保安全的情况下按箭头指示方向变更车道, C:若洒水车无指示箭头，在确保安全的情况下选择合适的车道变更, D:通过洒水车时应急加速通过",注意避让,若洒水车有指示箭头，在确保安全的情况下按箭头指示方向变更车道,若洒水车无指示箭头，在确保安全的情况下选择合适的车道变更,通过洒水车时应急加速通过,,,,,,驾驶机动车遇到前方低速行驶的洒水车作业时，应注意避让。题中问错误的是，所以本题选通过洒水车时应急加速通过。加速通过可能会导致侧滑，因为洒水车作业时路面可能湿滑，影响车辆制动。
55,55,驾驶机动车在路口遇到这种情况如何行驶？,2,2,4,4,"A:可以向右转弯, B:靠右侧直行, C:遵守交通信号灯, D:停车等待",可以向右转弯,靠右侧直行,遵守交通信号灯,停车等待,,,,https://wos.58cdn.com.cn/XyVuTsRqXyf/question/55-1693897084969.jpg,,本题考点为道路交通信号相关内容。图中交警指挥与信号灯不一致，要优先按交警指挥行驶，图中交警左臂举过肩，表示停止通行。《道路交通安全法》第三十八条：车辆、行人遇有交通警察现场指挥时，应当按照交通警察的指挥通行。图中交通警察手势为停止信号，当交通警察指挥与信号灯不一致时，以交通警察的指挥为准。
567,567,这种标志的作用是警告车辆驾驶人前方有危险，谨慎通行。,1,2,1,1,"A:正确, B:错误",,,,,,,,https://wos.58cdn.com.cn/XyVuTsRqXyf/question/567-1693897655902.jpg,,图中标志为三角形黑边黄色底，是警告标志。警告标志的作用是警告驾驶员前方路段有复杂的交通状况出现，可能会有危险，需要谨慎通行而不是绝对禁止通行。GB5768.2-2022《道路交通标志和标线第2部分：道路交通标志》7.1警告标志一般规定：警告标志警告车辆驾驶人应注意前方有难以发现的情况、需减速慢行或采取其他安全行动的情况。
2615,2615,如图所示，驾驶机动车遇到没有行人通过的人行横道时不用减速慢行。,1,2,2,2,"A:正确, B:错误",正确,错误,,,,,,https://wos.58cdn.com.cn/XyVuTsRqXyf/question/2615-1693899492495.jpg,,驾驶机动车行经人行横道时，应减速慢行；遇人行横道上有行人通过的，应停车让行。所以本题选错误。《道路交通安全法》第四十七条：机动车行经人行横道时，应当减速行驶；遇行人正在通过人行横道，应当停车让行。
7735,7735,驾驶机动车在高速公路上遇到雨雪天气时，需要降低车速、保持安全距离的原因，以下说法错误的是什么？,2,2,4,4,"A:能见度下降，驾驶人难以及时发现前方车辆, B:此类天气条件下的道路上，车辆的制动距离变长, C:为车辆安全行驶提供足够的安全距离, D:降低恶劣天气对车辆造成的损害",能见度下降，驾驶人难以及时发现前方车辆,此类天气条件下的道路上，车辆的制动距离变长,为车辆安全行驶提供足够的安全距离,降低恶劣天气对车辆造成的损害,,,,,,雨雪天气降低车速、保持安全距离的目的，主要是保障行车安全，与降低车辆的损害并无直接关系。驾驶机动车在高速公路上遇到雨雪天气时，能见度下降，驾驶人难以及时发现前方车辆。在此类天气条件下的道路上，车辆的制动距离变长，需要降低车速，为车辆安全行驶提供足够的安全距离。
26679,26679,驾驶机动车倒车时，后方道路条件较好的，应在确认安全后完成倒车操作。,1,2,1,1,"A:正确, B:错误",正确,错误,,,,,,,,倒车时，后方道路条件较好，应确认安全后完成倒车。所以本题选正确。《道路交通安全法实施条例》第五十条：机动车倒车时，应当察明车后情况，确认安全后倒车。
56,56,有这种信号灯的路口允许机动车如何行驶？,2,2,3,3,"A:向左转弯, B:直行通过, C:向右转弯, D:停车等待",向左转弯,直行通过,向右转弯,停车等待,,,,https://wos.58cdn.com.cn/XyVuTsRqXyf/question/56-1716188859129.jpg,,本题考点为道路交通信号灯相关内容。图中只有右转是绿灯，所以可以向右转弯。《道路交通安全法》第二十六条：红灯表示禁止通行，绿灯表示准许通行。
568,568,这个标志的作用是用以警告车辆驾驶人谨慎慢行，注意横向来车。,1,2,1,1,"A:正确, B:错误",,,,,,,,https://wos.58cdn.com.cn/XyVuTsRqXyf/question/568-1693897657796.jpg,,图中标志为三角形黑边黄色底。图案为一个十字，是警告标志中的十字交叉路口标志，用以警告车辆驾驶人谨慎慢行，注意横向来车。GB5768.2-2022《道路交通标志和标线第2部分：道路交通标志》7.2交叉路口标志：用以警告车辆驾驶人前方有交叉路口，注意横向来车。
7736,7736,驾驶机动车在高速公路发生故障，需要停车排除故障时，以下做法先后顺序正确的是？ ①放置警告标志，转移乘车人员至安全处，迅速报警②开启危险报警闪光灯③将车辆移至不妨碍交通的位置④等待救援,2,2,4,4,"A:④③①②, B:①②③④, C:③②①④, D:②③①④",④③①②,①②③④,③②①④,②③①④,,,,,,高速发生故障后，停车排除故障的正确顺序为②③①④。驾驶机动车在高速公路发生故障，需要停车排除故障时，应当进行如下顺序的操作：1、开启危险报警闪光灯；2、将车辆移至不妨碍交通的位置；3、放置警告标志，转移乘车人员至安全处，迅速报警；4、等待救援。
180024,180024,车辆转弯时应沿道路右侧行驶，不要侵占对方的车道，做到“左转转大弯，右转转小弯”。,1,2,1,1,"A:正确, B:错误",,,,,,,,,,由于我国规定机动车要靠右行驶，无论在十字路口、弯路都是各行其路，所以左转弧度大，右转弧度就小右转转小弯左转转大弯，就能最大程度避免与对方来车发生碰撞
569,569,这个标志的含义是前方即将行驶至Y型交叉路口。,1,2,2,2,"A:正确, B:错误",,,,,,,,https://wos.58cdn.com.cn/XyVuTsRqXyf/question/569-1693897659929.jpg,,图中标志为三角形黑边黄色底。图案为一个倒下的T形，是警告标志中的T形交叉路口标志，警告车辆驾驶人前方有交叉路口。题中说有Y形交叉路口，所以选择错误。GB5768.2-2022《道路交通标志和标线第2部分：道路交通标志》7.2交叉路口标志：用以警告车辆驾驶人前方有交叉路口，注意横向来车。
2617,2617,如图所示，驾车遇行人正在通过人行横道时，应停车让行。,1,2,1,1,"A:正确, B:错误",正确,错误,,,,,,https://wos.58cdn.com.cn/XyVuTsRqXyf/question/2617-1693899497758.jpg,,驾驶机动车行经人行横道时，应减速慢行；遇人行横道上有行人通过的，应停车让行所以本题选正确《道路交通安全法》第四十七条：机动车行经人行横道时，应当减速行驶；遇行人正在通过人行横道，应当停车让行
58,58,这段道路蓝车所在车道是什么车道?,2,2,1,1,"A:快速车道, B:慢速车道, C:专用车道, D:应急车道",快速车道,慢速车道,专用车道,应急车道,,,,https://wos.58cdn.com.cn/XyVuTsRqXyf/question/58-1693897091559.jpg,,本题考点为道路通行原则相关内容。图中同方向划有3条车道，蓝车所在的最左侧为快速车道。《道路交通安全法实施条例》第四十四条：在道路同方向划有2条以上机动车道的，左侧为快速车道，右侧为慢速车道。
570,570,这个标志的含义是警告前方道路有障碍物，车辆减速绕行。,1,2,2,2,"A:正确, B:错误",,,,,,,,https://wos.58cdn.com.cn/XyVuTsRqXyf/question/570-1693897661969.jpg,,图中标志为三角形黑边黄色底。图案为一个向右的弯箭头，是警告标志中的向右急弯路标志。1个弯是急转弯，朝左为向左急转弯，朝右为向右急转弯；2个弯是反向弯路；3个弯是连续弯路。GB5768.2-2022《道路交通标志和标线第2部分：道路交通标志》7.3急弯路标志：用以警告车辆驾驶人前方有急弯。设置位置为圆曲线起点前，但不应进入相邻的圆曲线内。此标志可与“建议速度标志”联合使用。
2618,2618,如图所示，驾驶机动车遇到这种情况，即使人行横道上没有行人，也不得加速通过。,1,2,1,1,"A:正确, B:错误",正确,错误,,,,,,https://wos.58cdn.com.cn/XyVuTsRqXyf/question/2618-1693899500448.jpg,,驾驶机动车行经人行横道时，应减速慢行；遇人行横道上有行人通过的，应停车让行。所以本题选正确。《道路交通安全法》第四十七条：机动车行经人行横道时，应当减速行驶；遇行人正在通过人行横道，应当停车让行。
34106,34106,这个标志是何含义？,2,2,1,1,"A:交通事故管理, B:事故路段, C:前方发生事故, D:事故多发路段",交通事故管理,事故路段,前方发生事故,事故多发路段,,,,https://wos.58cdn.com.cn/XyVuTsRqXyf/question/34106-1693902020891.jpg,,本题考点为道路交通标志相关内容。图中粉红色底三角形里有事故两字，为交通事故管理标志。交通事故管理：用以警告前方路段正在进行道路交通事故管理，车辆驾驶人应减速慢行、停车等候或绕道行驶。作为临时性标志支设在进行交通事故管理的路段前适当位置。
59,59,机动车在道路上变更车道需要注意什么？,2,2,2,2,"A:尽快加速进入左侧车道, B:不能影响其他车辆正常行驶, C:进入左侧车道时适当减速, D:开启转向灯迅速向左转向",尽快加速进入左侧车道,不能影响其他车辆正常行驶,进入左侧车道时适当减速,开启转向灯迅速向左转向,,,,,,本题考点为变更车道安全驾驶相关内容。变更车道时应提前开转向灯，不能影响其他车辆正常行驶。《道路交通安全法实施条例》规定：在道路同方向划有2条以上机动车道的，变更车道的机动车不得影响相关车道内行驶的机动车的正常行驶。开启转向灯后，应观察情况，确保安全后再转向，不能迅速转向。
571,571,这个标志的含义是警告前方出现向左的急转弯路。,1,2,1,1,"A:正确, B:错误",,,,,,,,https://wos.58cdn.com.cn/XyVuTsRqXyf/question/571-1693897664097.jpg,,图中标志为三角形黑边黄色底。图案为一个向左的弯箭头，是警告标志中的向左急弯路标志。1个弯是急转弯，朝左为向左急转弯，朝右为向右急转弯；2个弯是反向弯路；3个弯是连续弯路。GB5768.2-2022《道路交通标志和标线第2部分：道路交通标志》7.3急弯路标志：用以警告车辆驾驶人前方有急弯。设置位置为圆曲线起点前，但不应进入相邻的圆曲线内。此标志可与“建议速度标志”联合使用。
60,60,在这种情况下可以借右侧公交车道超车。,1,2,2,2,"A:正确, B:错误",,,,,,,,https://wos.58cdn.com.cn/XyVuTsRqXyf/question/60-1693897094589.jpg,,本题考点为超车相关内容首先，超车只能从左侧超越，但图中左侧是双黄实线，不得越线超车其次右侧为公交车道，公交车道属于专用车道，非特殊情况和允许驶入时段不能借公交车道超车《道路交通安全法》第三十七条，道路划设专用车道的，在专用车道内，只准许规定的车辆通行，其他车辆不得进入专用车道内行驶
572,572,这个标志的含义是警告前方道路易滑，注意慢行。,1,2,2,2,"A:正确, B:错误",,,,,,,,https://wos.58cdn.com.cn/XyVuTsRqXyf/question/572-1693897666128.jpg,,图中标志为三角形黑边黄色底。图案为中的折线有两个弯，是警告标志中的反向弯路标志，用以警告车辆驾驶人前方有反向弯路。题中说前方易滑，所以选择错误。（易滑标志的图案上有小车。）1个弯是急转弯，朝左为向左急转弯，朝右为向右急转弯；2个弯是反向弯路；3个弯是连续弯路。GB5768.2-2022《道路交通标志和标线第2部分：道路交通标志》7.4反向弯路标志：用以警告车辆驾驶人前方有反向弯路。设置位置为两反向圆曲线段起点前，但不应进入相邻的圆曲线内。此标志可与“建议速度标志”联合使用。
2620,2620,在没有交通信号指示的交叉路口，转弯的机动车让直行的车辆和行人先行。,1,2,1,1,"A:正确, B:错误",正确,错误,,,,,,,,路口通行原则：转弯的车辆让直行的车先行；路口右方来车先行；右转车辆让左转车辆先行。所以本题选正确。《道路交通安全法实施条例》第五十二条：机动车通过没有交通信号灯控制也没有交通警察指挥的交叉路口，应当遵守下列规定：有交通标志、标线控制的，让优先通行的一方先行；没有交通标志、标线控制的，在进入路口前停车瞭望，让右方道路的来车先行；转弯的机动车让直行的车辆先行；相对方向行驶的右转弯的机动车让左转弯的车辆先行。
7740,7740,夜间驾驶机动车在没有中心隔离设施或者没有中心线的道路上行驶，以下哪种情况下应当改用近光灯？,2,2,2,2,"A:接近没有交通信号灯控制的交叉路口时, B:与对向机动车会车时, C:接近人行横道时, D:城市道路照明条件不良时",接近没有交通信号灯控制的交叉路口时,与对向机动车会车时,接近人行横道时,城市道路照明条件不良时,,,,,,夜间在没有中心隔离设施或者没有中心线的道路上驾驶机动车会车时，应使用近光灯。所以本题选与对向机动车会车时。《道路交通安全法实施条例》第四十八条：在没有中心隔离设施或者没有中心线的道路上，夜间会车应当在距相对方向来车150米以外改用近光灯，在窄路、窄桥与非机动车会车时应当使用近光灯。
34108,34108,这个标志是什么?,2,2,3,3,"A:非机动车车道, B:机动车车道, C:电动自行车车道, D:非机动车行驶",非机动车车道,机动车车道,电动自行车车道,非机动车行驶,,,,https://wos.58cdn.com.cn/XyVuTsRqXyf/question/34108-1716190345501.jpg,,本题考点为道路交通标志相关内容标志中有电池的表示电动自行车，非机动车没有电池两侧有虚线的是车道，图中标志为电动自行车车道标志，表示该车道仅供电动自行车通过电动自行车车道标志设在该车道的起点及各交叉口的入口处，宜设置在车道的正上方
61,61,在路口遇有交通信号灯和交通警察指挥不一致时，按照交通信号灯通行。,1,2,2,2,"A:正确, B:错误",,,,,,,,,,本题考点为道路交通信号相关内容交警指挥与信号灯不一致，优先按交警指挥行驶因为交警是按照现场的交通情况实时指挥的《道路交通安全法》第三十八条：车辆、行人应当按照交通信号通行；遇有交通警察现场指挥时，应当按照交通警察的指挥通行
573,573,这个标志的含义是警告前方有两个相邻的反向转弯道路。,1,2,2,2,"A:正确, B:错误",,,,,,,,https://wos.58cdn.com.cn/XyVuTsRqXyf/question/573-1693897668212.jpg,,图中标志为三角形黑边黄色底。图案中的折线有三个弯，是警告标志中的连续弯路标志，用以警告车辆驾驶人前方有连续弯路，题中说是两个相邻的反向转弯道路，所以选择错误，1个弯是急转弯，朝左为向左急转弯，朝右为向右急转弯；2个弯是反向弯路；3个弯是连续弯路。GB5768.2-2022《道路交通标志和标线第2部分：道路交通标志》7.5连续弯路标志：用以警告车辆驾驶人前方有连续弯路。设置位置为连续弯路起点前，当连续弯路总长度大于500m时，应重复设置。
2621,2621,行至漫水路时，应当怎样做?,2,2,2,2,"A:空挡滑行, B:低速通过涉水路段, C:高速通过，减少涉水时间, D:高挡位低速通过",空挡滑行,低速通过涉水路段,高速通过，减少涉水时间,高挡位低速通过,,,,,,机动车行经漫水路时，要一停、二看、三通过，确认安全后低速通过涉水路段。《道路交通安全法实施条例》第六十四条：机动车行经漫水路或者漫水桥时，应当停车察明水情，确认安全后，低速通过。
7741,7741,如图所示，驾驶机动车遇前方车流行驶缓慢时，借用公交专用道超车是正确的。,1,2,2,2,"A:正确, B:错误",,,,,,,,https://wos.58cdn.com.cn/XyVuTsRqXyf/question/7741-1693899875500.jpg,,图中是公交专用车道，机动车不得借用公交专用车道行驶或超车。所以本题选错误。《道路交通安全法》第三十七条：道路划设专用车道的，在专用车道内，只准许规定的车辆通行，其他车辆不得进入专用车道内行驶。
34109,34109,这个标志是什么？,2,2,1,1,"A:禁止电动自行车进入, B:禁止非机动车进入, C:禁止人力车进入, D:禁止三轮车驶入",禁止电动自行车进入,禁止非机动车进入,禁止人力车进入,禁止三轮车驶入,,,,https://wos.58cdn.com.cn/XyVuTsRqXyf/question/34109-1693902024435.jpg,,本题考点为道路交通标志相关内容红色表示禁止图中标志有电池表示禁止电动自行车进入所以本题选禁止电动自行车进入此标志设在禁止电动自行车进入路段的入口处
574,574,这个标志的含义是提醒前方桥面宽度变窄。,1,2,2,2,"A:正确, B:错误",,,,,,,,https://wos.58cdn.com.cn/XyVuTsRqXyf/question/574-1693897670117.jpg,,图中标志为三角形黑边黄色底图案中两侧线条上方向内收，是警告标志中的两侧变窄标志，题中说是桥面变窄，所以选择错误左边线条上方向内收为左侧变窄，右边线条上方向内收为右侧变窄，两侧线条上方均向内收为路面变窄，中间细腰为窄桥GB5768.2-2022《道路交通标志和标线第2部分：道路交通标志》7.8窄路标志：用以警告车辆驾驶人注意前方车行道或路面狭窄情况，遇有来车应予减速避让
2622,2622,在涉水路段跟车行驶时，应当怎样做?,2,2,3,3,"A:紧跟其后, B:并行通过, C:适当增加车距, D:超越前车，抢先通过",紧跟其后,并行通过,适当增加车距,超越前车，抢先通过,,,,,,在涉水路段跟车行驶时，应适当增加车距。涉水路段路况复杂，可能存在水深不明、水下有障碍物等情况。增加车距可以给自己留出更多的反应时间和制动距离，避免前车遇到问题时后车来不及应对。紧跟其后是很危险的，前车一旦出现故障或遇到障碍，后车容易追尾；超越前车，抢先通过不可取，不清楚水深和路况就贸然超车容易导致车辆受损甚至被困；并行通过同样不安全，会增加与其他车辆发生碰撞的风险。
7742,7742,如图所示，驾驶机动车行驶至车道减少的路段时，遇前方机动车排队等候或行驶缓慢时，以下做法正确的是什么？,2,2,2,2,"A:右侧车让左侧车先行, B:每车道一辆依次交替驶入左侧车道, C:左侧车让右侧车先行, D:右侧车寻找空隙提前进入左侧车道",右侧车让左侧车先行,每车道一辆依次交替驶入左侧车道,左侧车让右侧车先行,右侧车寻找空隙提前进入左侧车道,,,,https://wos.58cdn.com.cn/XyVuTsRqXyf/question/7742-1715067176140.jpg,,图中标志表示右侧道路变窄，在道路拥堵的情况下，车辆应每车道一辆依次交替驶入左侧车道。《道路交通安全法》第四十五条：在车道减少的路段、路口，或者在没有交通信号灯、交通标志、交通标线或者交通警察指挥的交叉路口遇到停车排队等候或者缓慢行驶时，机动车应当依次交替通行。
34110,34110,这个标志是什么？,2,2,1,1,"A:非机动车推行, B:禁止非机动车通行, C:避让非机动车, D:注意非机动车",非机动车推行,禁止非机动车通行,避让非机动车,注意非机动车,,,,https://wos.58cdn.com.cn/XyVuTsRqXyf/question/34110-1693902026005.jpg,,本题考点为道路交通标志相关内容人推着自行车，是非机动车推行标志所以本题选非机动车推行非机动车推行：表示该道路仅供非机动车推行，不准骑行，设在天桥、地下通道等禁止骑行的路段入口处
63,63,在路口这个位置时可以加速通过路口。,1,2,2,2,"A:正确, B:错误",,,,,,,,https://wos.58cdn.com.cn/XyVuTsRqXyf/question/63-1693897099160.jpg,,本题考点为道路交通信号灯相关内容。图中看见信号灯是红灯，车辆不可加速通过，要停车等待。《道路交通安全法》第二十六条：红灯表示禁止通行。遇到有红灯的路口，应停车等待。
575,575,这个标志的含义是提醒前方右侧行车道或路面变窄。,1,2,1,1,"A:正确, B:错误",,,,,,,,https://wos.58cdn.com.cn/XyVuTsRqXyf/question/575-1693897672262.jpg,,图中标志为三角形黑边黄色底。图案中右侧线条上方向内收，是警告标志中的右侧变窄标志，提醒前方右侧行车道或路面变窄。左边线条上方向内收为左侧变窄，右边线条上方向内收为右侧变窄，两侧线条上方向内收为路面变窄，中间细腰为窄桥。GB5768.2-2022《道路交通标志和标线第2部分：道路交通标志》7.8窄路标志：用以警告车辆驾驶人注意前方车行道或路面狭窄情况，遇有来车应予减速避让。
2623,2623,通过漫水路时要谨慎慢行，不得空挡滑行。,1,2,1,1,"A:正确, B:错误",正确,错误,,,,,,,,机动车行经漫水路段时，应当停车察明水情，确认安全后，低速通过，不得空挡滑行所以本题选正确《道路交通安全法实施条例》第六十四条：机动车行经漫水路或者漫水桥时，应当停车察明水情，确认安全后，低速通过
64,64,驾驶机动车不能进入红色叉形灯或者红色箭头灯亮的车道。,1,2,1,1,"A:正确, B:错误",,,,,,,,,,本题考点为道路交通信号相关内容。红色代表禁止，绿色代表准许。《道路交通安全法实施条例》规定：红色叉形灯或者箭头灯亮时，禁止本车道车辆进入、通行。
576,576,这个标志的含义是提醒前方左侧行车道或路面变窄。,1,2,1,1,"A:正确, B:错误",,,,,,,,https://wos.58cdn.com.cn/XyVuTsRqXyf/question/576-1693897674308.jpg,,图中标志为三角形黑边黄色底。图案中左侧线条上方向内收，是警告标志中的左侧变窄标志，提醒前方左侧行车道或路面变窄。左边线条上方向内收为左侧变窄，右边线条上方向内收为右侧变窄，两侧线条上方向内收为路面变窄，中间细腰为窄桥。GB5768.2-2022《道路交通标志和标线第2部分：道路交通标志》7.8窄路标志：用以警告车辆驾驶人注意前方车行道或路面狭窄情况，遇有来车应予减速避让。
65,65,在这段路的最高时速为每小时50公里。,1,2,2,2,"A:正确, B:错误",,,,,,,,https://wos.58cdn.com.cn/XyVuTsRqXyf/question/65-1693897101474.jpg,,本题考点为道路交通标志相关内容。图中右侧有2个标志，红色代表最高限制速度，蓝色代表最低限制速度。图中标志表示此路段最高车速是80公里每小时，题中说50，选错误。
577,577,这个标志的含义是提醒前方两侧行车道或路面变窄。,1,2,2,2,"A:正确, B:错误",,,,,,,,https://wos.58cdn.com.cn/XyVuTsRqXyf/question/577-1693897676223.jpg,,图中标志为三角形黑边黄色底。图案为中间细腰，是警告标志中的窄桥标志，用以警告车辆驾驶人注意前方桥面宽度变窄，而不是车道或路面变窄，所以本题选择错误。左边线条上方向内收为左侧变窄，右边线条上方向内收为右侧变窄，两侧线条上方向内收为路面变窄，中间细腰为窄桥。GB5768.2-2022《道路交通标志和标线第2部分：道路交通标志》7.9窄桥标志：用以警告车辆驾驶人注意前方桥面宽度变窄。设在桥面净宽较两端路面宽度变窄，且桥的净宽小于6m的桥梁前适当位置。
2625,2625,铁路道口设置这个标志，是提示驾驶人前方路口有单股铁道。,1,2,2,2,"A:正确, B:错误",正确,错误,,,,,,https://wos.58cdn.com.cn/XyVuTsRqXyf/question/2625-1693899507684.jpg,,本题考点为道路交通标线相关内容图中红边白底的表示铁路标志内见到一个错一个^，是多股铁路与道路相交题中说单股铁道，所以本题选错误
34113,34113,这个标志是何含义？,2,2,2,2,"A:公交车专用车道, B:有轨电车专用车道, C:快速公交车专用车道, D:大货车专用车道",公交车专用车道,有轨电车专用车道,快速公交车专用车道,大货车专用车道,,,,https://wos.58cdn.com.cn/XyVuTsRqXyf/question/34113-1693902029108.jpg,,本题考点为道路交通标志相关内容。标志中两侧有虚线的是车道，中间是有轨电车。图中标志为有轨电车专用车道。所以本题选有轨电车专用车道。有轨电车专用车道：表示该车道仅供有轨电车通行，设在进入该车道的起点及各交叉口的入口处，宜设置在车道的正上方。
66,66,这辆红色轿车变更车道的方法和路线是正确的。,1,2,2,2,"A:正确, B:错误",,,,,,,,https://wos.58cdn.com.cn/XyVuTsRqXyf/question/66-1693897103852.jpg,,本题考点为变更车道安全驾驶相关内容。图中红车没有打转向灯，并且没留出足够安全的行车距离强行并线，所以本题错误。《道路交通安全法实施条例》第四十四条：在道路同方向划有2条以上机动车道的，变更车道的机动车不得影响相关车道内行驶的机动车的正常行驶。
578,578,这个标志的含义是提醒前方道路变为不分离双向行驶路段。,1,2,1,1,"A:正确, B:错误",,,,,,,,https://wos.58cdn.com.cn/XyVuTsRqXyf/question/578-1693897678084.jpg,,图中标志为三角形黑边黄色底。图案为两个黑色箭头，方向分别指向上下，是警告标志中的双向交通标志，设在由双向分离行驶，因某种原因出现临时性或永久性的不分离双向行驶的路段，或由单向行驶进入双向行驶的路段前适当位置。GB5768.2-2022《道路交通标志和标线第2部分：道路交通标志》7.10双向交通标志：用以提醒车辆驾驶人注意会车。设在由双向分离行驶，因某种原因出现临时性或永久性的不分离双向行驶的路段，或由单向行驶进入双向行驶的路段前适当位置。
2626,2626,如图所示，这个标志设置在有人看守的铁路道口，提示驾驶人距有人看守的铁路道口的距离还有100米。,1,2,2,2,"A:正确, B:错误",正确,错误,,,,,,https://wos.58cdn.com.cn/XyVuTsRqXyf/question/2626-1693899509688.jpg,,图片表示的是：距无人看守的铁路道口的距离还有100米，题目中说是有人看守的，因此本题选择错误。注意：图标中是火车头则表示无人看守，是栅栏则表示有人看守。下方的红色的斜线，一条表示50米，两条表示100米，三条表示150米。
34114,34114,这个标志是何含义？,2,2,3,3,"A:开远光灯, B:开近光灯, C:开车灯, D:开雾灯",开远光灯,开近光灯,开车灯,开雾灯,,,,https://wos.58cdn.com.cn/XyVuTsRqXyf/question/34114-1727341882057.jpg,,本题考点为道路交通标志相关内容。图中有一个灯，此标志是开车灯标志。易混选项近光灯，近光灯只有仪表题。所以本题选开车灯。开车灯标志，表示机动车行至该标志处应开启车灯。设在隧道口前等需要开车灯处。
67,67,驾驶机动车在道路上向左变更车道时如何使用灯光？,2,2,3,3,"A:不用开启转向灯, B:提前开启右转向灯, C:提前开启左转向灯, D:提前开启近光灯",不用开启转向灯,提前开启右转向灯,提前开启左转向灯,提前开启近光灯,,,,,,本题考点为变更车道安全驾驶相关内容。向哪侧变道就要提前开启哪边的转向灯。《道路交通安全法实施条例》第五十七条：机动车向左转弯、向左变更车道、准备超车、驶离停车地点或者掉头时，应当提前开启左转向灯。
579,579,这个标志的含义是警告车辆驾驶人前方是人行横道。,1,2,2,2,"A:正确, B:错误",,,,,,,,https://wos.58cdn.com.cn/XyVuTsRqXyf/question/579-1693897679823.jpg,,图中标志为三角形黑边黄色底。图案为一个人走在人行横道上，是警告标志中的注意行人标志，用以警告车辆驾驶人减速慢行，注意行人。标志中有行人图案，并非只有人行横道图案，所以本题选择错误。GB5768.2-2022《道路交通标志和标线第2部分：道路交通标志》7.11注意行人标志：用以警告车辆驾驶人减速慢行，注意行人。标志底色可采用荧光黄绿色。设在行人密集，或不易被驾驶人发现的人行横道线前适当位置。城市中心区街道或设有信号灯处可不设。
2627,2627,如图所示，这种情况下准备进入环形路口时，为了保证车后车流的通畅，应超越红车进入路口。,1,2,2,2,"A:正确, B:错误",正确,错误,,,,,,https://wos.58cdn.com.cn/XyVuTsRqXyf/question/2627-1693899511027.jpg,,图中前方路口是环岛，进入环岛要依次有序通过图中红车已经进入环形路口，我方车辆应减速跟在后方行驶题中说加速超越红车，所以本题选错误《道路交通安全法实施条例》第五十一条：机动车准备进入环形路口的让已在路口内的机动车先行
7747,7747,驾驶机动车在高速公路上行驶，遇有雾、雨、雪、沙尘、冰雹等低能见度气象条件时，能见度在50米以下时，以下做法正确的是什么？,2,2,4,4,"A:加速驶离高速公路, B:在应急车道上停车等待, C:可以继续行驶，但车速不得超过每小时40公里, D:以不超过每小时20公里的车速从最近的出口尽快驶离高速公路",加速驶离高速公路,在应急车道上停车等待,可以继续行驶，但车速不得超过每小时40公里,以不超过每小时20公里的车速从最近的出口尽快驶离高速公路,,,,,,在高速公路上行驶时，能见度小于50米，车速不得超过每小时20公里，并且尽快驶离高速公路。《道路交通安全法实施条例》第八十一条：机动车在高速公路上行驶，遇有雾、雨、雪、沙尘、冰雹等低能见度气象条件时，能见度小于50米时，开启雾灯、近光灯、示廓灯、前后位灯和危险报警闪光灯，车速不得超过每小时20公里，并从最近的出口尽快驶离高速公路。
68,68,驾驶机动车在道路上靠路边停车过程中如何使用灯光？,2,2,4,4,"A:变换使用远近光灯, B:不用指示灯提示, C:开启危险报警闪光灯, D:提前开启右转向灯",变换使用远近光灯,不用指示灯提示,开启危险报警闪光灯,提前开启右转向灯,,,,,,本题考点为灯光的使用相关内容。靠路边停车时要将车辆靠右侧停，方向向右，应提前打开右转向灯，提醒后方来车我方将要停车。《道路交通安全法实施条例》第五十七条：机动车向右转弯、向右变更车道、超车完毕驶回原车道、靠路边停车时，应当提前开启右转向灯。
580,580,这个标志的含义是警告车辆驾驶人前方是学校区域。,1,2,2,2,"A:正确, B:错误",,,,,,,,https://wos.58cdn.com.cn/XyVuTsRqXyf/question/580-1693897681780.jpg,,图中标志为三角形黑边黄色底。图案为两个带着包的小孩，是警告标志中的注意儿童标志。注意儿童标志并不代表前方是学校，少年宫也是儿童经常出入的地点也会设立该标志。当额外有辅助标志标明学校时，才代表是学校区域，所以本题选择错误。GB5768.2-2022《道路交通标志和标线第2部分：道路交通标志》7.12注意儿童标志：用以警告车辆驾驶人减速慢行，注意儿童。设在小学、幼儿园、少年宫等儿童经常出入地点前适当位置。可用辅助标志说明设置此标志原因.
2628,2628,人行横道上禁止掉头的原因是什么?,2,2,4,4,"A:路段有监控设备, B:人行横道禁止停车, C:人行横道禁止车辆通行, D:避免妨碍行人正常通行，确保行人安全",路段有监控设备,人行横道禁止停车,人行横道禁止车辆通行,避免妨碍行人正常通行，确保行人安全,,,,,,人行横道上禁止掉头的原因是避免妨碍行人正常通行，确保行人安全。人行横道是供行人通行的，车辆在此处掉头会影响行人正常通行，存在交通隐患。
69,69,雪天驾车时，如何使用灯光？,2,2,1,1,"A:使用近光灯, B:不使用灯光, C:使用远光灯, D:使用雾灯",使用近光灯,不使用灯光,使用远光灯,使用雾灯,,,,https://wos.58cdn.com.cn/XyVuTsRqXyf/question/69-1755682897593.jpg,,本题考点为灯光的使用相关内容图中是雪天能见度低，且前方有车，跟车行驶要使用近光灯不止夜间需要开灯，能见度低的情况下也要开灯《道路交通安全法实施条例》规定：机动车在夜间没有路灯、照明不良或者遇有雾、雨、雪、沙尘、冰雹等低能见度情况下行驶时，应当开启前照灯、示廓灯和后位灯，但同方向行驶的后车与前车近距离行驶时，不得使用远光灯
581,581,这个标志的含义是警告车辆驾驶人注意前方设有信号灯。,1,2,1,1,"A:正确, B:错误",,,,,,,,https://wos.58cdn.com.cn/XyVuTsRqXyf/question/581-1693897683679.jpg,,图中标志为三角形黑边黄色底。图案为一个红绿灯，是警告标志中的注意信号灯标志，用以警告车辆驾驶人注意前方路段设有信号灯，所以选择正确。GB5768.2-2022《道路交通标志和标线第2部分：道路交通标志》7.18注意信号灯标志：用以警告车辆驾驶人注意前方路段设有信号灯，应依信号灯指示行车。
2629,2629,如图所示，铁路道口禁止掉头的原因是什么?,2,2,4,4,"A:有铁路道口标志, B:有铁路道口信号灯, C:铁路道口车流量大, D:容易引发事故",有铁路道口标志,有铁路道口信号灯,铁路道口车流量大,容易引发事故,,,,https://wos.58cdn.com.cn/XyVuTsRqXyf/question/2629-1693899513377.jpg,,图中铁道路口行车条件比较复杂，掉头容易引发事故。《道路交通安全法实施条例》第四十九条：机动车在有禁止掉头或者禁止左转弯标志、标线的地点以及在铁路道口、人行横道、桥梁、急弯、陡坡、隧道或者容易发生危险的路段，不得掉头。
7749,7749,在没有划分车道、非机动车道和人行道的道路行驶时，应降低车速靠右通行。,1,2,2,2,"A:正确, B:错误",,,,,,,,https://wos.58cdn.com.cn/XyVuTsRqXyf/question/7749-1757561217039.jpg,,图中是没有中心线的道路，应降低车速在道路中间通行因此本题选错《道路交通安全法》第三十六条：没有划分机动车道、非机动车道和人行道的，机动车在道路中间通行，非机动车和行人在道路两侧通行
34117,34117,这个标志是何含义？,2,2,4,4,"A:非机动车道路段允许行驶开始, B:禁止在最右侧车道行驶, C:允许在右转车道上直行, D:硬路肩允许行驶路段开始",非机动车道路段允许行驶开始,禁止在最右侧车道行驶,允许在右转车道上直行,硬路肩允许行驶路段开始,,,,https://wos.58cdn.com.cn/XyVuTsRqXyf/question/34117-1693902035019.jpg,,本题考点为道路交通标志相关内容图中标志表示硬路肩允许行驶路段开始易混标志只准直行，只准直行标志只有一个箭头所以本题选硬路肩允许行驶路段开始
70,70,在这种天气条件下行车如何使用灯光？,2,2,2,2,"A:使用远光灯, B:使用雾灯, C:开启右转向灯, D:不使用灯光",使用远光灯,使用雾灯,开启右转向灯,不使用灯光,,,,https://wos.58cdn.com.cn/XyVuTsRqXyf/question/70-1693897109189.jpg,,本题考点为灯光的使用相关内容。图中是雾天能见度低，为让其他车辆看到自己，要开启雾灯和危险报警闪光灯。《道路交通安全法实施条例》第五十八条：机动车在夜间没有路灯、照明不良或者遇有雾、雨、雪、沙尘、冰雹等低能见度情况下行驶时，应当开启前照灯、示廓灯和后位灯，但同方向行驶的后车与前车近距离行驶时，不得使用远光灯。机动车雾天行驶应当开启雾灯和危险报警闪光灯。
582,582,这个标志的含义是提醒车辆驾驶人前方是傍山险路路段。,1,2,2,2,"A:正确, B:错误",,,,,,,,https://wos.58cdn.com.cn/XyVuTsRqXyf/question/582-1693897685532.jpg,,图中标志为三角形黑边黄色底。图案像高山上有石子落下，是警告标志中的注意落石标志，用以提醒车辆驾驶人谨慎驾驶，注意落石。题中说是傍山险路，所以选择错误。傍山险路的图案为山边有断崖。GB5768.2-2022《道路交通标志和标线第2部分：道路交通标志》7.19注意落石标志：用以提醒车辆驾驶人谨慎驾驶，注意落石。使用时应根据可能落石的不同方向选择，设在有落石危险的傍山路段前适当位置。
2630,2630,交叉路口不得倒车的原因是什么?,2,2,1,1,"A:交通情况复杂，容易造成交通堵塞甚至引发事故, B:交通监控设备多, C:交通警察多, D:车道数量少",交通情况复杂，容易造成交通堵塞甚至引发事故,交通监控设备多,交通警察多,车道数量少,,,,,,交叉路口车流大，交通情况复杂，容易造成交通堵塞甚至引发事故。在这种环境下倒车，很容易与其他车辆或行人发生碰撞，导致交通事故。《道路交通安全法实施条例》第五十条：机动车倒车时，应当察明车后情况，确认安全后倒车。不得在铁路道口、交叉路口、单行路、桥梁、急弯、陡坡或者隧道中倒车。
7750,7750,如图所示，驾驶机动车遇到这种情况，可以轻按喇叭提醒前方非机动车和行人后方有来车。,1,2,1,1,"A:正确, B:错误",,,,,,,,https://wos.58cdn.com.cn/XyVuTsRqXyf/question/7750-1693899884677.jpg,,图中前方有行人和自行车，道路较窄，驾驶机动车遇到这种情况，可以轻按喇叭提醒前方非机动车和行人后方有来车，这样更加安全。所以本题选正确。
71,71,在这种雨天跟车行驶使用灯光，以下做法正确的是？,2,2,3,3,"A:使用远光灯, B:不能使用近光灯, C:不能使用远光灯, D:使用雾灯",使用远光灯,不能使用近光灯,不能使用远光灯,使用雾灯,,,,https://wos.58cdn.com.cn/XyVuTsRqXyf/question/71-1693897111620.jpg,,本题考点为灯光的使用相关内容。图中是雨天能见度较低，且前方有车，跟车行驶要使用近光灯，不能开远光灯，所以做法正确的为“不能使用远光灯。”。《道路交通安全法实施条例》规定：机动车雨天行驶时，能见度低，应当开启前照灯、示廓灯和后位灯，但同方向行驶的后车与前车近距离行驶时，不得使用远光灯。
583,583,这个标志的含义是提醒车辆驾驶人前方有很强的侧向风。,1,2,1,1,"A:正确, B:错误",,,,,,,,https://wos.58cdn.com.cn/XyVuTsRqXyf/question/583-1693897687642.jpg,,图中标志为三角形黑边黄色底图案像被风吹起的旗帜，是警告标志中的注意横风标志，用以提醒车辆驾驶人谨慎驾驶，注意横风，前方有很强的侧向风，所以选择正确GB5768.2-2022《道路交通标志和标线第2部分：道路交通标志》7.20注意横风标志：用以提醒车辆驾驶人谨慎驾驶，注意横风设在经常有很强的侧向风的路段前适当位置设置了横风风向标的路段可以不设此标志
7751,7751,驾驶机动车通过未设置交通信号灯的交叉路口时，下列说法错误的是什么？,2,2,4,4,"A:转弯的机动车让直行的车辆、行人先行, B:没有交通标志、标线控制时，在进入路口前停车瞭望，让右方道路的来车先行, C:相对方向行驶的右转弯机动车让左转弯的车辆先行, D:相对方向行驶的左转弯机动车让右转弯的车辆先行",转弯的机动车让直行的车辆、行人先行,没有交通标志、标线控制时，在进入路口前停车瞭望，让右方道路的来车先行,相对方向行驶的右转弯机动车让左转弯的车辆先行,相对方向行驶的左转弯机动车让右转弯的车辆先行,,,,,,路口通行原则：转弯的车辆让直行的车先行；路口右方来车先行；右转车辆让左转车辆先行。题中问错误的，所以本题选相对方向行驶的左转弯机动车让右转弯的车辆先行。《道路交通安全法实施条例》第五十二条：机动车通过没有交通信号灯控制也没有交通警察指挥的交叉路口，应当遵守下列规定：有交通标志、标线控制的，让优先通行的一方先行；没有交通标志、标线控制的，在进入路口前停车瞭望，让右方道路的来车先行；转弯的机动车让直行的车辆先行；相对方向行驶的右转弯的机动车让左转弯的车辆先行。
33863,33863,驾驶机动车牵引挂车时，以下说法正确的是什么？,2,2,2,2,"A:低速载货汽车可以牵引挂车, B:三轮汽车不得牵引挂车, C:载货汽车所牵引挂车的载质量可以超过载货汽车本身的载质量, D:半挂牵引车可以牵引2辆挂车",低速载货汽车可以牵引挂车,三轮汽车不得牵引挂车,载货汽车所牵引挂车的载质量可以超过载货汽车本身的载质量,半挂牵引车可以牵引2辆挂车,,,,,,低速汽车、三轮汽车不得牵引挂车；半挂牵引车一次只可以牵引1辆挂车题中问正确的，所以选三轮汽车不得牵引挂车《道路交通安全法实施条例》第五十六条：机动车牵引挂车应当符合下列规定：载货汽车、半挂牵引车、拖拉机只允许牵引1辆挂车；载货汽车所牵引挂车的载质量不得超过载货汽车本身的载质量；大型、中型载客汽车，低速载货汽车，三轮汽车以及其他机动车不得牵引挂车
72,72,在这种环境下通过路口如何使用灯光？,2,2,4,4,"A:关闭远光灯, B:使用危险报警闪光灯, C:使用远光灯, D:交替使用远近光灯",关闭远光灯,使用危险报警闪光灯,使用远光灯,交替使用远近光灯,,,,https://wos.58cdn.com.cn/XyVuTsRqXyf/question/72-1693897113888.jpg,,本题考点为灯光的使用相关内容。图中是夜间通过无交通信号灯的路口，要交替使用远近光灯示意。《道路交通安全法实施条例》第五十九条：机动车在夜间通过急弯、坡路、拱桥、人行横道或者没有交通信号灯控制的路口时，应当交替使用远近光灯示意。
584,584,这个标志的含义是提醒车辆驾驶人前方是急转弯路段。,1,2,2,2,"A:正确, B:错误",,,,,,,,https://wos.58cdn.com.cn/XyVuTsRqXyf/question/584-1693897689497.jpg,,图中标志为三角形黑边黄色底。图案为倾斜的小车，并有两条闪电状的行驶轨迹，是警告标志中的易滑路面标志，用以提醒车辆驾驶人减速慢行，注意路滑。题中说是急转弯路段，所以选择错误。GB5768.2-2022《道路交通标志和标线第2部分：道路交通标志》7.21易滑标志：用以提醒车辆驾驶人减速慢行，注意路滑。设在路滑容易发生事故的路段前适当位置。
7752,7752,如图所示，驾驶机动车遇到这种情况时，以下做法正确的是什么？,2,2,1,1,"A:应停车察明水情，确认安全后，低速通过, B:应停车察明水情，确认安全后，快速通过, C:应减速观察水情，然后加速行驶通过, D:可随意通行",应停车察明水情，确认安全后，低速通过,应停车察明水情，确认安全后，快速通过,应减速观察水情，然后加速行驶通过,可随意通行,,,,https://wos.58cdn.com.cn/XyVuTsRqXyf/question/7752-1693899889328.jpg,,图中前方是漫水路，驾驶人应停车察明水情，确认安全后低速通过。《道路交通安全法实施条例》第六十四条：机动车行经漫水路或者漫水桥时，应当停车察明水情，确认安全后，低速通过。
34120,34120,这个标志是何含义？,2,2,3,3,"A:注意自行车行驶, B:注意摩托车, C:注意电动自行车, D:禁止自行车行驶",注意自行车行驶,注意摩托车,注意电动自行车,禁止自行车行驶,,,,https://wos.58cdn.com.cn/XyVuTsRqXyf/question/34120-1693902039629.jpg,,本题考点为道路交通标志相关内容。标志中有电池的表示电动自行车，非机动车没有电池。黄底三角表示警告，图中标志为注意电动自行车。所以本题选注意电动自行车。注意电动自行车：用以提醒车辆驾驶人谨慎驾驶，注意电动自行车，设在经常有电动自行车横穿、出入的地点前适当位置。
73,73,通过山区弯道时，以下做法正确的是（）。,2,2,1,1,"A:减速鸣喇叭示意, B:加速鸣喇叭通过, C:在弯道中心转弯, D:占对方道路转弯",减速鸣喇叭示意,加速鸣喇叭通过,在弯道中心转弯,占对方道路转弯,,,,https://wos.58cdn.com.cn/XyVuTsRqXyf/question/73-1735540508965.jpg,,图中是急弯路段，右侧标志为向右急转弯应减速慢行，并鸣喇叭示意对向来车《道路交通安全法实施条例》第五十九条：机动车驶近急弯、坡道顶端等影响安全视距的路段以及超车或者遇有紧急情况时，应当减速慢行，并鸣喇叭示意
585,585,这个标志的含义是提醒车辆驾驶人前方是堤坝路段。,1,2,2,2,"A:正确, B:错误",,,,,,,,https://wos.58cdn.com.cn/XyVuTsRqXyf/question/585-1693897691417.jpg,,图中标志为三角形黑边黄色底。图案为山边有断崖，是警告标志中的傍山险路标志，题中说前方是堤坝路段，所以选择错误。堤坝路标志为小车在崖边，并且旁边有水波纹图案。GB5768.2-2022《道路交通标志和标线第2部分：道路交通标志》7.22傍山险路标志：用以提醒车辆驾驶人谨慎驾驶，注意路侧危险。用时应根据傍山险路的不同朝向选择图169a)或图169b)。设在傍山险路路段前适当位置。
13897,13897,遇到这个标志，您不可以左转，但是可以掉头。,1,2,2,2,"A:正确, B:错误",,,,,,,,https://wos.58cdn.com.cn/XyVuTsRqXyf/question/13897-1693900404427.jpg,,本题考点为道路交通标志相关内容。红色表示禁止。图中标志箭头指向左边表示禁止左转弯。禁止左转弯标志同时具有禁止左转和禁止掉头两种作用。题干说可以掉头是错的。
33865,33865,遇前方路段车道减少行驶缓慢，为保证安全有序应该怎样做？,2,2,1,1,"A:依次交替通行, B:穿插到前方排队车辆中通过, C:从前车左右超越, D:借对向车道通过",依次交替通行,穿插到前方排队车辆中通过,从前车左右超越,借对向车道通过,,,,,,本题考点为通过缓行、拥堵路段或路口的通行规定。《道路交通安全法》第四十五条：在车道减少的路段、路口，或者在没有交通信号灯、交通标志、交通标线或者交通警察指挥的交叉路口遇到停车排队等候或者缓慢行驶时，机动车应当依次交替通行。
586,586,这个标志的含义是提醒车辆驾驶人前方路段通过村庄或集镇。,1,2,1,1,"A:正确, B:错误",,,,,,,,https://wos.58cdn.com.cn/XyVuTsRqXyf/question/586-1693897693428.jpg,,图中标志为三角形黑边黄色底。图案为一座小房子旁边有一棵树，是警告标志中的村庄标志，用以提醒车辆驾驶人谨慎驾驶，注意前方为村庄，所以选择正确。GB5768.2-2022《道路交通标志和标线第2部分：道路交通标志》7.24村庄标志：用以提醒车辆驾驶人谨慎驾驶，注意前方为村庄。设在紧靠村庄、集镇且视线不良的路段前适当位置。
2634,2634,在后方无来车的情况下，在隧道中倒车应靠边行驶。,1,2,2,2,"A:正确, B:错误",正确,错误,,,,,,,,隧道中倒车是不允许的，隧道中倒车是违法行为。所以本题选错误。《道路交通安全法实施条例》第五十条：机动车倒车时，应当察明车后情况，确认安全后倒车。不得在铁路道口、交叉路口、单行路、桥梁、急弯、陡坡或者隧道中倒车。
34122,34122,这个标志是何含义？,2,2,3,3,"A:限制宽度, B:限制轴重, C:注意积水, D:限制高度",限制宽度,限制轴重,注意积水,限制高度,,,,https://wos.58cdn.com.cn/XyVuTsRqXyf/question/34122-1693902041022.jpg,,本题考点为道路交通标志相关内容。图中一把尺子表示注意积水，提醒驾驶人注意前方路段积水。所以本题选注意积水。注意积水：用以提醒车辆驾驶人注意前方路段积水，车行道路面标高的最低点为注意积水标志零点的基准点。设在下穿道路等雨天易积水的路段，车行道路面标高最低处附近的位置。
75,75,驾驶机动车在道路上超车完毕驶回原车道时开启右转向灯。,1,2,1,1,"A:正确, B:错误",,,,,,,,,,本题考点为超车相关内容。《道路交通安全法实施条例》规定：机动车超车完毕驶回原车道时，应当开启右转向灯。
587,587,这个标志的含义是提醒车辆驾驶人前方是单向行驶并且照明不好的涵洞。,1,2,2,2,"A:正确, B:错误",,,,,,,,https://wos.58cdn.com.cn/XyVuTsRqXyf/question/587-1693897695259.jpg,,图中标志为三角形黑边黄色底。图案为黑色隧道，是警告标志中的隧道标志，用以提醒车辆驾驶人谨慎驾驶，注意前方为隧道。题中说前方是涵洞，所以选择错误。GB5768.2-2022《道路交通标志和标线第2部分：道路交通标志》7.25隧道标志：用以提醒车辆驾驶人谨慎驾驶，注意前方为隧道。设在受地形或其他因素影响，驾驶人不易发现前方为隧道的适当位置。
2635,2635,如图所示，在这种情况下只要后方、对向无来车，可以掉头。,1,2,2,2,"A:正确, B:错误",正确,错误,,,,,,https://wos.58cdn.com.cn/XyVuTsRqXyf/question/2635-1693899521346.jpg,,图中路面中心线是黄实线，实线禁止跨越掉头。题中说掉头是错误的。《道路交通安全法》第四十九条：机动车在有禁止掉头或者禁止左转弯标志、标线的地点以及在铁路道口、人行横道、桥梁、急弯、陡坡、隧道或者容易发生危险的路段，不得掉头。
26443,26443,夜间驾车经过没有信号灯控制的交叉口时，如何使用灯光？,2,2,4,4,"A:开启雾灯, B:开启远光灯, C:开启危险报警闪光灯, D:交替使用远近光灯",开启雾灯,开启远光灯,开启危险报警闪光灯,交替使用远近光灯,,,,https://wos.58cdn.com.cn/XyVuTsRqXyf/question/26443-1693901078131.jpg,,夜间行车在通过交叉路口时，应在距路口50-100米处减速，并交替使用远近光灯《道路交通安全法实施条例》第五十九条，机动车在夜间通过急弯、坡路、拱桥、人行横道或者没有交通信号灯控制的路口时，应当交替使用远近光灯示意
34123,34123,这个标志是什么？,2,2,1,1,"A:电动汽车充电站, B:加油站, C:超限检测站, D:应急避难设施",电动汽车充电站,加油站,超限检测站,应急避难设施,,,,https://wos.58cdn.com.cn/XyVuTsRqXyf/question/34123-1716190387263.jpg,,本题考点为道路交通标志相关内容。图中标志表示电动汽车充电站，仅供电动汽车使用。所以本题选电动汽车充电站。电动汽车充电站识别标志为道路使用者提供各种重要场所的识别和指向，设在所识别场所前适当的位置。
76,76,掉头时，要提前开启左转向灯。,1,2,1,1,"A:正确, B:错误",,,,,,,,,,本题考点为掉头相关内容《道路交通安全法实施条例》规定：机动车在道路上掉头时，应当提前开启左转向灯
588,588,这个标志的含义是提醒车辆驾驶人前方是车辆渡口。,1,2,1,1,"A:正确, B:错误",,,,,,,,https://wos.58cdn.com.cn/XyVuTsRqXyf/question/588-1693897697073.jpg,,警告标志渡口：提醒驾驶人前方是渡口，要谨慎行驶设在车辆渡口以前适当位置
2636,2636,如图所示，这种情况下只要后方、对向无来车，可以掉头。,1,2,1,1,"A:正确, B:错误",正确,错误,,,,,,https://wos.58cdn.com.cn/XyVuTsRqXyf/question/2636-1693899523898.jpg,,图中路面中心线是黄虚线，虚线可以跨越掉头。所以本题选正确。《道路交通安全法实施条例》第四十九条：机动车在没有禁止掉头或者没有禁止左转弯标志、标线的地点可以掉头，但不得妨碍正常行驶的其他车辆和行人的通行。
33612,33612,如图所示，在铁路道口遇到两个红灯交替闪烁时，应确认安全后通过。,1,2,2,2,"A:正确, B:错误, C:3分, D:1分",12分,6分,3分,1分,,,,https://wos.58cdn.com.cn/XyVuTsRqXyf/question/33612-1754389529737.jpg,,图中铁路道口红灯交替闪烁，表示禁止通行，车辆不得越过停止线所以本题选错误《道路交通安全法实施条例》第四十三条：道路与铁路平面交叉道口有两个红灯交替闪烁或者一个红灯亮时，表示禁止车辆、行人通行；红灯熄灭时，表示允许车辆、行人通行
589,589,这个标志的含义是提醒车辆驾驶人前方是桥头跳车较严重的路段。,1,2,2,2,"A:正确, B:错误",,,,,,,,https://wos.58cdn.com.cn/XyVuTsRqXyf/question/589-1693897699003.jpg,,图中标志为三角形黑边黄色底。图案为凸起的桥面，下方中间为空，是警告标志中的驼峰桥标志。题中说的前方是桥头跳车较严重的路段，应该指路面不平标志，所以选择错误。GB5768.2-2022《道路交通标志和标线第2部分：道路交通标志》7.26驼峰桥标志：用以提醒车辆驾驶人谨慎驾驶，注意驼峰桥。
33869,33869,驾驶机动车在高速公路上行驶，遇能见度小于50米的恶劣气象条件时，车速不得超过每小时多少公里，并尽快驶离？,2,2,4,4,"A:30, B:40, C:10, D:20",30,40,10,20,,,,,,在高速公路上行驶时，能见度小于50米，车速不得超过每小时20公里，并且尽快驶离高速公路。《道路交通安全法实施条例》第八十一条：机动车在高速公路上行驶，遇有雾、雨、雪、沙尘、冰雹等低能见度气象条件时，能见度小于50米时，开启雾灯、近光灯、示廓灯、前后位灯和危险报警闪光灯，车速不得超过每小时20公里，并从最近的出口尽快驶离高速公路。
78,78,驾驶机动车在沙尘天气条件下行车不用开启前照灯、示廓灯和后位灯。,1,2,2,2,"A:正确, B:错误",,,,,,,,,,本题考点为灯光的使用相关内容。沙尘天气能见度低，不开灯易引发交通事故，应开启前照灯、示廓灯和后位灯。《道路交通安全法实施条例》第五十八条：机动车在夜间没有路灯、照明不良或者遇有雾、雨、雪、沙尘、冰雹等低能见度情况下行驶时，应当开启前照灯、示廓灯和后位灯，但同方向行驶的后车与前车近距离行驶时，不得使用远光灯。
590,590,这个标志的含义是提醒车辆驾驶人前方路面颠簸或有桥头跳车现象。,1,2,1,1,"A:正确, B:错误",,,,,,,,https://wos.58cdn.com.cn/XyVuTsRqXyf/question/590-1693897700951.jpg,,图中标志为三角形黑边黄色底图案为一段路面有两个凸起，是警告标志中的路面不平标志，用以提醒车辆驾驶人减速慢行，注意路面颠簸，所以选择正确路面有一个凸起为减速丘标志，路面有一个凹陷为路面低洼标志，路面有两个凸起为路面不平标志GB5768.2-2022《道路交通标志和标线第2部分：道路交通标志》7.27路面不平标志：用以提醒车辆驾驶人减速慢行，注意路面颠簸设在路面颠簸路段或桥头跳车较严重的地点前适当位置
26446,26446,夜间在照明不良路段跟车较近时，应开启远光灯。,1,2,2,2,"A:正确, B:错误",,,,,,,,https://wos.58cdn.com.cn/XyVuTsRqXyf/question/26446-1757561310930.jpg,,夜间跟车距离较近时，不能使用远光灯，应使用近光灯所以本题选错误《道路交通安全法实施条例》第五十八条：机动车在夜间没有路灯、照明不良或者遇有雾、雨、雪、沙尘、冰雹等低能见度情况下行驶时，应当开启前照灯、示廓灯和后位灯，但同方向行驶的后车与前车近距离行驶时，不得使用远光灯
33870,33870,在高速公路上行驶时，应通过察看行驶速度表来确认车速，以便正确选择行车道。,1,2,1,1,"A:正确, B:错误",正确,错误,,,,,,,,本题考点为行车速度的确认。机动车在高速公路上行驶，要通过观察车速表来确认车速，以便正确的选择行车道。所以本题选正确。驾驶人长期在高速行驶对速度的感知能力会下降，可能误判车速造成事故。使用行驶速度表来确认，来保证行车安全。
591,591,这个标志的含义是提醒车辆驾驶人前方是过水路面或漫水桥路段。,1,2,1,1,"A:正确, B:错误",,,,,,,,https://wos.58cdn.com.cn/XyVuTsRqXyf/question/591-1693897702819.jpg,,图中标志为三角形黑边黄色底。图案为正面行驶的小汽车，轮胎两侧溅起水花，是警告标志中的过水路面标志，用以提醒车辆驾驶人谨慎驾驶，注意前方为过水路面或漫水桥，所以选择正确。GB5768.2-2022《道路交通标志和标线第2部分：道路交通标志》7.29过水路面(或漫水桥)标志：用以提醒车辆驾驶人谨慎驾驶，注意前方为过水路面或漫水桥。
34127,34127,这个标志是什么？,2,2,4,4,"A:应急停车带, B:港湾式停靠站, C:大客车停靠站, D:公交车专用停车位",应急停车带,港湾式停靠站,大客车停靠站,公交车专用停车位,,,,https://wos.58cdn.com.cn/XyVuTsRqXyf/question/34127-1693902046450.jpg,,本题考点为道路交通标志相关内容P表示停车位，图中有公交，表示公交专用停车位所以本题选公交专用停车位公交车专用停车位：表示此处仅允许公交车停放
80,80,驾驶机动车在雾天行车开启雾灯和危险报警闪光灯。,1,2,1,1,"A:正确, B:错误",,,,,,,,,,本题考点为灯光的使用相关内容。雾天能见度低，为让其他车辆看到自己，要开启雾灯和危险报警闪光灯。《道路交通安全法实施条例》规定：机动车在雾天行驶时，应当开启雾灯和危险报警闪光灯。
592,592,这个标志的含义是提醒车辆驾驶人前方是无人看守铁路道口。,1,2,2,2,"A:正确, B:错误",,,,,,,,https://wos.58cdn.com.cn/XyVuTsRqXyf/question/592-1693897704653.jpg,,图中标志为三角形黑边黄色底。图案为黑色栅栏，是警告标志中的有人看守铁路道口。题中说是无人看守铁路道口，所以选择错误。图案为冒烟火车头的是无人看守铁路道口，图案为黑色栅栏的是有人看守铁路道口。GB5768.2-2022《道路交通标志和标线第2部分：道路交通标志》7.30铁路道口标志：用以警告车辆驾驶人注意前方有铁路道口，应减速慢行或及时停车。有人看守铁路道口标志，设在车辆驾驶人不易发现的道口前适当位置；无人看守铁路道口标志，设在无人看守铁路道口前适当位置。
33872,33872,驾驶机动车在高速公路上行驶，以下做法正确的是什么？,2,2,4,4,"A:穿越中央分隔带掉头, B:学习驾驶机动车, C:非紧急情况时在应急车道行驶, D:合理调整行车速度",穿越中央分隔带掉头,学习驾驶机动车,非紧急情况时在应急车道行驶,合理调整行车速度,,,,,,在高速公路上行驶不可以穿越中央分隔带掉头。非紧急情况下不得在应急车道行驶。高速上不能学习驾驶机动车。所以本题选合理调整行车速度。《道路交通安全法实施条例》第八十二条：机动车在高速公路上行驶，不得有下列行为：倒车、逆行、穿越中央分隔带掉头或者在车道内停车；非紧急情况时在应急车道行驶或者停车；试车或者学习驾驶机动车。
81,81,夜间在急弯行车时，交替使用远、近光灯。,1,2,1,1,"A:正确, B:错误",,,,,,,,https://wos.58cdn.com.cn/XyVuTsRqXyf/question/81-1755682812466.jpg,,本题考点为灯光的使用相关内容图中夜间通过急弯，安全视距不足，要交替使用远近光灯，以防对向来车《道路交通安全法实施条例》第五十九条：机动车在夜间通过急弯、坡路、拱桥、人行横道或者没有交通信号灯控制的路口时，应当交替使用远近光灯示意
593,593,这个标志的含义是提醒车辆驾驶人前方是无人看守铁路道口。,1,2,1,1,"A:正确, B:错误",,,,,,,,https://wos.58cdn.com.cn/XyVuTsRqXyf/question/593-1693897706503.jpg,,图中标志为三角形黑边黄色底。图案为正在冒烟的火车头，是警告标志中的无人看守铁路道口标志，所以选择正确。图案为冒烟火车头的是无人看守铁路道口，图案为黑色栅栏的是有人看守铁路道口。GB5768.2-2022《道路交通标志和标线第2部分：道路交通标志》7.30铁路道口标志：用以警告车辆驾驶人注意前方有铁路道口，应减速慢行或及时停车。有人看守铁路道口标志，设在车辆驾驶人不易发现的道口前适当位置；无人看守铁路道口标志，设在无人看守铁路道口前适当位置。
33617,33617,这个标志是什么？,2,2,4,4,"A:公交专用车道, B:多乘员车辆（HOV）专用车道, C:有轨电车专用车道, D:靠右侧车道行驶",公交专用车道,多乘员车辆（HOV）专用车道,有轨电车专用车道,靠右侧车道行驶,,,,https://wos.58cdn.com.cn/XyVuTsRqXyf/question/33617-1693901922434.jpg,,这是靠右侧车道行驶的标志：表示车辆除必要的超车行为外应靠右侧车道行驶，设在高速公路、一级公路，货车比例较高的路段起点、交叉口入口或互通立交加速车道终点后。
33873,33873,图中蓝色车辆因故障在高速公路临时停放，警告标志应该设置在车后（）。,2,2,1,1,"A:150米以外, B:50～150米, C:50～100米, D:50米以内",150米以外,50～150米,50～100米,50米以内,,,,https://wos.58cdn.com.cn/XyVuTsRqXyf/question/33873-1693901968433.jpg,,本题考点为警告标志的相关内容图中车辆在高速临时停车，警告标志应放置在车后150米以外的位置《道路交通安全法》第六十八条：机动车在高速公路上发生故障时，警告标志应当设置在故障车来车方向一百五十米以外，车上人员应当迅速转移到右侧路肩上或者应急车道内，并且迅速报警
82,82,夜间驾车通过人行横道时，交替使用远、近光灯。,1,2,1,1,"A:正确, B:错误",,,,,,,,,,本题考点为灯光的使用相关内容夜间行车由于照明条件较差，需交替使用远近光灯提醒行人有来车按《道路交通安全法》规定，机动车在夜间通过人行横道时，应交替使用远近光灯
594,594,这个标志的含义是提醒车辆驾驶人前方是非机动车道。,1,2,2,2,"A:正确, B:错误",,,,,,,,https://wos.58cdn.com.cn/XyVuTsRqXyf/question/594-1693897708328.jpg,,图中标志为三角形黑边黄色底。图案为黑色自行车，是警告标志中的注意非机动车标志，用以提醒车辆驾驶人谨慎驾驶，注意非机动车。题中说前方是非机动车道，所以选择错误。GB5768.2-2022《道路交通标志和标线第2部分：道路交通标志》7.14注意非机动车标志：用以提醒车辆驾驶人谨慎驾驶，注意非机动车。
33618,33618,下列哪个交通标志，表示此处仅允许残疾人驾驶的车辆停放？,2,2,3,3,"A:如图中D所示, B:如图中B所示, C:如图中A所示, D:如图中C所示",如图中D所示,如图中B所示,如图中A所示,如图中C所示,,,,https://wos.58cdn.com.cn/XyVuTsRqXyf/question/33618-1693901923791.jpg,,本题考点为道路交通标志相关内容。停车标志下方有残疾人的，表示此处仅允许残疾人驾驶的车辆停放。选图A。图B表示公交车专用停车位标志；图C表示校车专用停车位标志；图D表示公交车专用停车位标志。
33874,33874,驾驶机动车在高速公路上发生故障时，应在来车方向多少米外设置警告标志？,2,2,1,1,"A:150, B:50, C:100, D:200",150,50,100,200,,,,,,高速路上故障，警告标志应设置在车辆来车方向150米以外。所以本题选择150。《道路交通安全法》第六十八条：机动车在高速公路上发生故障时，警告标志应当设置在故障车来车方向一百五十米以外，车上人员应当迅速转移到右侧路肩上或者应急车道内，并且迅速报警。
83,83,驾驶机动车上坡时，在将要到达坡道顶端时要加速并鸣喇叭。,1,2,2,2,"A:正确, B:错误",,,,,,,,,,本题考点为喇叭的使用相关内容。驶近坡道顶端，驾驶员视线受阻，要减速慢行，并鸣喇叭示意对向来车，本题说加速所以选错。《道路交通安全法实施条例》第五十九条：机动车驶近急弯、坡道顶端等影响安全视距的路段以及超车或者遇有紧急情况时，应当减速慢行，并鸣喇叭示意。
595,595,这个标志的含义是告示前方是拥堵路段，注意减速慢行。,1,2,2,2,"A:正确, B:错误",,,,,,,,https://wos.58cdn.com.cn/XyVuTsRqXyf/question/595-1693897710267.jpg,,图中标志为三角形黑边黄色底。图案为两车相撞，上方有黑色感叹号，是警告标志中的事故易发路段标志。题中说前方是拥堵路段，所以选择错误。GB5768.2-2022《道路交通标志和标线第2部分：道路交通标志》7.31事故易发路段标志：用以警告前方道路为事故易发路段，车辆驾驶人应谨慎驾驶。
7763,7763,驾驶机动车下长坡时，仅靠行车制动器制动，容易引起行车制动器失灵。,1,2,1,1,"A:正确, B:错误",,,,,,,,,,行车制动器就是脚刹，下长坡时由于长时间使用，会造成刹车片温度升高，影响制动效果，甚至失灵。所以本题选正确。为了安全起见，可以利用发动机制动，即通过降低挡位的方法，来控制车速。
205395,205395,这个标志为公交专用车道标志，表示该车道仅供公交车辆、通勤班车等大型载客汽车通行。,1,2,2,2,"A:正确, B:错误",正确,错误,,,,,,https://wos.58cdn.com.cn/XyVuTsRqXyf/question/205395-1735538800040.jpg,,本题考点为道路交通标志相关内容标志中两侧有虚线的是车道，中间是有轨电车图中标志为有轨电车专用车道题中说公交专用车道标志，所以本题选错有轨电车专用车道：表示该车道仅供有轨电车通行，设在进入该车道的起点及各交叉口的入口处，宜设置在车道的正上方
33619,33619,如图所示，驾驶机动车在同方向只有1条机动车道的公路上行驶，最高行驶速度不得超过每小时多少公里？,2,2,1,1,"A:70, B:40, C:60, D:50",70,40,60,50,,,,https://wos.58cdn.com.cn/XyVuTsRqXyf/question/33619-1693901927108.jpg,,在没有中心线的道路，城市道路限速30，公路限速40；有中心线的道路上，城市道路限速50，公路限速70。所以本题选70。《道路交通安全法实施条例》第四十五条：同方向只有1条机动车道的道路，城市道路为每小时50公里，公路为每小时70公里。
33875,33875,如图所示，驾驶机动车可以在该路段通行。,1,2,2,2,"A:正确, B:错误",正确,错误,,,,,,https://wos.58cdn.com.cn/XyVuTsRqXyf/question/33875-1693901972508.jpg,,本题考点为道路交通标志相关内容。图中道路右侧标志：红圈白底斜红杠和机动车正面车头，是禁止机动车驶入标志，表示禁止一切机动车驶入。
596,596,这个标志的含义是告示前方道路施工，车辆左右绕行。,1,2,2,2,"A:正确, B:错误",,,,,,,,https://wos.58cdn.com.cn/XyVuTsRqXyf/question/596-1693897712260.jpg,,图中标志为三角形黑边黄色底。图中间有一个障碍物，两个箭头分别绕过障碍物从左右两侧指向上方为左右绕行，是警告标志中的左右绕行标志。题中说前方道路施工，所以选择错误。箭头绕过障碍物从右侧指向上方为右侧绕行，箭头绕过障碍物从左侧指向上方为左侧绕行，两个箭头分别绕过障碍物从左右两侧指向上方为左右绕行。GB5768.2-2022《道路交通标志和标线第2部分：道路交通标志》7.32注意障碍物标志：用以提醒前方道路有障碍物，车辆驾驶人应谨慎驾驶。
205396,205396,这个标志表示加油站。,1,2,2,2,"A:正确, B:错误",正确,错误,,,,,,https://wos.58cdn.com.cn/XyVuTsRqXyf/question/205396-1735538908302.jpg,,本题考点为道路交通标志相关内容图中标志表示电动汽车充电站，仅供电动汽车使用题中说加油站，所以本题选错误电动汽车充电站识别标志为道路使用者提供各种重要场所的识别和指向，设在所识别场所前适当的位置
33876,33876,驾驶机动车在高速公路上行驶，能见度小于100米时，车速不得超过每小时60公里。,1,2,2,2,"A:正确, B:错误",,,,,,,,,,高速公路上遇到能见度小于100米的气象条件时，车速不得超过每小时40公里。题中说不超过每小时60公里，所以本题选错误。《道路交通安全法实施条例》第八十一条：机动车在高速公路上行驶，遇有雾、雨、雪、沙尘、冰雹等低能见度气象条件时，能见度小于100米时，开启雾灯、近光灯、示廓灯、前后位灯和危险报警闪光灯，车速不得超过每小时40公里，与同车道前车保持50米以上的距离。
85,85,在图中高速公路行驶，车速不得高于（）。,2,2,2,2,"A:100km/h, B:110km/h, C:120km/h, D:90km/h",100km/h,110km/h,120km/h,90km/h,,,,https://wos.58cdn.com.cn/XyVuTsRqXyf/question/85-1693897121841.jpg,,本考点为高速公路限速相关内容图中右侧标志是红圈白底，表示最高行驶速度不得超过110公里/小时《道路交通安全法实施条例》第七十八条：同方向有2条车道的，左侧车道的最低车速为每小时100公里道路限速标志标明的车速与上述车道行驶车速的规定不一致的，按照道路限速标志标明的车速行驶
597,597,这个标志的含义是告示前方道路有障碍物，车辆左侧绕行。,1,2,1,1,"A:正确, B:错误",,,,,,,,https://wos.58cdn.com.cn/XyVuTsRqXyf/question/597-1693897714223.jpg,,图中标志为三角形黑边黄色底。图中间有一个障碍物，黑色箭头绕过障碍物从左侧指向上方，是警告标志中的左侧绕行标志，所以选择正确。箭头绕过障碍物从右侧指向上方为右侧绕行，箭头绕过障碍物从左侧指向上方为左侧绕行，两个箭头分别绕过障碍物从左右两侧指向上方为左右绕行。GB5768.2-2022《道路交通标志和标线第2部分：道路交通标志》7.32注意障碍物标志：用以提醒前方道路有障碍物，车辆驾驶人应谨慎驾驶。
205397,205397,图中交通标志是指（）。,2,2,2,2,"A:线形诱导标, B:注意车道数变少, C:注意合流, D:注意潮汐车道",线形诱导标,注意车道数变少,注意合流,注意潮汐车道,,,,https://wos.58cdn.com.cn/XyVuTsRqXyf/question/205397-1761034956013.jpg,,图中标志为方形黄色底，图中车道数随着箭头方向减少，右侧曲线沿箭头方向收拢，是指示标志中的车道数变少标志，表示前方车道数量变少，需提高警惕，设在变化点前适当位置
34133,34133,这个标志是何含义？,2,2,3,3,"A:机动车行驶, B:小型客车行驶, C:货车通行, D:禁止货车通行",机动车行驶,小型客车行驶,货车通行,禁止货车通行,,,,https://wos.58cdn.com.cn/XyVuTsRqXyf/question/34133-1727341768203.jpg,,本题考点为道路交通标志相关内容。图中标志中有一辆货车，是货车通行。所以本题选货车通行。货车通行：表示货车应在该道路上行驶，其他车辆也可以在该道路上行驶。设在指定的货车通行道路的起点及交叉口的入口处。
86,86,在这段城市道路上行驶的最高速度不能超过多少？,2,2,1,1,"A:30公里/小时, B:40公里/小时, C:50公里/小时, D:70公里/小时",30公里/小时,40公里/小时,50公里/小时,70公里/小时,,,,https://wos.58cdn.com.cn/XyVuTsRqXyf/question/86-1693897124554.jpg,,本题考点为一般道路限速相关内容。图中道路两侧有高楼有行人是城市道路，且没有中心线，最高行驶速度为30公里/小时。《道路交通安全法实施条例》规定：在没有限速标志、标线的道路上，机动车不得超过下列最高行驶速度：没有道路中心线的道路，城市道路为每小时30公里，公路为每小时40公里。没有中心线道路，城市道路限速每小时30公里，公路限速每小时40公里；有中心线道路，城市道路限速每小时50公里，公路限速每小时70公里。
598,598,这个标志的含义是告示前方道路是单向通行路段。,1,2,2,2,"A:正确, B:错误",,,,,,,,https://wos.58cdn.com.cn/XyVuTsRqXyf/question/598-1693897716252.jpg,,图中标志为三角形黑边黄色底。图中间有一个障碍物，黑色箭头绕过障碍物从右侧指向上方，是警告标志中的右侧绕行标志。题中说前方是单行通行路段，所以选择错误。箭头绕过障碍物从右侧指向上方为右侧绕行，箭头绕过障碍物从左侧指向上方为左侧绕行，两个箭头分别绕过障碍物从左右两侧指向上方为左右绕行。GB5768.2-2022《道路交通标志和标线第2部分：道路交通标志》7.32注意障碍物标志：用以提醒前方道路有障碍物，车辆驾驶人应谨慎驾驶。
205398,205398,这个标志表示该车道仅供小型客车通行。,1,2,2,2,"A:正确, B:错误",正确,错误,,,,,,https://wos.58cdn.com.cn/XyVuTsRqXyf/question/205398-1735539064390.jpg,,图中标志为方形蓝色底，图案为白色的小汽车车头，有数字“3+”，两侧有虚线，是指示标志中的多乘员车辆专用车道标志，表示该车道只供多乘员的车辆行驶两侧有虚线表示车道，机动车车道标志上没有“3+”字样
33622,33622,图中信号灯亮起时，黑色车辆可以通过。,1,2,2,2,"A:正确, B:错误",正确,错误,,,,,,https://wos.58cdn.com.cn/XyVuTsRqXyf/question/33622-1754389804926.jpg,,图中箭头指示车辆直行，此时信号灯是红灯，红灯禁止通行所以本题选错误《道路交通安全法》第二十六条：红灯表示禁止通行遇到有红灯的路口，应停车等待
33878,33878,高速公路加速车道内遇前车行驶缓慢时，应加速超越前车。,1,2,2,2,"A:正确, B:错误",正确,错误,,,,,,,,机动车在高速公路加速车道上行驶不可以超车，加速车道上超车不仅违反交通规则，还极易引发交通事故所以本题选错误《道路交通安全法实施条例》第八十二条：机动车在高速公路上行驶，不得有下列行为：倒车、逆行、穿越中央分隔带掉头或者在车道内停车；在匝道、加速车道或者减速车道上超车
87,87,在这条公路上行驶的最高速度不能超过多少？,2,2,2,2,"A:30公里/小时, B:40公里/小时, C:50公里/小时, D:70公里/小时",30公里/小时,40公里/小时,50公里/小时,70公里/小时,,,,https://wos.58cdn.com.cn/XyVuTsRqXyf/question/87-1693897126946.jpg,,本题考点为一般道路限速相关内容。图中道路两侧只有树是公路，且没有中心线，最高行驶速度为40公里/小时。《道路交通安全法实施条例》第四十五条：在没有限速标志、标线的道路上，机动车不得超过下列最高行驶速度：(一)没有道路中心线的道路，城市道路为每小时30公里，公路为每小时40公里。没有中心线道路，城市道路限速每小时30公里，公路限速每小时40公里；有中心线道路，城市道路限速每小时50公里，公路限速每小时70公里。
599,599,这个标志的含义是告示前方是塌方路段，车辆应绕道行驶。,1,2,2,2,"A:正确, B:错误",,,,,,,,https://wos.58cdn.com.cn/XyVuTsRqXyf/question/599-1727342069702.jpg,,图中标志为三角形黑边框橙色底。图案为一个正在用铲子铲土的小人，是警告标志中的施工标志，警示前方道路施工，车辆驾驶人应减速慢行或绕道行驶。题中说前方是塌方路段，所以选择错误。GB5768.2-2022《道路交通标志和标线第2部分：道路交通标志》7.34施工标志：用以警告前方道路施工，车辆驾驶人应减速慢行或绕道行驶。该标志为橙色底或荧光橙色底、黑图形。可作为临时性标志支设在施工路段前适当位置。
26711,26711,驾驶机动车在高速公路上正常行驶，车速低于100km/h时，与同车道前车的最小距离不得少于多少米？,2,2,4,4,"A:100米, B:80米, C:60米, D:50米",100米,80米,60米,50米,,,,,,本题考点为高速公路上跟车距离的要求。当车速低于每小时100公里时，与同车道前车保持50米及以上的跟车距离。所以本题选择50。《道路交通安全法实施条例》第八十条：机动车在高速公路上行驶，车速超过每小时100公里时，应当与同车道前车保持100米以上的距离，车速低于每小时100公里时，与同车道前车距离可以适当缩短，但最小距离不得少于50米。
33623,33623,驾驶机动车在车道减少的路段，遇有前方机动车缓慢行驶的，应当每车道一辆依次交替驶入车道减少后的路段。,1,2,1,1,"A:正确, B:错误",正确,错误,,,,,,,,前方路段车道减少、车辆行驶缓慢时，应每一车道一辆依次交替通过。所以本题选正确。《道路交通安全法实施条例》第五十三条：机动车在车道减少的路口、路段，遇有前方机动车停车排队等候或者缓慢行驶的，应当每车道一辆依次交替驶入车道减少后的路口、路段。
33879,33879,这个标志为电动自行车车道标志，表示该车道仅供电动自行车通行。,1,2,1,1,"A:正确, B:错误",正确,错误,,,,,,https://wos.58cdn.com.cn/XyVuTsRqXyf/question/33879-1716190315144.jpg,,本题考点为道路交通标志相关内容。标志中有电池的表示电动自行车，非机动车没有电池。两侧有虚线的是车道，图中标志为电动自行车车道标志，表示该车道仅供电动自行车通过。所以本题选正确。电动自行车车道标志设在该车道的起点及各交叉口的入口处，宜设置在车道的正上方。
88,88,如图所示，驾驶机动车在同方向只有1条机动车道的城市道路上行驶，最高行驶速度不得超过每小时多少公里?,2,2,4,4,"A:40, B:60, C:70, D:50",40,60,70,50,,,,https://wos.58cdn.com.cn/XyVuTsRqXyf/question/88-1693897129222.jpg,,本题考点为一般道路限速相关内容。图中道路两侧有高楼是城市道路，且同方向只有1条车道，最高行驶速度为50公里/小时。《道路交通安全法实施条例》第四十五条：在没有限速标志、标线的道路上，机动车不得超过下列最高行驶速度：没有道路中心线的道路，城市道路为每小时30公里，公路为每小时40公里；同方向只有1条机动车道的道路，城市道路为每小时50公里，公路为每小时70公里。
600,600,这个标志的含义是告示车辆驾驶人应慢行或停车，确保干道车辆优先。,1,2,1,1,"A:正确, B:错误",,,,,,,,https://wos.58cdn.com.cn/XyVuTsRqXyf/question/600-1693897719075.jpg,,图中标志为倒三角形红圈白色底，标有黑色文字“让”。是禁令标志中的减速让行标志。即表示需要减速让主干道车辆优先行驶，必要时是需要停车让行的，所以选择正确。GB5768.2-2022《道路交通标志和标线第2部分：道路交通标志》5.3减速让行标志：表示相交道路有优先通行权，车辆应慢行或停车，观察相交道路行车情况，让相交道路车辆优先通行和确认安全时，方可通行。
205400,205400,这个标志表示禁止车货总体外廓高度超过标志所示数值的车辆通行。,1,2,2,2,"A:正确, B:错误",正确,错误,,,,,,https://wos.58cdn.com.cn/XyVuTsRqXyf/question/205400-1735539271108.jpg,,本题考点为道路交通标志相关内容图中一把尺子表示注意积水，提醒驾驶人注意前方路段积水所以本题选错误注意积水：用以提醒车辆驾驶人注意前方路段积水，车行道路面标高的最低点为注意积水标志零点的基准点设在下穿道路等雨天易积水的路段，车行道路面标高最低处附近的位置
33624,33624,如图所示，此车的违法行为是占用应急车道。,1,2,2,2,"A:正确, B:错误",,,,,,,,https://wos.58cdn.com.cn/XyVuTsRqXyf/question/33624-1693901931954.jpg,,图中车辆的违法行为是不按规定设置警告标志，警告标志距离车后不足150米，且该车骑轧应急车道分界线，没有完全停入应急车道内，会对旁边行车道正常行驶的车辆造成干扰
33880,33880,如图所示，驾驶机动车在高速公路上因故障停车，以下说法正确的是什么？①该车未开启危险报警闪光灯②该驾驶人设置的警告标志与车辆之间的距离不足150米③该车骑压应急车道分界线，未完全停在应急车道内,2,2,2,2,"A:①②③, B:②③, C:①②, D:①③",①②③,②③,①②,①③,,,,https://wos.58cdn.com.cn/XyVuTsRqXyf/question/33880-1693901977918.jpg,,图中车辆开启了危险报警闪光灯，但警告标志放置距离不足150米，且车辆并未完全停在应急车道内。所以本题选②③。机动车在高速公路发生故障时首先要开启危险报警闪光灯，将车辆移至应急车道内，然后将警告标志放置在车后方150米以外的地方，所有人员需离开故障车辆，在紧急停车带或护栏以外安全位置报警并等候救援。
89,89,如图所示，在这条公路上行驶的最高速度不能超过多少？,2,2,4,4,"A:30公里/小时, B:40公里/小时, C:50公里/小时, D:70公里/小时",30公里/小时,40公里/小时,50公里/小时,70公里/小时,,,,https://wos.58cdn.com.cn/XyVuTsRqXyf/question/89-1693897131839.jpg,,本题考点为一般道路限速相关内容。图中道路两侧只有树是公路，是同方向只有1条车道，最高行驶速度为70公里/小时。《道路交通安全法实施条例》第四十五条：在没有限速标志、标线的道路上，机动车不得超过下列最高行驶速度：(一)没有道路中心线的道路，城市道路为每小时30公里，公路为每小时40公里；(二)同方向只有1条机动车道的道路，城市道路为每小时50公里，公路为每小时70公里。
601,601,这个标志的含义是表示车辆会车时，对方车辆应停车让行。,1,2,2,2,"A:正确, B:错误",,,,,,,,https://wos.58cdn.com.cn/XyVuTsRqXyf/question/601-1693897720844.jpg,,图中标志为圆形红圈白色底。图案由向下的黑色箭头和向上的白色箭头组成，是禁令标志中的会车让行标志，表示车辆会车时，应停车让对方车先行。题中说对方应停车让行，所以选择错误。注意区分会车先行标志，会车先行标志为方形蓝色底，图案由红白两色的箭头组成。GB5768.2-2022《道路交通标志和标线第2部分：道路交通标志》5.4会车让行标志：表示车辆会车时，应停车让对方车先行，见图14。标志形状为圆形，颜色为白底红圈，红黑两种箭头。
7769,7769,避让特种车辆使其顺利通过后，车辆应有序回到原车道继续行驶，不要尾随特种车辆，以免发生交通事故。,1,2,1,1,"A:正确, B:错误",,,,,,,,,,特种车辆如救护车、消防车、警车等在执行紧急任务时享有优先通行权。特种车辆本身车速较快，而且由于其特殊性，驾驶路线与常规车辆也不同。如果跟随特种车会十分危险，因此避让特种车后，要有序回到原车道继续行驶。所以本题选正确。
205401,205401,这个标志是交叉路口预告标志中的“车道式”预告标志。,1,2,1,1,"A:正确, B:错误",正确,错误,,,,,,https://wos.58cdn.com.cn/XyVuTsRqXyf/question/205401-1735539337290.jpg,,本题考点为道路交通标志相关内容中间一条虚线，箭头指向两个地方，表示车道式预告标志，所以本题选正确
34137,34137,图中标志的含义是什么?,2,2,4,4,"A:禁止载货汽车驶入, B:汽车拖、挂车驶入, C:禁止机动车驶入, D:禁止挂车、半挂车驶入",禁止载货汽车驶入,汽车拖、挂车驶入,禁止机动车驶入,禁止挂车、半挂车驶入,,,,https://wos.58cdn.com.cn/XyVuTsRqXyf/question/34137-1693902058298.jpg,,本题考点为道路交通标志相关内容。红色表示禁止。图中标志表示禁止挂车、半挂车驶入。所以本题选禁止挂车、半挂车驶入。此标志设在禁止挂车、半挂车驶入路段的入口处。
90,90,如图所示，在这个弯道上行驶时的最高速度不能超过多少？,2,2,1,1,"A:30公里/小时, B:40公里/小时, C:50公里/小时, D:70公里/小时",30公里/小时,40公里/小时,50公里/小时,70公里/小时,,,,https://wos.58cdn.com.cn/XyVuTsRqXyf/question/90-1693897133987.jpg,,本题考点为特殊路段限速规定相关内容图中是向右急转弯路段，最高时速为30公里/小时窄路、窄桥等特殊路段限速30km/h《道路交通安全法实施条例》第四十六条：机动车掉头、转弯、下陡坡时，最高行驶速度不得超过每小时30公里
602,602,这个标志的含义是指示此处设有室内停车场。,1,2,2,2,"A:正确, B:错误",,,,,,,,https://wos.58cdn.com.cn/XyVuTsRqXyf/question/602-1693897722472.jpg,,"图中标志为方形蓝色底。图案为大写白色字母P，上方没有白色尖角遮挡，因此该标志表示室外停车场。题中说是室内停车场，所以选择错误。P字上没有白色尖角遮挡表示露天停车场，有白色尖角遮挡表示室内停车场。GB5768.2-2022《道路交通标志和标线第2部分：道路交通标志》8.5.1停车场(区)标志：用以指引停车场(区),设在停车场(区)入口附近。"
7770,7770,驾驶机动车行驶过程中，遇道路养护车辆从本车道逆向驶来时，以下做法正确的是什么？,2,2,1,1,"A:靠边减速或停车让行, B:在原车道继续行驶, C:占用非机动车道行驶, D:鸣喇叭示意其让道",靠边减速或停车让行,在原车道继续行驶,占用非机动车道行驶,鸣喇叭示意其让道,,,,,,如果道路养护车逆向驶来，一定要靠边减速或停车让行，避免正向相撞。《道路交通安全法》第五十四条：道路养护车辆、工程作业车进行作业时，在不影响过往车辆通行的前提下，其行驶路线和方向不受交通标志、标线限制，过往车辆和人员应当注意避让。
205402,205402,这个标志为人行横道标志，机动车驾驶人行经此处时应注意观察行人。,1,2,2,2,"A:正确, B:错误",正确,错误,,,,,,https://wos.58cdn.com.cn/XyVuTsRqXyf/question/205402-1735539396369.jpg,,本题考点为道路交通标志相关内容图中标志表示该道路只供行人步行，任何车辆不准进入题中说图中标志是人行横道是错误的
33626,33626,这个标志是什么？,2,2,4,4,"A:无障碍设施, B:注意残疾人, C:停车场, D:残疾人专用车位",无障碍设施,注意残疾人,停车场,残疾人专用车位,,,,https://wos.58cdn.com.cn/XyVuTsRqXyf/question/33626-1716190279101.jpg,,本题考点为道路交通标志相关内容。P表示停车位，图中有残疾人标志，表示残疾人专用停车位。所以本题选残疾人专用停车位。残疾人专用停车位，用于指示该停车位是专门为残疾人设计的，其他车辆不应占用。
34138,34138,这个标志是何含义？,2,2,4,4,"A:注意行人, B:注意儿童, C:学校区域, D:人行横道",注意行人,注意儿童,学校区域,人行横道,,,,https://wos.58cdn.com.cn/XyVuTsRqXyf/question/34138-1693902059796.jpg,,本题考点为道路交通标志相关内容。图中标志方形蓝底有斑马线表示人行横道。易混标志：注意行人，注意行人标志为三角形黄底。人行横道标志提示机动车驾驶人应注意观察行人。遇行人已进入人行横道时应停车让行人通过。
91,91,驾驶机动车遇到沙尘、冰雹、雨、雾、结冰等气象条件时应降低行驶速度。,1,2,1,1,"A:正确, B:错误",,,,,,,,,,本题考点为低能见度等恶劣环境通行相关内容。题中描述的气象条件，影响行车安全，要降低行驶速度。《道路交通安全法》第四十二条：夜间行驶或者在容易发生危险的路段行驶，以及遇有沙尘、冰雹、雨、雪、雾、结冰等气象条件时，应当降低行驶速度。
603,603,这个标志的含义是指示此处设有室内停车场。,1,2,1,1,"A:正确, B:错误",,,,,,,,https://wos.58cdn.com.cn/XyVuTsRqXyf/question/603-1693897723797.jpg,,"图中标志为方形蓝色底。图案为大写白色字母P，上方有白色尖角遮挡，因此该标志表示室内停车场，所以选择正确。P字上没有白色尖角遮挡表示露天停车场，有白色尖角遮挡表示室内停车场。GB5768.2-2022《道路交通标志和标线第2部分：道路交通标志》8.5.1停车场(区)标志：用以指引停车场(区),设在停车场(区)入口附近。"
7771,7771,以下从加速车道驶入高速公路的做法错误的是（）。,2,2,2,2,"A:开启左转向灯, B:直接驶入最左侧车道, C:注意左侧车道的车流状态, D:充分利用加速车道的长度加速",开启左转向灯,直接驶入最左侧车道,注意左侧车道的车流状态,充分利用加速车道的长度加速,,,,,,机动车由加速车道驶入行车道，在加速车道上加速，同时要开启左转向灯；密切注意左侧行车道的车流状态，同时用后视镜观察后方的情况；充分利用加速车道的长度加速，确认安全后，平顺地进入行车道不得直接驶入最左侧车道题中问错误的，答案选直接驶入最左侧车道
205403,205403,驾驶机动车在没有划分车道的道路上通行，机动车在道路中间通行，非机动车和行人在道路两侧通行。,1,2,1,1,"A:正确, B:错误",正确,错误,,,,,,,,《道路交通安全法》第三十六条：没有划分机动车道、非机动车道和人行道的，机动车在道路中间通行，非机动车和行人在道路两侧通行
33627,33627,驾驶机动车通过未划分车道的道路时，机动车在道路中间通行，非机动车和行人在道路两侧通行。,1,2,1,1,"A:正确, B:错误",正确,错误,,,,,,,,《道路交通安全法》第三十六条：没有划分机动车道、非机动车道和人行道的，机动车在道路中间通行，非机动车和行人在道路两侧通行。
92,92,驾驶机动车遇雾、雨、雪等能见度在50米以内时，最高速度不能超过多少？,2,2,4,4,"A:70公里/小时, B:50公里/小时, C:40公里/小时, D:30公里/小时",70公里/小时,50公里/小时,40公里/小时,30公里/小时,,,,,,本题考点为低能见度等恶劣环境通行相关内容。题中描述的气象条件，能见度低，最高车速不得超过30公里/小时。《道路交通安全法实施条例》第四十六条：机动车行驶中遇到雾、雨、雪、沙尘、冰雹，能见度在50米以内时，最高行驶速度不得超过每小时30公里。
604,604,路中心黄色虚线的含义是分隔对向交通流，在保证安全的前提下，可越线超车或转弯。,1,2,1,1,"A:正确, B:错误",,,,,,,,https://wos.58cdn.com.cn/XyVuTsRqXyf/question/604-1693897725436.jpg,,虚线可以临时跨越，实线不可以。道路中心黄色虚线，用于分隔对向行驶的交通流，在保证安全的前提下，可以临时越线超车，所以选择正确。GB5768.3-2009《道路交通标志和标线第3部分：道路交通标线》4.2可跨越对向车行道分界线：可跨越对向车行道分界线（也可称为可跨越道路中心线）为黄色虚线，用于分隔对向行驶的交通流。一般设在道路中线上，但不限于一定设在道路的几何中心线上。车辆在保证安全的情况下，可以越线超车或转弯。
7772,7772,车辆在高速公路上发生故障后，为寻求其他车辆的帮助，可将警告标志放置在其他车道。,1,2,2,2,"A:正确, B:错误",,,,,,,,,,车辆发生故障后，应在本车道放置警告标志题中说放置在其他车道是错误的《道路交通安全法》第六十八条：机动车在高速公路上发生故障时，警告标志应当设置在故障车来车方向一百五十米以外
34140,34140,这个标志是何含义？,2,2,3,3,"A:分流诱导标志, B:合流诱导标志, C:线形诱导标志, D:掉头诱导标志",分流诱导标志,合流诱导标志,线形诱导标志,掉头诱导标志,,,,https://wos.58cdn.com.cn/XyVuTsRqXyf/question/34140-1693902062680.jpg,,本题考点为道路交通标志相关内容。线形诱导标志为黄底黑图案；用于引导行车方向，提醒驾驶人谨慎驾驶。线形诱导标志是用于对驾驶者引导或警告前方公路平面线形的变化，使其根据线形适当改变行车方向，促使安全运行的交通标志。线形诱导标为黄底黑图形，无边框，形状为矩形。
93,93,驾驶机动车在进出非机动车道时，最高速度不能超过多少？,2,2,1,1,"A:30公里/小时, B:40公里/小时, C:50公里/小时, D:60公里/小时",30公里/小时,40公里/小时,50公里/小时,60公里/小时,,,,,,本题考点为限速相关内容非机动车道有非机动车行驶，避免发生事故应减速慢行《道路交通安全法实施条例》第四十六条：机动车行驶中遇到进出非机动车道，通过铁路道口、急弯路、窄路、窄桥时，最高行驶速度不得超过每小时30公里
605,605,这个地面标记的含义是预告前方设有交叉路口。,1,2,2,2,"A:正确, B:错误",,,,,,,,https://wos.58cdn.com.cn/XyVuTsRqXyf/question/605-1693897727583.jpg,,图中地面标记为白色菱形，是人行横道预告线。题中说预告前方有交叉路口，所以选择错误。GB5768.3-2009《道路交通标志和标线第3部分：道路交通标线》4.9人行横道线：在无信号灯控制的路段中设置人行横道线时，应在到达人行横道线前的路面上设置停止线和人行横道线预告标识，并配合设置人行横道指示标志，视需要也可增设人行横道警告标志。人行横道预告标识为白色菱形图案。
94,94,驾驶机动车通过铁路道口时，最高速度不能超过多少？,2,2,3,3,"A:15公里/小时, B:20公里/小时, C:30公里/小时, D:40公里/小时",15公里/小时,20公里/小时,30公里/小时,40公里/小时,,,,,,本题考点为特殊路段限速规定相关内容铁路道口限速30公里/小时《道路交通安全法实施条例》第四十六条：机动车行驶中遇到进出非机动车道，通过铁路道口、急弯路、窄路、窄桥时，最高行驶速度不得超过每小时30公里
606,606,路中心的双黄实线作用是分隔对向交通流，在保证安全的前提下，可越线超车或转弯。,1,2,2,2,"A:正确, B:错误",,,,,,,,https://wos.58cdn.com.cn/XyVuTsRqXyf/question/606-1693897728536.jpg,,本题考点为双黄实线。图中车道分隔线为双黄实线。实线不得跨越，因此不得越线超车或转弯。题中说可以跨越，所以选择错误。GB5768.3-2009《道路交通标志和标线第3部分：道路交通标线》5.2禁止跨越对向车行道分界线：禁止跨越对向车行道分界线（也可称为禁止跨越道路中心线）有双黄实线、黄色虚实线和单黄实线三种类型，用于分隔对向行驶的交通流，并禁止双方向或一个方向车辆越线或压线行驶。一般设在道路中线上，但不限于一定设在道路的几何中心线上。
7774,7774,驾车驶出环岛时，如何使用灯光？,2,2,1,1,"A:提前开启右转向灯, B:提前开启危险报警闪光灯, C:无需开启转向灯, D:提前开启左转向灯",提前开启右转向灯,提前开启危险报警闪光灯,无需开启转向灯,提前开启左转向灯,,,,https://wos.58cdn.com.cn/XyVuTsRqXyf/question/7774-1693899900001.jpg,,图中是环岛路段，驶出环岛应开右转向灯
228190,228190,超车时，前车未减速让行，可加速超越。,1,2,2,2,"A:正确, B:错误",正确,错误,,,,,,,,本题考点为安全超车超车时，前车未减速让行，应放弃超车强行超；因为此时超车很容易发生事故相撞因此出于安全考虑，应当放弃超车，另寻合适的时机超车
33886,33886,图中交通标志是指（）。,2,2,3,3,"A:人行横道, B:无障碍设施, C:行人, D:应急避难设施",人行横道,无障碍设施,行人,应急避难设施,,,,https://wos.58cdn.com.cn/XyVuTsRqXyf/question/33886-1727341961646.jpg,,本题考点为道路交通标志相关内容图中标志为行人标志，表示仅供行人步行通过
95,95,通过急弯路时，最高车速是（）。,2,2,2,2,"A:20km/h, B:30km/h, C:40km/h, D:50km/h",20km/h,30km/h,40km/h,50km/h,,,,https://wos.58cdn.com.cn/XyVuTsRqXyf/question/95-1755053884584.jpg,,本题考点为特殊路段限速规定相关内容急弯路限速30公里/小时《道路交通安全法实施条例》第四十六条：机动车行驶中遇到进出非机动车道，通过铁路道口、急弯路、窄路、窄桥时，最高行驶速度不得超过每小时30公里
7775,7775,驾驶机动车在道路上掉头时，应当提前开启左转向灯，注意观察周围情况。,1,2,1,1,"A:正确, B:错误",,,,,,,,,,驾驶机动车掉头时应当提前开启左转向灯，提醒后方车辆注意本车动向。所以本题选正确。《道路交通安全法实施条例》第五十七条：机动车向左转弯、向左变更车道、准备超车、驶离停车地点或者掉头时，应当提前开启左转向灯。
228191,228191,驾车应等图中行人通过后再驶过人行横道。,1,2,1,1,"A:正确, B:错误",正确,错误,,,,,,https://wos.58cdn.com.cn/XyVuTsRqXyf/question/228191-1765446774758.jpg,,图中前方人行横道上有行人，我方车辆应当等行人通过后再继续行驶所以本题选正确《道路交通安全法》第四十七条：机动车行经人行横道时，应当减速行驶；遇行人正在通过人行横道，应当停车让行
96,96,通过窄路、窄桥时，最高车速是（）。,2,2,4,4,"A:60km/h, B:50km/h, C:40km/h, D:30km/h",60km/h,50km/h,40km/h,30km/h,,,,,,本题考点为特殊路段限速规定相关内容窄路、窄桥限速30公里/小时《道路交通安全法实施条例》第四十六条：机动车行驶中遇到进出非机动车道，通过铁路道口、急弯路、窄路、窄桥时，最高行驶速度不得超过每小时30公里
7776,7776,驾驶机动车在交叉路口前变更车道时，应在进入实线区后，开启转向灯，变更车道。,1,2,2,2,"A:正确, B:错误",,,,,,,,,,实线禁止跨越，机动车在进入实线区后不得变更车道。所以本题选错误。驾驶机动车在交叉路口前变更车道时，需按导向箭头的指示在虚线区变更车道。
33888,33888,下列哪个标志表示前方车道数量减少一般车道数变少？,2,2,1,1,"A:如图中B所示, B:如图中C所示, C:如图中A所示, D:如图中D所示",如图中B所示,如图中C所示,如图中A所示,如图中D所示,,,,https://wos.58cdn.com.cn/XyVuTsRqXyf/question/33888-1693901981527.jpg,,本题考点为道路交通标志相关内容。图B中三车道变为两车道，表示车道数量减少，选如图中B所示。图A表示合流交叉路口；图B是前方车道数量减少标志；图C是十字交叉路口；图D是Y型交叉路口。
97,97,驾驶机动车下陡坡、转弯、掉头时，最高速度不能超过多少？,2,2,1,1,"A:30公里/小时, B:40公里/小时, C:50公里/小时, D:60公里/小时",30公里/小时,40公里/小时,50公里/小时,60公里/小时,,,,,,本题考点为特殊路段限速规定相关内容陡坡、转弯、掉头限速30公里/小时《道路交通安全法实施条例》第四十六条：机动车行驶中遇到掉头、转弯、下陡坡时，最高行驶速度不得超过每小时30公里
609,609,指示标线的作用是什么？,2,2,2,2,"A:禁止通行, B:指示通行, C:限制通行, D:警告提醒",禁止通行,指示通行,限制通行,警告提醒,,,,,,指示标线主要起指示通行的作用。引导你正确的行驶，安全行驶，遵守法律法规。GB5768.3-2009《道路交通标志和标线第3部分：道路交通标线》3.1指示标线：指示车行道、行车方向、路面边缘、人行道、停车位、停靠站及减速丘等的标线。
7777,7777,图中A车有优先通行权。,1,2,1,1,"A:正确, B:错误",,,,,,,,https://wos.58cdn.com.cn/XyVuTsRqXyf/question/7777-1760687108888.jpg,,图中A车在B车右侧，按规定A车先行路口通行原则：转弯的车辆让直行的车先行；路口右方来车先行；右转车辆让左转车辆先行机动车通过没有交通信号灯、交通标志、交通标线的交叉路口，右方道路的来车先行
228193,228193,进入交叉路口实线导向车道后，可变更车道。,1,2,2,2,"A:正确, B:错误",正确,错误,,,,,,,,本题考点为变更车道。交叉路口情况复杂，在交叉路口前变更车道要在虚线区按导向箭头指示变更。实线禁止跨越，所以实线区内禁止变更；停止线前也禁止变更。
33633,33633,驾驶机动车在地下车库寻找停车位时，应注意观察行人的动态，遇行人横穿车道时及时减速、停车避让。,1,2,1,1,"A:正确, B:错误",正确,错误,,,,,,,,地下车库光线较暗，在寻找停车位时应降低车速，注意观察行人动态，遇到行人横穿车道时要及时减速或停车避让。所以本题选正确。
33889,33889,下列哪个交通标志，表示禁止挂车、半挂车驶入？,2,2,2,2,"A:如图中B所示, B:如图中C所示, C:如图中A所示, D:如图中D所示",如图中B所示,如图中C所示,如图中A所示,如图中D所示,,,,https://wos.58cdn.com.cn/XyVuTsRqXyf/question/33889-1693901985108.jpg,,本题考点为道路交通标志相关内容图A是禁止大型客车通行；图B是禁止电动自行车通行；图C是禁止挂车、半挂车驶入；图D是禁止小型汽车驶入选如图中C所示
98,98,驾驶机动车在冰雪道路行驶时，最高速度不能超过多少？,2,2,2,2,"A:20公里/小时, B:30公里/小时, C:40公里/小时, D:50公里/小时",20公里/小时,30公里/小时,40公里/小时,50公里/小时,,,,,,本题考点为特殊路段限速规定相关内容冰雪、泥泞等道路，路况复杂，要减速慢行，限速30公里/小时《道路交通安全法实施条例》第四十六条：机动车行驶中在冰雪、泥泞的道路上行驶时，最高行驶速度不得超过每小时30公里
610,610,路中白色虚线是什么标线？,2,2,3,3,"A:禁止跨越对向车道中心线, B:限制跨越对向车道中心线, C:可跨越同向车道中心线, D:单向行驶车道分界中心线",禁止跨越对向车道中心线,限制跨越对向车道中心线,可跨越同向车道中心线,单向行驶车道分界中心线,,,,https://wos.58cdn.com.cn/XyVuTsRqXyf/question/610-1693897732781.jpg,,图中白色虚线分隔两个车道，两侧车道箭头指向相同方向，表示两车道是同向行驶的车道，所以白色虚线是可跨越同向车道中心线。GB5768.3-2009《道路交通标志和标线第3部分：道路交通标线》4.5车道边缘线：车行道边缘白色虚线用以指示车辆可临时越线行驶的车行道边缘。跨越边缘虚线行驶的车辆应避让其他正常行驶的车辆、非机动车和行人。
7778,7778,图中A车有优先通行权。,1,2,1,1,"A:正确, B:错误",,,,,,,,https://wos.58cdn.com.cn/XyVuTsRqXyf/question/7778-1693899905574.jpg,,图中A车直行，B车左转，所以A车具有优先通行权，所以本题选正确路口通行原则：转弯的车辆让直行的车先行；路口右方来车先行；右转车辆让左转车辆先行
228194,228194,在车道减少的路口、路段，遇有前方机动车停车排队等候或者缓慢行驶的，应当尽快穿插驶入。,1,2,2,2,"A:正确, B:错误",正确,错误,,,,,,,,遇到前方路段车道减少且行驶缓慢时，为了保持交通的有序和安全，应当依次交替通行。《道路交通安全法》第四十五条：在车道减少的路段、路口，或者在没有交通信号灯、交通标志、交通标线或者交通警察指挥的交叉路口遇到停车排队等候或者缓慢行驶时，机动车应当依次交替通行。
33890,33890,如图所示，遇到这种情况的铁路道口，禁止车辆通行。,1,2,1,1,"A:正确, B:错误",正确,错误,,,,,,https://wos.58cdn.com.cn/XyVuTsRqXyf/question/33890-1761033330931.jpg,,图中铁路道口红灯亮起，表示禁止通行，车辆不得越过停止线所以本题选正确《道路交通安全法实施条例》第四十三条：道路与铁路平面交叉道口有两个红灯交替闪烁或者一个红灯亮时，表示禁止车辆、行人通行；红灯熄灭时，表示允许车辆、行人通行
99,99,驾驶机动车在泥泞道路行驶时，最高速度不能超过多少？,2,2,3,3,"A:15公里/小时, B:20公里/小时, C:30公里/小时, D:40公里/小时",15公里/小时,20公里/小时,30公里/小时,40公里/小时,,,,,,本题考点为特殊路段限速规定相关内容冰雪、泥泞等道路，路况复杂，要减速慢行，限速30公里/小时《道路交通安全法实施条例》第四十六条：机动车行驶中在冰雪、泥泞的道路上行驶时，最高行驶速度不得超过每小时30公里
611,611,路中黄色分界线的作用是什么？,2,2,4,4,"A:分隔同向行驶的交通流, B:禁止跨越对向行车道, C:允许在左侧车道行驶, D:分隔对向行驶的交通流",分隔同向行驶的交通流,禁止跨越对向行车道,允许在左侧车道行驶,分隔对向行驶的交通流,,,,https://wos.58cdn.com.cn/XyVuTsRqXyf/question/611-1693897734959.jpg,,图中黄色分界线为黄色虚线，两侧车道箭头指向相反方向，表示两车道为对向行驶的车道，所以黄色分界线的作用是黄色虚线分隔对向行驶的交通流。GB5768.3-2009《道路交通标志和标线第3部分：道路交通标线》5.2禁止跨越对向车行道分界线：禁止跨越对向车行道分界线（也可称为禁止跨越道路中心线）有双黄实线、黄色虚实线和单黄实线三种类型，用于分隔对向行驶的交通流，并禁止双方向或一个方向车辆越线或压线行驶。一般设在道路中线上，但不限于一定设在道路的几何中心线上。
7779,7779,驾驶机动车遇前方交叉路口交通阻塞时，路口内无网状线的，可停在路口内等候。,1,2,2,2,"A:正确, B:错误",,,,,,,,,,遇交通阻塞时不得在路口内停车等待，避免加重道路拥堵所以本题选错误。《道路交通安全法实施条例》第五十三条：机动车遇有前方交叉路口交通阻塞时，应当依次停在路口以外等候，不得进入路口。
221539,221539,在没有交通信号的交叉路口应降低车速安全通过。,1,2,1,1,"A:正确, B:错误",正确,错误,,,,,,,,没有交通信号的交叉路口，应降低车速安全通过同时还需观察周围情况，确认安全后通过《道路交通安全法》第四十四条：机动车通过没有交通信号灯、交通标志、交通标线或者交通警察指挥的交叉路口时，应当减速慢行，并让行人和优先通行的车辆先行
228195,228195,在高速公路车流量较小时，可以长时间骑、轧车行道分界线行驶。,1,2,2,2,"A:正确, B:错误",正确,错误,,,,,,,,机动车在高速公路上行驶，不得骑、轧车行道分界线。《道路交通安全法实施条例》第八十二条，机动车在高速公路上行驶，不得有下列行为：倒车、逆行、穿越中央分隔带掉头或者在车道内停车；在匝道、加速车道或者减速车道上超车；骑、轧车行道分界线或者在路肩上行驶；非紧急情况时在应急车道行驶或者停车；试车或者学习驾驶机动车。
33635,33635,以下机动车中，可以牵引挂车的是哪种车型？,2,2,2,2,"A:三轮汽车, B:半挂牵引车, C:低速载货汽车, D:大型载客汽车",三轮汽车,半挂牵引车,低速载货汽车,大型载客汽车,,,,,,低速汽车、三轮汽车、大型载客汽车都不得牵引挂车半挂牵引车可以牵引挂车《道路交通安全法实施条例》规定：大型、中型载客汽车，低速载货汽车，三轮汽车以及其他机动车不得牵引挂车
100,100,驾驶机动车上道路行驶，不允许超过限速标志标明的最高时速。,1,2,1,1,"A:正确, B:错误",,,,,,,,,,本题考点为限速规定相关内容。驾驶机动车通行时，有限速标志要按照限速标志行驶。《道路交通安全法》第四十二条：机动车上道路行驶，不得超过限速标志标明的最高时速。
612,612,路中两条双黄色虚线是什么标线？,2,2,3,3,"A:单向分道线, B:可跨越分道线, C:潮汐车道线, D:双向分道线",单向分道线,可跨越分道线,潮汐车道线,双向分道线,,,,https://wos.58cdn.com.cn/XyVuTsRqXyf/question/612-1693897737124.jpg,,路中两条双黄色虚线是潮汐车道，指示车辆行驶方向可随交通管理需要进行变化的车道称为潮汐车道，以两条黄色虚线并列组成的双黄虚线作为其指示标线，指示潮汐车道的位置。GB5768.3-2009《道路交通标志和标线第3部分：道路交通标线》4.4潮汐车道：车辆行驶方向可随交通管理需要进行变化的车道称为潮汐车道，以两条黄色虚线并列组成的双黄虚线作为其指示标线，指示潮汐车道的位置。黄色虚线的宽度为１５ｃｍ；线段与间隔长度应与同一路段的可跨越同向车行道分界线一致。两条线之间的间距一般在１０ｃｍ至１５ｃｍ之间。在确保车行道宽度条件下，两条线之间的横向间距可适当调整。
7780,7780,在高速公路错过出口时，如果确认后方无来车，可以倒车返回。,1,2,2,2,"A:正确, B:错误",,,,,,,,,,高速公路上错过出口只能继续前行，到下一路口驶离高速公路掉头，不得倒车《道路交通安全法实施条例》第八十二条：机动车在高速公路上行驶，不得倒车、逆行、穿越中央分隔带掉头或者在车道内停车
221284,221284,驾车应紧跟前车行驶。,1,2,2,2,"A:正确, B:错误",正确,错误,,,,,,,,驾驶机动车紧跟前车行驶时，无法观察前方路况变化，当前车急刹时，后车制动距离不足，导致追尾事故的发生。
221540,221540,驾车上坡将要到达坡顶时，应鸣喇叭示意。,1,2,1,1,"A:正确, B:错误",正确,错误,,,,,,,,《道路交通安全法实施条例》第五十九条：机动车驶近急弯、坡道顶端等影响安全视距的路段以及超车或者遇有紧急情况时，应当减速慢行，并鸣喇叭示意
228196,228196,在高速公路遇恶劣天气能见度小于50米时，以下做法正确的是（）。,2,2,3,3,"A:加速行驶，但车速不得超过100km/h, B:在应急车道停车等待, C:车速不得超过20km/h，并从最近的出口尽快驶离, D:开启远光灯",加速行驶，但车速不得超过100km/h,在应急车道停车等待,车速不得超过20km/h，并从最近的出口尽快驶离,开启远光灯,,,,,,在高速公路上行驶时，能见度小于50米，车速不得超过每小时20公里，并且尽快驶离高速公路。《道路交通安全法实施条例》第八十一条：机动车在高速公路上行驶，遇有雾、雨、雪、沙尘、冰雹等低能见度气象条件时，能见度小于50米时，开启雾灯、近光灯、示廓灯、前后位灯和危险报警闪光灯，车速不得超过每小时20公里，并从最近的出口尽快驶离高速公路。
33892,33892,在图中高速公路这条车道行驶，车速不得低于（）。,2,2,4,4,"A:80km/h, B:100km/h, C:110km/h, D:60km/h",80km/h,100km/h,110km/h,60km/h,,,,https://wos.58cdn.com.cn/XyVuTsRqXyf/question/33892-1693901989876.jpg,,本题考点为高速公路限速相关内容图中车辆在最右侧车道行驶，最右侧是慢车道，速度不得低于60km/h《道路交通安全法实施条例》第七十八条：高速公路应当标明车道的行驶速度，最高车速不得超过每小时120公里，最低车速不得低于每小时60公里
101,101,驾驶机动车在没有中心线的城市道路上，最高速度不能超过每小时50公里。,1,2,2,2,"A:正确, B:错误",,,,,,,,https://wos.58cdn.com.cn/XyVuTsRqXyf/question/101-1734685151257.jpg,,本题考点为一般道路限速相关内容《道路交通安全法实施条例》规定：机动车在没有道路中心线的城市道路上行驶，最高限速为每小时30公里没有中心线道路，城市道路限速每小时30公里，公路限速每小时40公里；有中心线道路，城市道路限速每小时50公里，公路限速每小时70公里
613,613,路两侧的车行道边缘白色实线是什么含义？,2,2,4,4,"A:机动车可临时跨越, B:非机动车可临时跨越, C:车辆可临时跨越, D:禁止车辆跨越",机动车可临时跨越,非机动车可临时跨越,车辆可临时跨越,禁止车辆跨越,,,,https://wos.58cdn.com.cn/XyVuTsRqXyf/question/613-1693897740100.jpg,,图中是车行道边缘白色实线，指示禁止车辆跨越的车行道边缘或机动车车道和非机动车车道分界。GB5768.3-2009《道路交通标志和标线第3部分：道路交通标线》4.5车道边缘线：车行道边缘白色实线用于指示禁止车辆跨越的车行道边缘或机非分界。
228197,228197,在没有交通信号的路口应加速通过。,1,2,2,2,"A:正确, B:错误",正确,错误,,,,,,,,《道路交通安全法实施条例》第五十九条，机动车在夜间通过急弯、坡路、拱桥、人行横道或者没有交通信号灯控制的路口时，应当交替使用远近光灯示意。
33381,33381,如图所示，在高速公路上牵引故障车的做法是否正确?,1,2,2,2,"A:正确, B:错误",,,,,,,,https://wos.58cdn.com.cn/XyVuTsRqXyf/question/33381-1693901866553.jpg,,高速上车辆无法正常行驶，应该由专门的救援车、清障车拖拽牵引，其他车辆不能牵引。所以本题选择错误。《道路交通安全法》第六十八条：机动车在高速公路上发生故障或者交通事故，无法正常行驶的，应当由救援车、清障车拖曳、牵引。
33637,33637,根据道路条件和通行需要，道路划分为机动车道、非机动车道和人行道，机动车、非机动车、行人实行分道通行。,1,2,1,1,"A:正确, B:错误",正确,错误,,,,,,,,《道路交通安全法》第三十六条：根据道路条件和通行需要，道路划分为机动车道、非机动车道和人行道的，机动车、非机动车、行人实行分道通行。没有划分机动车道、非机动车道和人行道的，机动车在道路中间通行，非机动车和行人在道路两侧通行。
33893,33893,车辆在高速公路发生故障无法移动时，应如图在车辆前方150米处放置警告标志。,1,2,2,2,"A:正确, B:错误",正确,错误,,,,,,https://wos.58cdn.com.cn/XyVuTsRqXyf/question/33893-1727081140001.jpg,,警告标志应设置在车辆来车方向150米以外，而不是车辆前方150米处。图中警告标志放置在车前，所以本题选择错误。《道路交通安全法》第六十八条：机动车在高速公路上发生故障时，警告标志应当设置在故障车来车方向一百五十米以外，车上人员应当迅速转移到右侧路肩上或者应急车道内，并且迅速报警。
102,102,在没有中心线的公路行驶，最高车速是70km/h。,1,2,2,2,"A:正确, B:错误",,,,,,,,https://wos.58cdn.com.cn/XyVuTsRqXyf/question/102-1754389835424.jpg,,本题考点为一般道路限速相关内容《道路交通安全法实施条例》规定：机动车在没有道路中心线的公路上行驶，最高速度不能超过每小时40公里没有中心线道路，城市道路限速每小时30公里，公路限速每小时40公里；有中心线道路，城市道路限速每小时50公里，公路限速每小时70公里
614,614,路右侧车行道边缘白色虚线是什么含义？,2,2,1,1,"A:车辆可临时越线行驶, B:车辆禁止越线行驶, C:应急车道分界线, D:人行横道分界线",车辆可临时越线行驶,车辆禁止越线行驶,应急车道分界线,人行横道分界线,,,,https://wos.58cdn.com.cn/XyVuTsRqXyf/question/614-1693897744277.jpg,,图中是车行道边缘白色虚线，指示车辆可临时越线行驶的车行道的边缘。GB5768.3-2009《道路交通标志和标线第3部分：道路交通标线》4.5车道边缘线：车行道边缘白色虚线用以指示车辆可临时越线行驶的车行道边缘。跨越边缘虚线行驶的车辆应避让其他正常行驶的车辆、非机动车和行人。
82278,82278,机动车、非机动车实行右侧通行。,1,2,1,1,"A:正确, B:错误",,,,,,,,,,《中华人民共和国道路交通安全法》规定：机动车、非机动车实行右侧通行
221286,221286,驾车遇后方有执行紧急任务的车辆时，可借用相邻车道避让。,1,2,1,1,"A:正确, B:错误",正确,错误,,,,,,,,行车中遇到执行紧急任务的消防车、救护车、警车时可借用相邻车道避让。《道路交通安全法》第五十三条：警车、消防车、救护车、工程救险车执行紧急任务时，可以使用警报器、标志灯具；在确保安全的前提下，不受行驶路线、行驶方向、行驶速度和信号灯的限制，其他车辆和行人应当让行。
228198,228198,在没有中心线的城市道路行驶，最高车速是（）。,2,2,3,3,"A:40km/h, B:50km/h, C:30km/h, D:70km/h",40km/h,50km/h,30km/h,70km/h,,,,,,本题考点为一般道路限速相关内容。《道路交通安全法实施条例》规定：机动车在没有道路中心线的城市道路上行驶，最高限速为每小时30公里。没有中心线道路，城市道路限速每小时30公里，公路限速每小时40公里；有中心线道路，城市道路限速每小时50公里，公路限速每小时70公里。
103,103,如图所示，驾驶机动车在这种条件的道路上行驶，最高速度不能超过每小时50公里。,1,2,2,2,"A:正确, B:错误",,,,,,,,https://wos.58cdn.com.cn/XyVuTsRqXyf/question/103-1724654578912.jpg,,本题考点为特殊路段限速规定相关内容。图中是冰雪路面，路况复杂，要减速慢行，限速30。题中说不能超过每小时50公里，选择错误。《道路交通安全法实施条例》第四十六条：机动车行驶中在冰雪、泥泞的道路上行驶时，最高行驶速度不得超过每小时30公里。
615,615,图中圈内两条白色虚线是什么标线？,2,2,3,3,"A:小型车转弯线, B:掉头引导线, C:左弯待转区线, D:交叉路停车线",小型车转弯线,掉头引导线,左弯待转区线,交叉路停车线,,,,https://wos.58cdn.com.cn/XyVuTsRqXyf/question/615-1693897748221.jpg,,图中白色虚线是左弯待转区线。GB5768.3-2009《道路交通标志和标线第3部分：道路交通标线》4.6左弯待转区线:左弯待转区线为白色虚线，用来指示左转弯车辆在直行时段进入待转区等待左转的位置。
221287,221287,超车前应开启远光灯。,1,2,2,2,"A:正确, B:错误",正确,错误,,,,,,,,《道路交通安全法实施条例》第四十七条：机动车超车时，应当提前开启左转向灯、变换使用远、近光灯或者鸣喇叭。
221543,221543,图中车辆在高速公路上因故障停车，以下说法正确的是（）。,2,2,3,3,"A:该车未开启危险报警闪光灯, B:警告标志设置方向错误, C:警告标志设置距离不足, D:该车未骑轧应急车道分界线",该车未开启危险报警闪光灯,警告标志设置方向错误,警告标志设置距离不足,该车未骑轧应急车道分界线,,,,https://wos.58cdn.com.cn/XyVuTsRqXyf/question/221543-1755682692917.jpg,,《道路交通安全法》第六十八条：机动车在高速公路上发生故障时，应当依照本法第五十二条的有关规定办理；但是，警告标志应当设置在故障车来车方向一百五十米以外，车上人员应当迅速转移到右侧路肩上或者应急车道内，并且迅速报警
228199,228199,红圈中车辆使用远光灯的方法正确。,1,2,2,2,"A:正确, B:错误",正确,错误,,,,,,https://wos.58cdn.com.cn/XyVuTsRqXyf/question/228199-1765446591253.jpg,,图中为夜间，此时会车应使用近光灯，不要开远光灯，远光灯易干扰对向驾驶员视线因此本题选错误《道路交通安全法实施条例》规定：夜间会车应当在距相对方向来车150米以外改用近光灯
33895,33895,如图所示，在交叉路口遇到这种情况时，应在停止线前等待，不可加速通过路口。,1,2,1,1,"A:正确, B:错误",正确,错误,,,,,,https://wos.58cdn.com.cn/XyVuTsRqXyf/question/33895-1693901994620.jpg,,图中有停车让行标志，机动车此时应当停车等待所以本题选正确驾驶机动车看到停车让行标志时，应当停车等待，不可加速通过路口
104,104,掉头、转弯、下陡坡时的最高车速是40km/h。,1,2,2,2,"A:正确, B:错误",,,,,,,,,,本题考点为特殊路段限速规定相关内容机动车掉头、转弯、下陡坡时的最高速度不能超过每小时30公里，题中说不能超过每小时40公里，选择错误《道路交通安全法实施条例》第四十六条：机动车行驶中在冰雪、泥泞的道路上行驶时，最高行驶速度不得超过每小时30公里
616,616,图中圈内白色虚线是什么标线？,2,2,4,4,"A:小型车转弯线, B:车道连接线, C:非机动车引导线, D:路口导向线",小型车转弯线,车道连接线,非机动车引导线,路口导向线,,,,https://wos.58cdn.com.cn/XyVuTsRqXyf/question/616-1693897750835.jpg,,图中交叉路口内一条虚线，无论是白色还是黄色，都是路口导向线。GB5768.3-2009《道路交通标志和标线第3部分：道路交通标线》4.7路口导向线：在平面交叉口面积较大、形状不规则或交通组织复杂，车辆寻找出口车道困难或交通流交织严重时，应设置路口导向线，辅助车辆行驶和转向。连接同向车行道分界线或机非分界线的路口导向线为白色圆曲（或直）虚线；连接对向车行道分界线的路口导向线为黄色圆曲（或直）虚线。
221544,221544,距离图中路段50米内不得停放机动车。,1,2,1,1,"A:正确, B:错误",正确,错误,,,,,,https://wos.58cdn.com.cn/XyVuTsRqXyf/question/221544-1755682740167.jpg,,图中左侧标志是急转弯路段，急弯路段50米内不得停车《道路交通安全法实施条例》第六十三条：交叉路口、铁路道口、急弯路、宽度不足4米的窄路、桥梁、陡坡、隧道以及距离上述地点50米以内的路段，不得停车
228200,228200,图中交通标志是指（）。,2,2,4,4,"A:反向弯路, B:急弯路, C:注意合流, D:交叉路口",反向弯路,急弯路,注意合流,交叉路口,,,,https://wos.58cdn.com.cn/XyVuTsRqXyf/question/228200-1765446662558.jpg,,本题考点为道路交通标志相关内容图中标志是交叉路口所以本题选交叉路口交叉路口标志用以警告车辆驾驶人前方有交叉路口，注意横向来车
33896,33896,下列哪个交通标志，表示该车道仅供有轨电车通行？,2,2,3,3,"A:如图中A所示, B:如图中D所示, C:如图中C所示, D:如图中B所示",如图中A所示,如图中D所示,如图中C所示,如图中B所示,,,,https://wos.58cdn.com.cn/XyVuTsRqXyf/question/33896-1693901997192.jpg,,本题考点为道路交通标志相关内容。图中一辆车上方有菱形图案的是有轨电车，选如图中C所示。图A是小型客车车道标志；图B是公交线路专用车道标志；图C是有轨电车专用车道；图D是多乘员车辆专用车道标志。
105,105,驾驶机动车通过窄路、窄桥时的最高速度不能超过每小时30公里。,1,2,1,1,"A:正确, B:错误",,,,,,,,,,本题考点为特殊路段限速规定相关内容。《道路交通安全法实施条例》第四十六条：机动车行驶中在冰雪、泥泞的道路上行驶时，最高行驶速度不得超过每小时30公里。
617,617,图中圈内黄色虚线是什么标线？,2,2,1,1,"A:路口导向线, B:非机动车引导线, C:车道连接线, D:小型车转弯线",路口导向线,非机动车引导线,车道连接线,小型车转弯线,,,,https://wos.58cdn.com.cn/XyVuTsRqXyf/question/617-1693897753760.jpg,,图中交叉路口内一条虚线，无论是白色还是黄色，都是路口导向线。GB5768.3-2009《道路交通标志和标线第3部分：道路交通标线》4.7路口导向线：在平面交叉口面积较大、形状不规则或交通组织复杂，车辆寻找出口车道困难或交通流交织严重时，应设置路口导向线，辅助车辆行驶和转向。连接同向车行道分界线或机非分界线的路口导向线为白色圆曲（或直）虚线；连接对向车行道分界线的路口导向线为黄色圆曲（或直）虚线。
221289,221289,关于倒车，以下说法正确的是（）。,2,2,3,3,"A:可以在隧道内倒车, B:可以在交叉路口内倒车, C:严禁在高速公路上倒车, D:可以在铁路道口倒车",可以在隧道内倒车,可以在交叉路口内倒车,严禁在高速公路上倒车,可以在铁路道口倒车,,,,,,《道路交通安全法实施条例》第八十二条：机动车在高速公路上行驶，不得有下列行为：倒车、逆行、穿越中央分隔带掉头或者在车道内停车；在匝道、加速车道或者减速车道上超车；非紧急情况时在应急车道行驶或者停车；试车或者学习驾驶机动车。
29289,29289,在没有中心线的窄路与非机动车会车时，使用远光灯。,1,2,2,2,"A:正确, B:错误",正确,错误,,,,,,,,会车应使用近光灯，不要开远光灯，远光灯易干扰对向驾驶员视线《道路交通安全法实施条例》第四十八条：在没有中心隔离设施或者没有中心线的道路上，夜间会车应当在距相对方向来车150米以外改用近光灯，在窄路、窄桥与非机动车会车时应当使用近光灯
33641,33641,驾驶机动车遇抢救伤员的救护车从本车道后方驶来时，以下做法正确的是什么？,2,2,2,2,"A:立即停车, B:向两侧变更车道让行, C:继续加速行驶, D:不予理会，继续占道行驶",立即停车,向两侧变更车道让行,继续加速行驶,不予理会，继续占道行驶,,,,https://wos.58cdn.com.cn/XyVuTsRqXyf/question/33641-1693901935742.jpg,,遇抢救伤员的救护车从本车道后方驶来，要向两侧变更车道让行。不予理会，继续占道会延误救护车对伤员的救治；继续加速可能会阻碍救护车通行；立即停车可能会发生追尾事故。所以本题选向两侧变更车道让行。《道路交通安全法》第五十三条：警车、消防车、救护车、工程救险车执行紧急任务时，可以使用警报器、标志灯具；在确保安全的前提下，不受行驶路线、行驶方向、行驶速度和信号灯的限制，其他车辆和行人应当让行。
106,106,这两辆车发生追尾的主要原因是什么？,2,2,1,1,"A:后车未与前车保持安全距离, B:后车超车时距离前车太近, C:前车采取制动过急, D:前车采取制动时没看后视镜",后车未与前车保持安全距离,后车超车时距离前车太近,前车采取制动过急,前车采取制动时没看后视镜,,,,https://wos.58cdn.com.cn/XyVuTsRqXyf/question/106-1693897138633.jpg,,本题考点为跟车距离相关内容。图中有人行横道线和行人，驾驶员应提前减速。追尾的主要原因是后车未与前车保持安全距离。
618,618,图中圈内白色实线是什么标线？,2,2,2,2,"A:可变导向车道线, B:导向车道线, C:方向引导线, D:单向行驶线",可变导向车道线,导向车道线,方向引导线,单向行驶线,,,,https://wos.58cdn.com.cn/XyVuTsRqXyf/question/618-1693897757083.jpg,,"图中白色实线表示导向车道线。GB5768.3-2009《道路交通标志和标线第3部分：道路交通标线》4.8导向车道线：设置于路口驶入段的车行道分界线称作导向车道线，用以指示车辆应按导向方向行驶的导向车道的位置。导向方向固定的导向车道线为白色实线，一般线宽为10cm或15cm,交通量非常小的农村公路、专属专用道路等特殊应用情况下，线宽可采用8cm。"
7786,7786,驾驶机动车在高速公路上行驶，遇有雾、雨、雪、沙尘、冰雹等低能见度气象条件下，能见度在100米以下时，车速不得超过每小时多少公里，与同车道前车至少保持多少米的距离？,2,2,1,1,"A:40，50, B:40，40, C:50，40, D:50，30",40，50,40，40,50，40,50，30,,,,,,高速公路上遇到能见度小于100米的气象条件时，车速不得超过每小时40公里，与同车道前车保持50米以上的距离。《道路交通安全法实施条例》第八十一条：机动车在高速公路上行驶，遇有雾、雨、雪、沙尘、冰雹等低能见度气象条件时，能见度小于100米时，开启雾灯、近光灯、示廓灯、前后位灯和危险报警闪光灯，车速不得超过每小时40公里，与同车道前车保持50米以上的距离。
29290,29290,如图所示，这种情形下，此车不得通过。,1,2,1,1,"A:正确, B:错误",正确,错误,,,,,,https://wos.58cdn.com.cn/XyVuTsRqXyf/question/29290-1693901636378.jpg,,图中箭头指示车辆直行，此时信号灯是红灯，红灯禁止通行。所以本题选正确。《道路交通安全法》第二十六条：红灯表示禁止通行。遇到有红灯的路口，应停车等待。
33642,33642,驾驶机动车在高速公路上遇雾天时，以下说法正确的是什么？,2,2,4,4,"A:能见度小于30米时，直接在行车道内停车等待, B:能见度小于100米时，车速不得超过60km/h, C:能见度小于200米时，车速不得超过80km/h, D:能见度小于50米时，车速不得超过20km/h，从最近的出口驶离高速公路",能见度小于30米时，直接在行车道内停车等待,能见度小于100米时，车速不得超过60km/h,能见度小于200米时，车速不得超过80km/h,能见度小于50米时，车速不得超过20km/h，从最近的出口驶离高速公路,,,,,,在高速公路上遇雾天，能见度小于50米时，车速不得超过20km/h，并且要从最近的出口驶离高速公路。能见度200米，车速60km/h，而不是80km/h。能见度100米，车速40km/h，而不是60km/h。《道路交通安全法实施条例》第八十一条：机动车在高速公路上行驶，遇有雾、雨、雪、沙尘、冰雹等低能见度气象条件时，能见度小于50米时，开启雾灯、近光灯、示廓灯、前后位灯和危险报警闪光灯，车速不得超过每小时20公里，并从最近的出口尽快驶离高速公路。
107,107,驾驶机动车在下列哪种情形下不能超越前车？,2,2,2,2,"A:前车减速让行, B:前车正在左转弯, C:前车靠边停车, D:前车正在右转弯",前车减速让行,前车正在左转弯,前车靠边停车,前车正在右转弯,,,,,,本题考点为超车相关内容。超车只能从左侧超越，如果前车正在左转时，不得超车，易发生碰撞。《道路交通安全法》第四十三条：前车正在左转弯、掉头、超车时，不得超车。
619,619,图中圈内的锯齿状白色实线是什么标线？,2,2,3,3,"A:导向车道线, B:方向引导线, C:可变导向车道线, D:单向行驶线",导向车道线,方向引导线,可变导向车道线,单向行驶线,,,,https://wos.58cdn.com.cn/XyVuTsRqXyf/question/619-1693897760554.jpg,,图中圈内的锯齿状白色实线是可变导向车道线，用于指示导向方向随需要可变的车道线。GB5768.3-2009《道路交通标志和标线第3部分：道路交通标线》4.8导向车道线：可变导向车道线用于指示导向方向随需要可变的导向车道的位置。可变导向车道线应与可变的车道行驶方向标志配合使用。进入可变导向车道的车辆应按车道行驶方向标志显示的指向行驶。
7787,7787,驾驶机动车在高速公路上行驶，能见度小于200米时，与同车道前车应保持100米以上的距离。,1,2,1,1,"A:正确, B:错误",,,,,,,,,,在高速公路上遇雾天，能见度小于200米时，车速不得超过60km/h，与同车道前车保持100米以上的距离。《道路交通安全法实施条例》第八十一条：机动车在高速公路上行驶，遇有雾、雨、雪、沙尘、冰雹等低能见度气象条件时，应当遵守下列规定：能见度小于200米时，开启雾灯、近光灯、示廓灯和前后位灯，车速不得超过每小时60公里，与同车道前车保持100米以上的距离。
108,108,在没有中心线的道路上，后车发出超车信号时，己车应如何驾驶？,2,2,4,4,"A:保持原状态行驶, B:加速行驶, C:迅速停车让行, D:降速靠右让路",保持原状态行驶,加速行驶,迅速停车让行,降速靠右让路,,,,,,本题考点为超车相关内容没有道路中心线的道路较窄，如果后车发出超车信号，要降速靠右让路，等待后车超车后再驶回原路《道路交通安全法实施条例》第四十七条：在没有道路中心线或者同方向只有1条机动车道的道路上，前车遇后车发出超车信号时，在条件许可的情况下，应当降低速度、靠右让路
620,620,图中圈内的路面标记是什么标线？,2,2,4,4,"A:路口示意线, B:停车让行线, C:减速让行线, D:人行横道线",路口示意线,停车让行线,减速让行线,人行横道线,,,,https://wos.58cdn.com.cn/XyVuTsRqXyf/question/620-1693897764413.jpg,,图中圈内的路面标记是人行横道线即斑马线，为白色平行粗实线。GB5768.3-2009《道路交通标志和标线第3部分：道路交通标线》4.9人行横道线：人行横道线为白色平行粗实线（又称斑马）），既标示一定条件下准许行人横穿道路的路径，又警示机动车驾驶人注意行人及非机动车过街。
221292,221292,不得在高速公路匝道内停车。,1,2,1,1,"A:正确, B:错误",正确,错误,,,,,,,,本题考点为匝道。高速公路驶入匝道后，不得超过规定速度，在匝道上，不准超车、掉头、停车、和倒车，所以本题选择错误。《道路交通安全法实施条例》第八十二条：机动车在高速公路上行驶，不得有下列行为：倒车、逆行、穿越中央分隔带掉头或者在车道内停车；非紧急情况时在应急车道行驶或者停车。
33388,33388,如图所示，在这种情况下直行车辆应停车等待。,1,2,1,1,"A:正确, B:错误",正确,错误,,,,,,https://wos.58cdn.com.cn/XyVuTsRqXyf/question/33388-1693901869286.jpg,,图中前方路口是黄灯，应减速，机动车没有越过停止线的此时应当停车等待。所以本题选正确。驾驶机动车在黄色信号灯亮的路口，已越过停止线的车辆可以继续通行；没有越过停止线的车辆不得加速抢行通过，要在停止线以外停车等待。
109,109,这种情况超车时，从前车的哪一侧超越？,2,2,3,3,"A:从前车的右侧超越, B:左右两侧均可超越, C:从前车的左侧超越, D:从无障碍一侧超越",从前车的右侧超越,左右两侧均可超越,从前车的左侧超越,从无障碍一侧超越,,,,https://wos.58cdn.com.cn/XyVuTsRqXyf/question/109-1693897140900.jpg,,本题考点为超车相关内容。超车只能从前车的左侧超越。《道路交通安全法实施条例》第四十七条：机动车超车时，后车应当在确认有充足的安全距离后，从前车的左侧超越。
621,621,这个地面标记是什么标线？,2,2,1,1,"A:人行横道预告, B:交叉路口预告, C:减速让行预告, D:停车让行预告",人行横道预告,交叉路口预告,减速让行预告,停车让行预告,,,,https://wos.58cdn.com.cn/XyVuTsRqXyf/question/621-1693897767659.jpg,,图中地面标记为白色菱形，是人行横道预告线。GB5768.3-2009《道路交通标志和标线第3部分：道路交通标线》4.9人行横道线：在无信号灯控制的路段中设置人行横道线时，应在到达人行横道线前的路面上设置停止线和人行横道线预告标识，并配合设置人行横道指示标志，视需要也可增设人行横道警告标志。人行横道预告标识为白色菱形图案。
221293,221293,驾车在高速公路上遇前方拥堵时，可尽快超车通过。,1,2,2,2,"A:正确, B:错误",正确,错误,,,,,,,,驾驶人遇前方拥堵路段、车辆缓行时，应当依次跟车行驶。《道路交通安全法实施条例》规定：机动车在遇有前方机动车停车排队等候或者缓慢行驶时，应当依次排队，不得从前方车辆两侧穿插或者超越行驶，不得在人行横道、网状线区域内停车等候。
110,110,车辆遇前车有哪种情形不得超车？,2,2,4,4,"A:正在停车, B:减速让行, C:正常行驶, D:正在超车",正在停车,减速让行,正常行驶,正在超车,,,,,,本题考点为超车相关内容超车只能从前车的左侧超越前车正在超车时，不得超车《道路交通安全法实施条例》第四十七条：机动车超车时，后车应当在确认有充足的安全距离后，从前车的左侧超越
366,366,驾驶机动车在路口直行遇到这种信号灯应该怎样行驶？,2,2,1,1,"A:不得越过停止线, B:加速直行通过, C:左转弯行驶, D:进入路口等待",不得越过停止线,加速直行通过,左转弯行驶,进入路口等待,,,,https://wos.58cdn.com.cn/XyVuTsRqXyf/question/366-1693897298371.jpg,,图中信号灯是红灯，车辆不得越过停止线。《道路交通安全法》第二十六条：红灯表示禁止通行。遇到有红灯的路口，应停车等待。
622,622,图中圈内的白色折线是什么标线？,2,2,2,2,"A:减速行驶线, B:车距确认线, C:车速确认线, D:路口减速线",减速行驶线,车距确认线,车速确认线,路口减速线,,,,https://wos.58cdn.com.cn/XyVuTsRqXyf/question/622-1693897768549.jpg,,图中圈内白色折线是车距确认线，帮助更好的识别与前车的距离，使后方驾驶人保持行车安全距离，与车距确认标志配合使用。GB5768.3-2009《道路交通标志和标线第3部分：道路交通标线》4.10车距确认线：车距确认标线作为车辆驾驶人保持行车安全距离的参考，视需要设于较长直线段、易发生追尾事故或其他需要的路段，应与车距确认标志配合使用。
221294,221294,进入交叉路口前，应注意观察、提高车速。,1,2,2,2,"A:正确, B:错误",正确,错误,,,,,,,,本题考点为交叉路口。交叉路口路况复杂，突发情况多，驾驶机动车通过时，要降低车速，注意观察，确认安全。
111,111,同车道行驶的车辆遇前车有下列哪种情形时不得超车？,2,2,3,3,"A:正在停车, B:减速让行, C:正在掉头, D:正常行驶",正在停车,减速让行,正在掉头,正常行驶,,,,,,本题考点为超车相关内容。超车只能从前车的左侧超越。前车正在掉头时，不得超车。《道路交通安全法实施条例》第四十七条：机动车超车时，后车应当在确认有充足的安全距离后，从前车的左侧超越。
367,367,驾驶机动车行驶到这个位置时，如果车前轮已越过停止线可以继续通过。,1,2,2,2,"A:正确, B:错误",,,,,,,,https://wos.58cdn.com.cn/XyVuTsRqXyf/question/367-1693897300706.jpg,,图中信号灯是红灯，即便车前轮已越过停止线，也必须停车。题中说可以通过，所以选错误。《道路交通安全法》第二十六条：红灯表示禁止通行。遇到有红灯的路口，应停车等待。
112,112,同车道行驶的车辆前方遇到下列哪种车辆不得超车？,2,2,1,1,"A:执行任务的警车, B:大型客货车, C:出租汽车, D:城市公交车",执行任务的警车,大型客货车,出租汽车,城市公交车,,,,,,本题考点为超车相关内容。同车道行驶的前车为执行任务的紧急车辆时，不得超车，选执行任务的警车。《道路交通安全法》第四十三条：前车为执行紧急任务的警车、消防车、救护车、工程救险车的，不得超车。
368,368,如图所示，驾驶机动车在这种信号灯亮的路口，可以右转弯。,1,2,1,1,"A:正确, B:错误",,,,,,,,https://wos.58cdn.com.cn/XyVuTsRqXyf/question/368-1716189202985.jpg,,图中是圆形信号灯，右转车辆不受信号灯控制，在不妨碍其他车辆和行人通行的情况下，可以右转弯。《道路交通安全法实施条例》第三十八条：红灯亮时，右转弯的车辆在不妨碍被放行的车辆、行人通行的情况下，可以通行。
624,624,路面由白色虚线和三角地带标线组成的是什么标线？,2,2,4,4,"A:道路入口标线, B:可跨越式分道线, C:道路出口减速线, D:道路出口标线",道路入口标线,可跨越式分道线,道路出口减速线,道路出口标线,,,,https://wos.58cdn.com.cn/XyVuTsRqXyf/question/624-1693897773556.jpg,,路面上白色虚线和三角地带标线组成的是道路出口标线车道箭头向内指为道路入口标线，向外指为道路出口标线，因此图中红色圈内标线是道路出口标线GB5768.3-2009《道路交通标志和标线第3部分：道路交通标线》4.11道路出入口标线：道路出入口标线用于引导驶入或驶出车辆的运行轨迹，提供安全交汇，减少与突出缘石碰撞的可能，一般由出入口的纵向标线和三角地带标线组成
113,113,同车道行驶的车辆前方遇到下列哪种车辆不得超车？,2,2,3,3,"A:大型客货车, B:出租汽车, C:执行任务的救护车, D:公共汽车",大型客货车,出租汽车,执行任务的救护车,公共汽车,,,,,,本题考点为超车相关内容。同车道行驶的前车为执行任务的紧急车辆时，不得超车，选执行任务的救护车。《道路交通安全法》第四十三条：前车为执行紧急任务的警车、消防车、救护车、工程救险车的，不得超车。
625,625,路面上白色虚线和三角地带标线组成的是什么标线？,2,2,1,1,"A:道路入口标线, B:可跨越式分道线, C:道路入口减速线, D:道路出口标线",道路入口标线,可跨越式分道线,道路入口减速线,道路出口标线,,,,https://wos.58cdn.com.cn/XyVuTsRqXyf/question/625-1693897777703.jpg,,路面上白色虚线和三角地带标线组成的是道路入口标线车道箭头向内指为道路入口标线，向外指为道路出口标线，因此图中红色圈内标线是道路入口标线GB5768.3-2009《道路交通标志和标线第3部分：道路交通标线》4.11道路出入口标线：道路出入口标线用于引导驶入或驶出车辆的运行轨迹，提供安全交汇，减少与突出缘石碰撞的可能，一般由出入口的纵向标线和三角地带标线组成
114,114,同车道行驶的车辆前方遇到下列哪种车辆不得超车？,2,2,2,2,"A:大型客货车, B:执行任务的消防车, C:公共汽车, D:出租汽车",大型客货车,执行任务的消防车,公共汽车,出租汽车,,,,,,本题考点为超车相关内容。同车道行驶的前车为执行任务的紧急车辆时，不得超车，选执行任务的消防车。《道路交通安全法》第四十三条：前车为执行紧急任务的警车、消防车、救护车、工程救险车的，不得超车。
370,370,绿灯亮表示前方路口允许机动车通行。,1,2,1,1,"A:正确, B:错误",,,,,,,,,,《道路交通安全法》规定：绿灯表示车辆、非机动车和行人准许通行。
626,626,这种白色矩形标线框含义是什么？,2,2,2,2,"A:出租车专用上下客停车位, B:平行式停车位, C:倾斜式停车位, D:垂直式停车位",出租车专用上下客停车位,平行式停车位,倾斜式停车位,垂直式停车位,,,,https://wos.58cdn.com.cn/XyVuTsRqXyf/question/626-1693897781820.jpg,,图中白色矩形标线是平行式停车位，指示车辆平行于道路方向停放的位置。GB5768.3-2009《道路交通标志和标线第3部分：道路交通标线》4.12停车位标线：停车位标线标示车辆停放位置。可在停车场或路边空地，车行道边缘或道路中间适当位置设置。无特殊说明时，停车位标线应和停车场标志配合使用。停车位标线的颜色为蓝色时表示此停车位为免费停车位，为白色时表示此停车位为收费停车位，为黄色时表示此停车位为专属停车位。停车位标线按设置方式可分为：车辆平行于通道方向停放的平行式。
221298,221298,看到这个标志的时候，您应该开启车灯。,1,2,1,1,"A:正确, B:错误",正确,错误,,,,,,https://wos.58cdn.com.cn/XyVuTsRqXyf/question/221298-1754389586562.jpg,,本题考点为道路交通标志相关内容图中有一个灯，此标志是开车灯标志本题选正确开车灯标志，表示机动车行至该标志处应开启车灯设在隧道口前等需要开车灯处
180338,180338,图中交通标志是指（）。,2,2,2,2,"A:停车场, B:残疾人专用停车位, C:无障碍设施, D:注意残疾人",停车场,残疾人专用停车位,无障碍设施,注意残疾人,,,,https://wos.58cdn.com.cn/XyVuTsRqXyf/question/180338-1754451512276.jpg,,残疾人专用停车位：表示此处仅允许残疾人驾驶的车辆停放
115,115,驾驶机动车行经市区下列哪种道路时不得超车？,2,2,4,4,"A:主要街道, B:单向行驶路段, C:单向两条行车道, D:交通流量大的路段",主要街道,单向行驶路段,单向两条行车道,交通流量大的路段,,,,,,本题考点为超车相关内容。交通流量大的路段，路况拥堵，不具备超车条件，不得超车。《道路交通安全法》第四十三条：行经铁路道口、交叉路口、窄桥、弯道、陡坡、隧道、人行横道、市区交通流量大的路段等没有超车条件的，不得超车。
627,627,这种停车标线含义是什么？,2,2,3,3,"A:专用待客停车位, B:专用上下客停车位, C:固定停车方向停车位, D:机动车限时停车位",专用待客停车位,专用上下客停车位,固定停车方向停车位,机动车限时停车位,,,,https://wos.58cdn.com.cn/XyVuTsRqXyf/question/627-1693897784292.jpg,,图中标线的含义为固定停车方向停车位，指示车辆垂直于道路方向停放，箭头所指方向表示停车后车头的朝向。GB5768.3-2009《道路交通标志和标线第3部分：道路交通标线》4.12停车位标线：停车位标线标示车辆停放位置。可在停车场或路边空地，车行道边缘或道路中间适当位置设置。无特殊说明时，停车位标线应和停车场标志配合使用。停车位标线的颜色为蓝色时表示此停车位为免费停车位，为白色时表示此停车位为收费停车位，为黄色时表示此停车位为专属停车位。对停车方向有特殊要求时，可在停车位标线中附加箭头，箭头所指方向表示停车后车头的朝向。
7795,7795,驾驶机动车下长坡时，空挡滑行会导致再次挂挡困难。,1,2,1,1,"A:正确, B:错误",,,,,,,,,,下长坡时，由于重力的作用，车速越来越快，空挡滑行的速度和正常的挡位不匹配导致再次挂挡困难，会造成很大的安全隐患所以本题选正确
116,116,驾驶机动车行经下列哪种路段不得超车？,2,2,3,3,"A:主要街道, B:高架路, C:人行横道, D:环城高速",主要街道,高架路,人行横道,环城高速,,,,,,本题考点为超车相关内容人行横道有行人，超车易发生危险，不具备超车条件，不得超车《道路交通安全法》第四十三条：行经铁路道口、交叉路口、窄桥、弯道、陡坡、隧道、人行横道、市区交通流量大的路段等没有超车条件的，不得超车
372,372,如图所示，驾驶机动车在路口遇到这种信号灯亮时，不能右转弯。,1,2,2,2,"A:正确, B:错误",,,,,,,,https://wos.58cdn.com.cn/XyVuTsRqXyf/question/372-1734685021517.jpg,,图中是圆形信号灯，右转车辆不受信号灯控制，在不妨碍其他车辆和行人通行的情况下，可以右转弯题中说不能右转弯，所以选错误《道路交通安全法》第二十六条：绿灯表示准许通行
628,628,这种白色矩形标线框含义是什么？,2,2,2,2,"A:长时停车位, B:限时停车位, C:专用停车位, D:免费停车位",长时停车位,限时停车位,专用停车位,免费停车位,,,,https://wos.58cdn.com.cn/XyVuTsRqXyf/question/628-1693897786970.jpg,,白色矩形标线框的含义是限时停车位，标线为虚线边框，并在车位内标注准许停车时间，表示车辆只能在停车位内标注的时段停放，其他时段禁止停放。GB5768.3-2009《道路交通标志和标线第3部分：道路交通标线》4.12.9机动车限时停车位：表示机动车只能在停车位内标注的时段停放，其他时段禁止停放。机动车限时停车位标线为虚线边框，线宽10cm，在车位内标注准许停车的时间。该标线应与限时停车标志配合使用。
7796,7796,驾驶机动车超车时，被超越车辆未减速让路，应提速超越前方车辆完成超车。,1,2,2,2,"A:正确, B:错误",,,,,,,,,,驾驶机动车超车时，被超越车辆未减速让路，应停止超车。所以本题选错误。超车应在确认前车让超并有充足的安全距离后，与前车保持一定的安全距离从前车的左侧超越。进入左侧道路超车，无法保证与正常行驶前车的横向安全间距或被超车无让超空间时，应主动放弃超车。
117,117,驾驶机动车行经下列哪种路段时不得超车？,2,2,2,2,"A:高架路, B:交叉路口, C:环城高速, D:中心街道",高架路,交叉路口,环城高速,中心街道,,,,,,本题考点为超车相关内容。交叉路口路况复杂，不具备超车条件，不得超车。《道路交通安全法》第四十三条：行经铁路道口、交叉路口、窄桥、弯道、陡坡、隧道、人行横道、市区交通流量大的路段等没有超车条件的，不得超车。
373,373,驾驶机动车遇到这种信号灯，可在对面直行车前直接向左转弯。,1,2,2,2,"A:正确, B:错误",,,,,,,,https://wos.58cdn.com.cn/XyVuTsRqXyf/question/373-1693897312066.jpg,,右转让左转，左转让直行，转弯让直行。图中对向车辆未开启转向灯，说明是直行，我方车辆左转需让行。《道路交通安全法实施条例》第五十一条：机动车通过没有方向指示信号灯的交叉路口，转弯的机动车让直行的车辆、行人先行。
629,629,红色圆圈内标线含义是什么？,2,2,2,2,"A:临时停靠站, B:港湾式停靠站, C:应急停车带, D:公交车停靠站",临时停靠站,港湾式停靠站,应急停车带,公交车停靠站,,,,https://wos.58cdn.com.cn/XyVuTsRqXyf/question/629-1693897792675.jpg,,图中红圈内标线在车行道外侧，由渐变段引道白色虚线、正常段外边缘白色实线组成，表示港湾式停靠站。GB5768.3-2009《道路交通标志和标线第3部分：道路交通标线》4.13港湾式停靠站标线：标示车辆通向专门的分离引道的路径和停靠位置，由渐变段引道白色虚线、正常段外边缘白色实线或白色填充线组成。
118,118,驾驶机动车在下列哪种路段不得超车？,2,2,4,4,"A:山区道路, B:城市高架路, C:城市快速路, D:窄桥、弯道",山区道路,城市高架路,城市快速路,窄桥、弯道,,,,,,本题考点为超车相关内容。窄桥、弯道无法保持足够的安全距离，不具备超车条件，不得超车。《道路交通安全法》第四十三条：行经铁路道口、交叉路口、窄桥、弯道、陡坡、隧道、人行横道、市区交通流量大的路段等没有超车条件的，不得超车。
374,374,驾驶机动车在路口遇到这种信号灯表示什么意思？,2,2,1,1,"A:路口警示, B:禁止右转, C:准许直行, D:加速通过",路口警示,禁止右转,准许直行,加速通过,,,,https://wos.58cdn.com.cn/XyVuTsRqXyf/question/374-1693897314267.jpg,,图中是黄灯，表示路口警示。《道路交通安全》第二十六条：通信号灯由红灯、绿灯、黄灯组成。红灯表示禁止通行，绿灯表示准许通行，黄灯表示警示。
630,630,红色圆圈内标线含义是什么？,2,2,3,3,"A:临时停靠站, B:大客车停靠站, C:公交车停靠站, D:应急停车带",临时停靠站,大客车停靠站,公交车停靠站,应急停车带,,,,https://wos.58cdn.com.cn/XyVuTsRqXyf/question/630-1693897794955.jpg,,图中红圈内标线在车行道外侧，由渐变段引道白色虚线、正常段外边缘白色填充线组成，并标有文字公交车，表示公交车停靠站。GB5768.3-2009《道路交通标志和标线第3部分：道路交通标线》4.13港湾式停靠站标线：标示车辆通向专门的分离引道的路径和停靠位置，由渐变段引道白色虚线、正常段外边缘白色实线或白色填充线组成。当专用于公交车、校车等特定车辆停靠时，应在停靠站中间标注停靠车辆的类型文字，并以黄色实折线填充停靠站正常段其他区域，指示除特定车辆外，其他车辆不得在此区域停留。
7798,7798,警车、消防车、救护车、工程救险车执行紧急任务时，耽误或影响其通行可能会导致严重后果，所以其他车辆和行人应当主动让行。,1,2,1,1,"A:正确, B:错误",,,,,,,,,,行车中遇到执行紧急任务的车时，应主动让行。所以本题选正确。《道路交通安全法》第五十三条：警车、消防车、救护车、工程救险车执行紧急任务时，可以使用警报器、标志灯具；在确保安全的前提下，不受行驶路线、行驶方向、行驶速度和信号灯的限制，其他车辆和行人应当让行。
26742,26742,机动车载运超限物品行经铁路道口的，应当按照当地铁路部门指定的铁路道口、时间通过。,1,2,1,1,"A:正确, B:错误",正确,错误,,,,,,,,机动车载运超限物品，按照铁路部门指定的铁路道口和时间通过，以确保安全和避免影响铁路交通。所以本题选正确。《道路交通安全法实施条例》第六十五条：机动车载运超限物品行经铁路道口的，应当按照当地铁路部门指定的铁路道口、时间通过。
33398,33398,在高速公路因故障停车后，应在来车方向150米外设置故障警告标志。,1,2,1,1,"A:正确, B:错误",正确,错误,,,,,,,,高速路上故障，警告标志应设置在车辆来车方向150米以外所以本题选正确《道路交通安全法》第六十八条：机动车在高速公路上发生故障时，警告标志应当设置在故障车来车方向一百五十米以外，车上人员应当迅速转移到右侧路肩上或者应急车道内，并且迅速报警
119,119,驾驶机动车在夜间超车时怎样使用灯光？,2,2,1,1,"A:变换远、近光灯, B:开启雾灯, C:开启远光灯, D:关闭前大灯",变换远、近光灯,开启雾灯,开启远光灯,关闭前大灯,,,,,,本题考点为超车相关内容。夜间光线不好，超车时应变换远、近光灯提示前车。《道路交通安全法实施条例》第四十七条：机动车超车时，应当提前开启左转向灯、变换使用远、近光灯或者鸣喇叭。
375,375,驾驶机动车在路口看到这种信号灯亮时，要加速通过。,1,2,2,2,"A:正确, B:错误",,,,,,,,https://wos.58cdn.com.cn/XyVuTsRqXyf/question/375-1693897316586.jpg,,图中是黄灯，且车身未越过停止线，需要停车等待，不可加速通过。《道路交通安全法实施条例》第三十八条：黄灯亮时，已越过停止线的车辆可以继续通行。
631,631,这个导向箭头是何含义？,2,2,4,4,"A:指示车道, B:指示禁行, C:指示合流, D:指示直行",指示车道,指示禁行,指示合流,指示直行,,,,https://wos.58cdn.com.cn/XyVuTsRqXyf/question/631-1693897797289.jpg,,图中白色导向箭头垂直指向上，表示指示直行。GB5768.3-2009《道路交通标志和标线第3部分：道路交通标线》4.15导向箭头：导向箭头用以指示车辆的行驶方向。在行驶方向受限制的交叉入口车道内，车道数减少路段的缩减车道内，设有专用车道的交叉口或路段，畸形、复杂的交叉口，渠化后的车道内应设置导向箭头。
201591,201591,这辆黄色轿车变更车道的方法和路线是正确的。,1,2,2,2,"A:正确, B:错误",正确,错误,,,,,,https://wos.58cdn.com.cn/XyVuTsRqXyf/question/201591-1726629192865.jpg,,图中黄色机动车变更车道时虽然开启了转向灯，但是影响了在车道内正常行驶的蓝色机动车，黄车的行为属于抢行并线，题中说黄车正确，所以选错误。《道路交通安全法实施条例》第四十四条：在道路同方向划有2条以上机动车道的，变更车道的机动车不得影响相关车道内行驶的机动车的正常行驶。
7799,7799,驾驶机动车在高速公路上车辆发生故障时，若车辆可以移动至应急车道内，只需开启危险报警闪光灯，警告标志可根据交通流情况选择是否放置。,1,2,2,2,"A:正确, B:错误",,,,,,,,,,机动车在高速公路上发生故障，首先应该开启危险报警闪光灯；将警告标志放置在车后150以外；车上人员迅速转移到右侧路肩或应急车道内迅速报警。题中说只需开启危险报警灯，所以本题选错误。《道路交通安全法》第五十二条：机动车在道路上发生故障，需要停车排除故障时，驾驶人应当立即开启危险报警闪光灯，将机动车移至不妨碍交通的地方停放。
632,632,这个导向箭头是何含义？,2,2,3,3,"A:指示向左转弯或掉头, B:指示直行或向左变道, C:指示直行或左转弯, D:指示直行或掉头",指示向左转弯或掉头,指示直行或向左变道,指示直行或左转弯,指示直行或掉头,,,,https://wos.58cdn.com.cn/XyVuTsRqXyf/question/632-1693897798566.jpg,,图中白色导向箭头方向是直行和向左，指示道路可直行或左转弯。GB5768.3-2009《道路交通标志和标线第3部分：道路交通标线》4.15导向箭头：导向箭头用以指示车辆的行驶方向。在行驶方向受限制的交叉入口车道内，车道数减少路段的缩减车道内，设有专用车道的交叉口或路段，畸形、复杂的交叉口，渠化后的车道内应设置导向箭头。
201592,201592,这个标志为向左急弯路标志，用以警告车辆驾驶人前方有急弯。,1,2,2,2,"A:正确, B:错误",正确,错误,,,,,,https://wos.58cdn.com.cn/XyVuTsRqXyf/question/201592-1726629238631.jpg,,图中标志交叉路口标志，不是向左急弯路标志交叉路口标志用以警告车辆驾驶人前方是被交路比当前道路窄的交叉路口，谨慎驾驶，注意横向来车
121,121,超车前应开启左转向灯、变换使用远近光灯或鸣喇叭。,1,2,1,1,"A:正确, B:错误",,,,,,,,,,本题考点为超车相关内容超车时变换使用远、近光灯或鸣喇叭都是提示前车的行为大家不需要过度关注是白天还是夜间《道路交通安全法实施条例》第四十七条：机动车超车时，应当提前开启左转向灯、变换使用远、近光灯或者鸣喇叭
377,377,驾驶机动车遇到这种信号灯亮时，如果已越过停止线，可以继续通行。,1,2,1,1,"A:正确, B:错误",,,,,,,,https://wos.58cdn.com.cn/XyVuTsRqXyf/question/377-1693897321211.jpg,,图中是黄灯，若车辆已越过停止线，可以继续通行。《道路交通安全法实施条例》第三十八条：黄灯亮时，已越过停止线的车辆可以继续通行。
633,633,这个导向箭头是何含义？,2,2,2,2,"A:指示向右转弯或掉头, B:指示直行或右转弯, C:指示直行或向右变道, D:指示直行或掉头",指示向右转弯或掉头,指示直行或右转弯,指示直行或向右变道,指示直行或掉头,,,,https://wos.58cdn.com.cn/XyVuTsRqXyf/question/633-1693897799950.jpg,,图中白色导向箭头方向是直行和向右，指示道路可直行或右转弯。GB5768.3-2009《道路交通标志和标线第3部分：道路交通标线》4.15导向箭头：导向箭头用以指示车辆的行驶方向。在行驶方向受限制的交叉入口车道内，车道数减少路段的缩减车道内，设有专用车道的交叉口或路段，畸形、复杂的交叉口，渠化后的车道内应设置导向箭头。
201593,201593,以下交通标志中表示前方车道数量减少的是（）。,2,2,3,3,"A:图1, B:图3, C:图2, D:图4",图1,图3,图2,图4,,,,https://wos.58cdn.com.cn/XyVuTsRqXyf/question/201593-1761034842421.jpg,,本题考点为道路交通标志相关内容三条车道变成两条车道，代表车道数量变少图1、图3和图4表示交叉路口标志本题选择如图中2所示车道数变少标志，用以提醒车辆驾驶人注意前方车道数量变少
7801,7801,如图所示，驾驶机动车行驶至此位置时，以下做法正确的是什么？,2,2,3,3,"A:观察左侧无车后，可以左转, B:从该处直接左转, C:不得左转，应当直行, D:倒车退到虚线处换到左转车道",观察左侧无车后，可以左转,从该处直接左转,不得左转，应当直行,倒车退到虚线处换到左转车道,,,,https://wos.58cdn.com.cn/XyVuTsRqXyf/question/7801-1693899907794.jpg,,图中机动车所在车道是直行车道，直行车道只能直行通过，所以行驶至此位置时，不得左转，应当直行。
26745,26745,驾驶机动车通过有交通信号灯控制的交叉路口，以下做法错误的是什么？,2,2,1,1,"A:黄灯亮起时应加速通过, B:向右转弯时开启右转向灯, C:遇放行信号时，依次通过, D:向左转弯时，靠路口中心点左侧转弯",黄灯亮起时应加速通过,向右转弯时开启右转向灯,遇放行信号时，依次通过,向左转弯时，靠路口中心点左侧转弯,,,,,,黄色信号灯亮起，驾驶人要停车注意瞭望，在确认安全后通过，不得加速通过。注意题中问错误的，所以本题选黄灯亮起时应加速通过。《道路交通安全法实施条例》第四十二条：闪光警告信号灯为持续闪烁的黄灯，提示车辆、行人通行时注意瞭望，确认安全后通过。
122,122,驾驶机动车超车后立即开启右转向灯驶回原车道。,1,2,2,2,"A:正确, B:错误",,,,,,,,,,超车时，应提前开启左转向灯，观察周围车况，判断有无超车的条件。超车后驶回原车道，要确认与被超车辆拉开必要的安全距离，并提前开启右转向灯。题中说立即，是错误的。《道路交通安全法实施条例》第四十七条：机动车超车时，在与被超车辆拉开必要的安全距离后，开启右转向灯，驶回原车道。
634,634,这个导向箭头是何含义？,2,2,4,4,"A:指示前方右转弯, B:指示向左变道, C:指示前方直行, D:指示前方左转弯",指示前方右转弯,指示向左变道,指示前方直行,指示前方左转弯,,,,https://wos.58cdn.com.cn/XyVuTsRqXyf/question/634-1693897801662.jpg,,图中白色导向箭头方向指向左，指示前方左转弯。GB5768.3-2009《道路交通标志和标线第3部分：道路交通标线》4.15导向箭头：导向箭头用以指示车辆的行驶方向。在行驶方向受限制的交叉入口车道内，车道数减少路段的缩减车道内，设有专用车道的交叉口或路段，畸形、复杂的交叉口，渠化后的车道内应设置导向箭头。
201594,201594,这个标志用以警告车辆驾驶人减速慢行，注意行人。,1,2,1,1,"A:正确, B:错误",正确,错误,,,,,,https://wos.58cdn.com.cn/XyVuTsRqXyf/question/201594-1727342112052.jpg,,本题考点为道路交通标志相关内容。图中三角形标志内有行人在斑马线上，是注意行人标志，警告驾驶人减速慢行。底色黄色和荧光绿色都代表注意行人。所以本题选正确。注意行人标志，用以警告车辆驾驶人减速慢行，注意行人。
379,379,遇到这种情况时，中间车道不允许车辆通行。,1,2,1,1,"A:正确, B:错误",,,,,,,,https://wos.58cdn.com.cn/XyVuTsRqXyf/question/379-1716190423763.jpg,,图中中间车道是红色叉形灯，禁止车辆通行；两侧车道是绿色箭头灯，准许车辆按指示方向通行。
635,635,这个导向箭头是何含义？,2,2,1,1,"A:指示前方右转弯, B:指示前方掉头, C:指示前方直行, D:指示向左变道",指示前方右转弯,指示前方掉头,指示前方直行,指示向左变道,,,,https://wos.58cdn.com.cn/XyVuTsRqXyf/question/635-1693897803030.jpg,,图中白色导向箭头方向指向右，指示前方右转弯。GB5768.3-2009《道路交通标志和标线第3部分：道路交通标线》4.15导向箭头：导向箭头用以指示车辆的行驶方向。在行驶方向受限制的交叉入口车道内，车道数减少路段的缩减车道内，设有专用车道的交叉口或路段，畸形、复杂的交叉口，渠化后的车道内应设置导向箭头。
201595,201595,如图所示，驾驶机动车可以在该路段通行。,1,2,2,2,"A:正确, B:错误",正确,错误,,,,,,https://wos.58cdn.com.cn/XyVuTsRqXyf/question/201595-1726629367770.jpg,,图中步行街三个字表示只允许行人步行，机动车禁止驶入。题中说允许机动车驶入，本题选择错误。《道路交通安全法》第三十六条：根据道路通行条件和通行需要，道路划分为机动车道，非机动车道和人行横道的，机动车，非机动车，行人实行分道通行。
380,380,如图所示，这辆红色轿车可以在该车道行驶。,1,2,2,2,"A:正确, B:错误",,,,,,,,https://wos.58cdn.com.cn/XyVuTsRqXyf/question/380-1716190478832.jpg,,图中红色轿车所在的中间车道是红色叉形灯，红色表示禁止通行，所以红色叉形灯亮起时，禁止车辆通行
636,636,这个导向箭头是何含义？,2,2,2,2,"A:指示前方右转, B:指示前方掉头, C:指示前方直行, D:指示向左变道",指示前方右转,指示前方掉头,指示前方直行,指示向左变道,,,,https://wos.58cdn.com.cn/XyVuTsRqXyf/question/636-1693897804380.jpg,,图中白色导向箭头方向为掉头，指示前方掉头。GB5768.3-2009《道路交通标志和标线第3部分：道路交通标线》4.15导向箭头：导向箭头用以指示车辆的行驶方向。在行驶方向受限制的交叉入口车道内，车道数减少路段的缩减车道内，设有专用车道的交叉口或路段，畸形、复杂的交叉口，渠化后的车道内应设置导向箭头。
201596,201596,这个标志是何含义？,2,2,2,2,"A:休息区, B:加油站, C:客车站, D:服务区",休息区,加油站,客车站,服务区,,,,https://wos.58cdn.com.cn/XyVuTsRqXyf/question/201596-1727341919062.jpg,,本题考点为道路交通标志相关内容。图中有加油机，此标志是加油站标志。本题选加油站。加油站识别标志，为道路使用者提供各种重要场所的识别和指向，设在所识别场所前适当位置。
33404,33404,车辆在高速公路匝道上掉头时，应确保后方无来车。,1,2,2,2,"A:正确, B:错误",正确,错误,,,,,,,,在高速公路匝道上，不准超车、掉头、停车和倒车。所以本题选错误。《道路交通安全法实施条例》第八十二条：机动车在高速公路上行驶，不得有下列行为：倒车、逆行、穿越中央分隔带掉头或者在车道内停车；在匝道、加速车道或者减速车道上超车。
381,381,如图所示，驾驶机动车要选择绿色箭头灯亮的车道行驶。,1,2,1,1,"A:正确, B:错误",,,,,,,,https://wos.58cdn.com.cn/XyVuTsRqXyf/question/381-1716189244776.jpg,,图中车辆所在车道是绿色箭头灯，绿色表示准许通行，所以绿色箭头灯亮起时，准许车辆按指示方向通行。
637,637,这个导向箭头是何含义？,2,2,3,3,"A:指示前方可左转或掉头, B:指示前方可直行或左转, C:指示前方可直行或掉头, D:指示前方直行向左变道",指示前方可左转或掉头,指示前方可直行或左转,指示前方可直行或掉头,指示前方直行向左变道,,,,https://wos.58cdn.com.cn/XyVuTsRqXyf/question/637-1693897805731.jpg,,图中白色导向箭头方向是直行和掉头，指示前方道路可直行或掉头。GB5768.3-2009《道路交通标志和标线第3部分：道路交通标线》4.15导向箭头：导向箭头用以指示车辆的行驶方向。在行驶方向受限制的交叉入口车道内，车道数减少路段的缩减车道内，设有专用车道的交叉口或路段，畸形、复杂的交叉口，渠化后的车道内应设置导向箭头。
201597,201597,这个标志表示机动车行至该标志处开启车灯，设在隧道口前等需要开车灯处。,1,2,1,1,"A:正确, B:错误",正确,错误,,,,,,https://wos.58cdn.com.cn/XyVuTsRqXyf/question/201597-1727341832483.jpg,,本题考点为道路交通标志相关内容。图中有一个灯，此标志是开车灯标志。本题选正确。开车灯标志，表示机动车行至该标志处应开启车灯。设在隧道口前等需要开车灯处。
7805,7805,驾驶机动车在高速公路上行驶，遇低能见度气象条件时，能见度在200米以下，车速不得超过每小时多少公里，与同车道前车至少保持多少米的距离？,2,2,1,1,"A:60，100, B:70，100, C:40，80, D:30，80",60，100,70，100,40，80,30，80,,,,,,在高速公路上遇雾天，能见度小于200米时，车速不得超过60km/h，与同车道前车保持100米以上的距离。《道路交通安全法实施条例》第八十一条：机动车在高速公路上行驶，遇有雾、雨、雪、沙尘、冰雹等低能见度气象条件时，应当遵守下列规定：能见度小于200米时，开启雾灯、近光灯、示廓灯和前后位灯，车速不得超过每小时60公里，与同车道前车保持100米以上的距离。
126,126,行经没有火车通过的铁路道口时，可以超车。,1,2,2,2,"A:正确, B:错误",正确,错误,,,,,,,,本题考点为超车相关内容铁路道口路况较复杂，无论有没有列车通过，都不得超车《道路交通安全法》第四十三条：行经铁路道口、交叉路口、窄桥、弯道、陡坡、隧道、人行横道、市区交通流量大的路段等没有超车条件的，不得超车
638,638,这个导向箭头是何含义？,2,2,4,4,"A:指示前方可直行或向左变道, B:指示前方可直行或左转, C:指示前方可直行或掉头, D:指示前方可左转或掉头",指示前方可直行或向左变道,指示前方可直行或左转,指示前方可直行或掉头,指示前方可左转或掉头,,,,https://wos.58cdn.com.cn/XyVuTsRqXyf/question/638-1693897807048.jpg,,图中白色导向箭头方向是向左和掉头，指示前方道路可左转或掉头。GB5768.3-2009《道路交通标志和标线第3部分：道路交通标线》4.15导向箭头：导向箭头用以指示车辆的行驶方向。在行驶方向受限制的交叉入口车道内，车道数减少路段的缩减车道内，设有专用车道的交叉口或路段，畸形、复杂的交叉口，渠化后的车道内应设置导向箭头。
33406,33406,驾驶非机动车、拖拉机、轮式专用机械车、铰接式客车、全挂拖斗车以及其他设计最高时速低于七十公里的机动车，不得进入高速公路。,1,2,1,1,"A:正确, B:错误",正确,错误,,,,,,,,《道路交通安全法》第六十七条：行人、非机动车、拖拉机、轮式专用机械车、铰接式客车、全挂拖斗车以及其他设计最高时速低于七十公里的机动车，不得进入高速公路。高速公路限速标志标明的最高时速不得超过一百二十公里。
127,127,驾驶机动车在隧道、陡坡等特殊路段不得超车。,1,2,1,1,"A:正确, B:错误",,,,,,,,,,本题考点为超车相关内容。隧道陡坡不具备超车条件，不得超车。《道路交通安全法》第四十三条：行经铁路道口、交叉路口、窄桥、弯道、陡坡、隧道、人行横道、市区交通流量大的路段等没有超车条件的，不得超车。
639,639,这个导向箭头是何含义？,2,2,1,1,"A:提示前方有左弯或需向左合流, B:提示前方有右弯或需向右合流, C:提示前方右侧有障碍需向左合流, D:提示前方有左弯或向左绕行",提示前方有左弯或需向左合流,提示前方有右弯或需向右合流,提示前方右侧有障碍需向左合流,提示前方有左弯或向左绕行,,,,https://wos.58cdn.com.cn/XyVuTsRqXyf/question/639-1693897808621.jpg,,图中白色导向箭头指向左，并微微向左倾斜，提示前方有左弯或需向左合流。GB5768.3-2009《道路交通标志和标线第3部分：道路交通标线》4.15导向箭头：导向箭头用以指示车辆的行驶方向。在行驶方向受限制的交叉入口车道内，车道数减少路段的缩减车道内，设有专用车道的交叉口或路段，畸形、复杂的交叉口，渠化后的车道内应设置导向箭头。
33407,33407,夜间驾驶机动车在高速公路上发生交通事故，以下做法正确的是什么？,2,2,3,3,"A:人员下车在原地等待处理交通事故, B:开启远光灯，在车内等待救援, C:开启危险报警闪光灯，人员转移到安全地带, D:关闭所有灯光，人员转移到右侧护栏以外",人员下车在原地等待处理交通事故,开启远光灯，在车内等待救援,开启危险报警闪光灯，人员转移到安全地带,关闭所有灯光，人员转移到右侧护栏以外,,,,,,夜间在高速公路发生交通事故，应开启危险报警闪光灯，同时在车后150米设置危险警告标志，车上人员转移到安全地带等待救援。人员下车在原地等待非常危险，应转移到安全地方等待。开启远光灯会影响其他车辆视线。因为是夜间发生事故，此时如果关闭所有灯光，可能会使其他车辆注意不到，导致二次事故发生。
128,128,遇到这种情形怎样行驶？,2,2,1,1,"A:停车让对方车辆通过, B:开启左转向灯向左行驶, C:加速超越障碍后会车, D:开前照灯告知对方让行",停车让对方车辆通过,开启左转向灯向左行驶,加速超越障碍后会车,开前照灯告知对方让行,,,,https://wos.58cdn.com.cn/XyVuTsRqXyf/question/128-1693897152136.jpg,,哪边有障碍，哪边就要停车让行，图中我方有障碍且未驶入障碍路段，应停车让对方车辆通过。《道路交通安全法实施条例》第四十八条：在没有中心隔离设施或者没有中心线的道路上，在有障碍的路段，无障碍的一方先行；但有障碍的一方已驶入障碍路段而无障碍的一方未驶入时，有障碍的一方先行。
640,640,路面上导向箭头是何含义？,2,2,2,2,"A:提示前方有左弯或需向左合流, B:提示前方有右弯或需向右合流, C:提示前方有障碍需向左合流, D:提示前方有左弯或需向左绕行",提示前方有左弯或需向左合流,提示前方有右弯或需向右合流,提示前方有障碍需向左合流,提示前方有左弯或需向左绕行,,,,https://wos.58cdn.com.cn/XyVuTsRqXyf/question/640-1693897809956.jpg,,图中白色导向箭头指向右，并微微向右倾斜，提示前方有右弯或需向右合流。GB5768.3-2009《道路交通标志和标线第3部分：道路交通标线》4.15导向箭头：导向箭头用以指示车辆的行驶方向。在行驶方向受限制的交叉入口车道内，车道数减少路段的缩减车道内，设有专用车道的交叉口或路段，畸形、复杂的交叉口，渠化后的车道内应设置导向箭头。
29312,29312,如图所示，以下哪类车辆可以在黄色虚线标记的车道中行驶？,2,2,2,2,"A:摩托车, B:公交车, C:出租车, D:小客车",摩托车,公交车,出租车,小客车,,,,https://wos.58cdn.com.cn/XyVuTsRqXyf/question/29312-1727081061220.jpg,,图中黄色虚线内路面标记是公交专用车道。所以本题选公交车。《道路交通安全法》第三十七条：道路划设专用车道的，在专用车道内，只准许规定的车辆通行，其他车辆不得进入专用车道内行驶。
129,129,图中没有道路中心线的狭窄山路怎样会车？,2,2,4,4,"A:速度慢的先行, B:重车让空车先行, C:靠山体的一方先行, D:不靠山体的一方先行",速度慢的先行,重车让空车先行,靠山体的一方先行,不靠山体的一方先行,,,,https://wos.58cdn.com.cn/XyVuTsRqXyf/question/129-1755054200503.jpg,,在没有道路中心线的狭窄山路遇对向来车时，不靠山体的一方靠近悬崖相对危险，所以不靠山体的一方先行《道路交通安全法实施条例》第四十八条：在没有中心隔离设施或者没有中心线的道路上，在狭窄的山路，不靠山体的一方先行
385,385,驾驶机动车在这种情况下不能左转弯。,1,2,1,1,"A:正确, B:错误",,,,,,,,https://wos.58cdn.com.cn/XyVuTsRqXyf/question/385-1716189279615.jpg,,图中左转灯是红灯，红灯禁止通行，所以车辆不能左转弯。
641,641,路面上导向箭头是何含义？,2,2,3,3,"A:指示前方道路是Y型交叉口, B:指示前方道路是分离式道路, C:指示前方道路仅可左右转弯, D:指示前方道路需向左右合流",指示前方道路是Y型交叉口,指示前方道路是分离式道路,指示前方道路仅可左右转弯,指示前方道路需向左右合流,,,,https://wos.58cdn.com.cn/XyVuTsRqXyf/question/641-1693897811367.jpg,,图中白色导向箭头方向是向左和向右，指示前方道路仅可左右转弯。GB5768.3-2009《道路交通标志和标线第3部分：道路交通标线》4.15导向箭头：导向箭头用以指示车辆的行驶方向。在行驶方向受限制的交叉入口车道内，车道数减少路段的缩减车道内，设有专用车道的交叉口或路段，畸形、复杂的交叉口，渠化后的车道内应设置导向箭头。
7809,7809,如图所示，驾车不仅要留出会车空间，也要与路侧行人保持足够安全距离。,1,2,1,1,"A:正确, B:错误",,,,,,,,https://wos.58cdn.com.cn/XyVuTsRqXyf/question/7809-1693899913230.jpg,,图中在没有中心线的道路会车时，应减速靠右行驶，与对向车道保持足够的横向安全距离图中右侧有儿童会车时还要与儿童保持足够的安全距离所以本题选正确《道路交通安全法实施条例》第四十八条：在没有中心隔离设施或者没有中心线的道路上，夜间会车应当在距相对方向来车150米以外改用近光灯，在窄路、窄桥与非机动车会车时应当使用近光灯
29313,29313,驾驶机动车通过高速公路收费口时，应按规定依次排队进入，不得争道抢行。,1,2,1,1,"A:正确, B:错误",正确,错误,,,,,,,,遇高速公路收费口拥堵，应按序排队等候，不得抢行。所以本题选正确。《道路交通安全法》第四十五条：机动车遇有前方车辆停车排队等候或者缓慢行驶时，不得借道超车或者占用对面车道，不得穿插等候的车辆。
33409,33409,驾驶机动车在高速公路上发生故障时，驾驶人应开启危险报警闪光灯增大警示范围。,1,2,1,1,"A:正确, B:错误",正确,错误,,,,,,,,夜间在高速公路发生交通事故，应开启危险报警闪光灯，同时在车后150米设置危险警告标志。所以本题选正确。《道路交通安全法》第五十二条：机动车在道路上发生故障，需要停车排除故障时，驾驶人应当立即开启危险报警闪光灯，将机动车移至不妨碍交通的地方停放；难以移动的，应当持续开启危险报警闪光灯，并在来车方向设置警告标志等措施扩大示警距离，必要时迅速报警。
130,130,夜间在道路上会车时，距离对向来车多远将远光灯改用近光灯？,2,2,2,2,"A:不必变换灯光, B:150米以外, C:100米以内, D:50米以内",不必变换灯光,150米以外,100米以内,50米以内,,,,,,机动车夜间在道路上会车时，应在距离对向来车150米外将远光灯改用近光灯。远光灯会造成对方驾驶人眩目，易引发交通事故。《道路交通安全法实施条例》规定：夜间会车应当在距相对方向来车150米以外改用近光灯。
642,642,这个路面数字标记是何含义？,2,2,3,3,"A:保持车距标记, B:最小间距标记, C:速度限制标记, D:道路编号标记",保持车距标记,最小间距标记,速度限制标记,道路编号标记,,,,https://wos.58cdn.com.cn/XyVuTsRqXyf/question/642-1693897812793.jpg,,图中路面数字是速度限制标记，根据数字颜色区分：黄色是最高限速，白色是最低限速。此题表示最低限速60公里/小时，最高限速80公里/小时。GB5768.3-2009《道路交通标志和标线第3部分：道路交通标线》4.16.2速度限制标记：表示车辆行驶的限制车速，用于需要限制车辆最高行驶速度或最低行驶速度的车道起点和其他适当位置。表示最高限速值数字的颜色为黄色，可单独使用；表示最低限速值数字的颜色为白色，应和最高限速值数字同时使用。
34178,34178,这个标志用以警告车辆驾驶人减速慢行，注意残疾人。,1,2,1,1,"A:正确, B:错误",正确,错误,,,,,,https://wos.58cdn.com.cn/XyVuTsRqXyf/question/34178-1664433810058.jpg,,注意残疾人：用以警告车辆驾驶人减速慢行，注意残疾人设在康复医院、残疾人学校等残疾人经常出入地点前适当位置
131,131,驾驶机动车在没有中心线的道路上遇相对方向来车时怎样行驶？,2,2,1,1,"A:减速靠右行驶, B:借非机动车道行驶, C:紧靠路边行驶, D:靠路中心行驶",减速靠右行驶,借非机动车道行驶,紧靠路边行驶,靠路中心行驶,,,,,,没有中心线的道路遇对向来车时，应减速靠右行驶，避免发生碰撞。《道路交通安全法实施条例》第四十八条：在没有中心隔离设施或者没有中心线的道路上，机动车遇相对方向来车时，要减速靠右行驶，并与其他车辆、行人保持必要的安全距离。
387,387,驾驶机动车在这种情况下不能直行和左转弯。,1,2,1,1,"A:正确, B:错误",,,,,,,,https://wos.58cdn.com.cn/XyVuTsRqXyf/question/387-1716189360564.jpg,,图中直行和左转都是红灯，红灯禁止通行，所以不能直行和左转。
643,643,这个路面标记是何含义？,2,2,4,4,"A:最低限速为100公里/小时, B:平均速度为100公里/小时, C:解除100公里/小时限速, D:最高限速为100公里/小时",最低限速为100公里/小时,平均速度为100公里/小时,解除100公里/小时限速,最高限速为100公里/小时,,,,https://wos.58cdn.com.cn/XyVuTsRqXyf/question/643-1716190058030.jpg,,图中路面数字是速度限制标记，根据数字颜色区分：黄色是最高限速，白色是最低限速。此题为最高限速为100公里/小时。GB5768.3-2009《道路交通标志和标线第3部分：道路交通标线》4.16.2速度限制标记：表示车辆行驶的限制车速，用于需要限制车辆最高行驶速度或最低行驶速度的车道起点和其他适当位置。表示最高限速值数字的颜色为黄色，可单独使用；表示最低限速值数字的颜色为白色，应和最高限速值数字同时使用。
7811,7811,如图所示，驾驶机动车在这种情况下，当C车减速让超车时，A车应该如何行驶？,2,2,1,1,"A:放弃超越C车, B:加速超越C车, C:鸣喇叭示意B车让行后超车, D:直接向左变更车道，迫使B车让行",放弃超越C车,加速超越C车,鸣喇叭示意B车让行后超车,直接向左变更车道，迫使B车让行,,,,https://wos.58cdn.com.cn/XyVuTsRqXyf/question/7811-1693899916003.jpg,,图中A车超越C车时，会与对向车道中行驶的B车进行会车，此时A车不具备超车条件，所以A车应放弃超越C车。《道路交通安全法》第四十三条：与对面来车有会车可能时，不得超车。
132,132,夜间驾驶机动车在窄路、窄桥会车怎样使用灯光？,2,2,2,2,"A:关闭所有灯光, B:开启近光灯, C:关闭前照灯, D:开启远光灯",关闭所有灯光,开启近光灯,关闭前照灯,开启远光灯,,,,,,窄路、窄桥道路环境复杂，开远光灯危险，应开启近光灯。《道路交通安全法实施条例》第四十八条：在没有中心隔离设施或者没有中心线的道路上，夜间会车应当在距相对方向来车150米以外改用近光灯，在窄路、窄桥与非机动车会车时应当使用近光灯。
388,388,如图所示，驾驶机动车遇到这种信号灯不断闪烁时怎样行驶？,2,2,3,3,"A:尽快加速通过, B:靠边停车等待, C:注意瞭望安全通过, D:紧急制动",尽快加速通过,靠边停车等待,注意瞭望安全通过,紧急制动,,,,https://wos.58cdn.com.cn/XyVuTsRqXyf/question/388-1693897346957.jpg,,图中信号灯是持续闪烁的黄灯，提示车辆、行人通行时注意瞭望，确认安全后通过。《道路交通安全法实施条例》第四十二条：闪光警告信号灯为持续闪烁的黄灯，提示车辆、行人通行时注意瞭望，确认安全后通过。
644,644,这个路面标记是何含义？,2,2,1,1,"A:最低限速为80公里/小时, B:平均速度为80公里/小时, C:解除80公里/小时限速, D:最高限速为80公里/小时",最低限速为80公里/小时,平均速度为80公里/小时,解除80公里/小时限速,最高限速为80公里/小时,,,,https://wos.58cdn.com.cn/XyVuTsRqXyf/question/644-1716190100824.jpg,,图中路面数字是速度限制标记，根据数字颜色区分：黄色是最高限速，白色是最低限速。此题为最低限速80公里/小时。GB5768.3-2009《道路交通标志和标线第3部分：道路交通标线》4.16.2速度限制标记：表示车辆行驶的限制车速，用于需要限制车辆最高行驶速度或最低行驶速度的车道起点和其他适当位置。表示最高限速值数字的颜色为黄色，可单独使用；表示最低限速值数字的颜色为白色，应和最高限速值数字同时使用。
7812,7812,如图所示，夜间驾驶机动车与同方向行驶的前车距离较近时，以下做法正确的是什么？,2,2,2,2,"A:使用远光灯，有利于观察路面情况, B:禁止使用远光灯，避免灯光照射至前车后视镜造成前车驾驶人眩目, C:使用远光灯，有利于告知前方驾驶人后方有来车, D:禁止使用远光灯，避免灯光照射至前车后视镜造成自己眩目",使用远光灯，有利于观察路面情况,禁止使用远光灯，避免灯光照射至前车后视镜造成前车驾驶人眩目,使用远光灯，有利于告知前方驾驶人后方有来车,禁止使用远光灯，避免灯光照射至前车后视镜造成自己眩目,,,,https://wos.58cdn.com.cn/XyVuTsRqXyf/question/7812-1693899919956.jpg,,图中夜间驾驶机动车与前车距离较近时，禁止使用远光灯，避免灯光照射至前车后视镜造成前车驾驶人眩目
221316,221316,如图所示，校车在最右侧车道停靠上下学生时，以下哪辆车可以通行？,2,2,3,3,"A:②③, B:③, C:①, D:②",②③,③,①,②,,,,https://wos.58cdn.com.cn/XyVuTsRqXyf/question/221316-1755053288868.jpg,,校车同方向有2条及以上车道的，校车后方及相邻车道车辆停车等待；图中有3条车道，图中最上方为最左侧车道可以减速通过所以本题选①《校车安全条例》第三十三条：校车在同方向有两条以上机动车道的道路上停靠时，校车停靠车道后方和相邻机动车道上的机动车应当停车等待，其他机动车道上的机动车应当减速通过
33412,33412,在高速公路上发生事故导致车辆无法正常行驶时，驾驶人可以拦截过往车辆帮助拖车。,1,2,2,2,"A:正确, B:错误, C:行驶证, D:行车记录仪",正确,错误,行驶证,行车记录仪,,,,,,高速上车辆无法正常行驶，应该由专门的救援车、清障车拖拽牵引，其他车辆不能牵引。所以本题选错误。《道路交通安全法》第六十八条：机动车在高速公路上发生故障或者交通事故，无法正常行驶的，应当由救援车、清障车拖曳、牵引。
133,133,如图所示，遇到这种情况可以优先通行。,1,2,1,1,"A:正确, B:错误",,,,,,,,https://wos.58cdn.com.cn/XyVuTsRqXyf/question/133-1693897154589.jpg,,哪边有障碍，哪边就要停车让行，图中我方无障碍物，且对向车未驶入障碍路段，所以我方具有优先通行权。《道路交通安全法实施条例》第四十八条：在没有中心隔离设施或者没有中心线的道路上，在有障碍的路段，无障碍的一方先行；但有障碍的一方已驶入障碍路段而无障碍的一方未驶入时，有障碍的一方先行。
389,389,黄色闪光警告信号灯持续闪烁，警示驾驶人要注意瞭望，确认安全通过。,1,2,1,1,"A:正确, B:错误",,,,,,,,,,黄灯闪烁提示驾驶人注意瞭望，减速行驶，确认安全后通过。《道路交通安全法实施条例》规定：路口只有黄灯持续闪烁是警告信号，用来提示车辆、行人通行时注意瞭望，确认安全后通过。
645,645,这个路面标记是何含义？,2,2,2,2,"A:自行车专用道, B:非机动车道, C:摩托车专用道, D:电瓶车专用道",自行车专用道,非机动车道,摩托车专用道,电瓶车专用道,,,,https://wos.58cdn.com.cn/XyVuTsRqXyf/question/645-1693897826935.jpg,,路面标记为白色的自行车图案，表示非机动车道标记。GB5768.3-2009《道路交通标志和标线第3部分：道路交通标线》4.17.2非机动车路面标记：施划于车道起点或车道中，表示该车道为非机动车道。
7813,7813,道路没有划分机动车道、非机动车道和人行道的，以下说法正确的是什么？,2,2,3,3,"A:机动车在道路左侧通行，非机动车和行人随意通行, B:机动车在道路左侧通行，非机动车和行人在道路两侧通行, C:机动车在道路中间通行，非机动车和行人在道路两侧通行, D:机动车、非机动车和行人可随意通行",机动车在道路左侧通行，非机动车和行人随意通行,机动车在道路左侧通行，非机动车和行人在道路两侧通行,机动车在道路中间通行，非机动车和行人在道路两侧通行,机动车、非机动车和行人可随意通行,,,,,,《道路交通安全法》第三十六条：没有划分机动车道、非机动车道和人行道的，机动车在道路中间通行，非机动车和行人在道路两侧通行。
33413,33413,在高速公路可以随时借用应急车道超车。,1,2,2,2,"A:正确, B:错误",正确,错误,,,,,,,,非紧急情况下机动车不能占用应急车道行驶。所以本题选错误。《道路交通安全法实施条例》第八十二条：机动车在高速公路上行驶，不得有下列行为：非紧急情况时在应急车道行驶或者停车。
134,134,如图所示，未上坡的车辆遇到这种情况让对向下坡车先行。,1,2,1,1,"A:正确, B:错误",,,,,,,,https://wos.58cdn.com.cn/XyVuTsRqXyf/question/134-1693897156881.jpg,,图中下坡的车已经到了中途，可以先行。《道路交通安全法实施条例》第四十八条：在狭窄的坡路，上坡的一方先行；但下坡的一方已行至中途而上坡的一方未上坡时，下坡的一方先行。
135,135,夜间驾驶机动车在窄路、窄桥会车时正确的做法是使用远光灯。,1,2,2,2,"A:正确, B:错误",,,,,,,,,,夜间会车应使用近光灯，不要开远光灯，远光灯易干扰对向驾驶员视线。《道路交通安全法实施条例》第四十八条：在没有中心隔离设施或者没有中心线的道路上，夜间会车应当在距相对方向来车150米以外改用近光灯，在窄路、窄桥与非机动车会车时应当使用近光灯。
391,391,驾车在铁路道口看到图中信号灯时怎样行驶？,2,2,4,4,"A:边观察边缓慢通过, B:不换挡加速通过, C:在火车到来前通过, D:不得越过停止线",边观察边缓慢通过,不换挡加速通过,在火车到来前通过,不得越过停止线,,,,https://wos.58cdn.com.cn/XyVuTsRqXyf/question/391-1754389817173.jpg,,图中铁路道口红灯亮起，表示禁止通行，车辆不得越过停止线《道路交通安全法实施条例》第四十三条：道路与铁路平面交叉道口有两个红灯交替闪烁或者一个红灯亮时，表示禁止车辆、行人通行；红灯熄灭时，表示允许车辆、行人通行
647,647,路中心双黄实线是何含义？,2,2,2,2,"A:可跨越对向车道分界线, B:禁止跨越对向车行道分界线, C:双侧可跨越同向车道分界线, D:单向行驶车道分界线",可跨越对向车道分界线,禁止跨越对向车行道分界线,双侧可跨越同向车道分界线,单向行驶车道分界线,,,,https://wos.58cdn.com.cn/XyVuTsRqXyf/question/647-1693897832365.jpg,,双黄实线作为禁止跨越对向车行道分界线时，禁止双方向车辆越线或压线行驶。GB5768.3-2009《道路交通标志和标线第3部分：道路交通标线》5.2.2禁止跨越对向车行道分界线：双黄实线作为禁止跨越对向车行道分界线时，禁止双方向车辆越线或压线行驶。
7815,7815,交叉路口右转弯时，应提前开启右转向灯，不受信号灯和车速限制。,1,2,2,2,"A:正确, B:错误",,,,,,,,,,转弯时速不得超过30km/h；右侧人行横道上如果有行人通行时要礼让行人《道路交通安全法实施条例》第三十八条，红灯亮时，右转弯的车辆在不妨碍被放行的车辆、行人通行的情况下，可以通行
221319,221319,图中黄车进入减速车道时，以下灯光操作正确的是（）。,2,2,4,4,"A:开启远光灯, B:开启危险报警闪光灯, C:开启近光灯, D:开启右转向灯",开启远光灯,开启危险报警闪光灯,开启近光灯,开启右转向灯,,,,https://wos.58cdn.com.cn/XyVuTsRqXyf/question/221319-1755053600191.jpg,,图中黄车要进入减速车道，应开启右转向灯《道路交通安全法实施条例》第七十九条：机动车驶离高速公路时，应当开启右转向灯，驶入减速车道，降低车速后驶离
29319,29319,在高速公路上车辆发生故障需要停车时，以下做法正确的是什么？,2,2,4,4,"A:紧急制动后立即停车, B:开启左转向灯行驶至最左侧车道内缓慢停车, C:开启危险报警闪光灯后立即停车, D:开启右转向灯缓慢行驶至右侧应急车道停车",紧急制动后立即停车,开启左转向灯行驶至最左侧车道内缓慢停车,开启危险报警闪光灯后立即停车,开启右转向灯缓慢行驶至右侧应急车道停车,,,,,,高速公路上车辆发生故障需要停车，应开启右转向灯缓慢行驶至右侧应急车道停车在高速公路上紧急制动后立即停车是非常危险的，容易导致后方车辆追尾；开启左转向灯行驶至最左侧车道内缓慢停车的说法是错误的，高速最左侧车道是快速车道，不能停车；开启危险报警闪光灯后立即停车的说法也是错误的，行车道内禁止停车
136,136,如何通过这种交叉路口？,2,2,3,3,"A:鸣笛催促, B:保持速度通过, C:减速慢行, D:加速通过",鸣笛催促,保持速度通过,减速慢行,加速通过,,,,https://wos.58cdn.com.cn/XyVuTsRqXyf/question/136-1693897159294.jpg,,图中前方是交叉路口，且人流密集，要减速慢行。《道路交通安全法》第四十七条：机动车行经没有交通信号的道路时，遇行人横过道路，应当避让。
392,392,在铁路道口遇到两个红灯交替闪烁时要停车等待。,1,2,1,1,"A:正确, B:错误",,,,,,,,https://wos.58cdn.com.cn/XyVuTsRqXyf/question/392-1693897351407.jpg,,图中铁路道口两个红灯交替闪烁，表示禁止通行，车辆不得越过停止线。《道路交通安全法实施条例》第四十三条：道路与铁路平面交叉道口有两个红灯交替闪烁或者一个红灯亮时，表示禁止车辆、行人通行；红灯熄灭时，表示允许车辆、行人通行。
648,648,路中心黄色虚实线是何含义？,2,2,1,1,"A:实线一侧禁止越线, B:虚线一侧禁止越线, C:实线一侧允许越线, D:两侧均可越线行驶",实线一侧禁止越线,虚线一侧禁止越线,实线一侧允许越线,两侧均可越线行驶,,,,https://wos.58cdn.com.cn/XyVuTsRqXyf/question/648-1693897836291.jpg,,黄色虚实线禁止跨越对向车行道分界线表示实线一侧禁止车辆越线，虚线一侧准许车辆暂时越线或转弯。GB5768.3-2009《道路交通标志和标线第3部分：道路交通标线》5.2.3黄色虚实线禁止跨越对向车行道分界线：黄色虚实线作为禁止跨越对向车行道分界线时，实线一侧禁止车辆越线或压线行驶，虚线一侧准许车辆暂时越线或转弯。越线行驶的车辆应避让正常行驶的车辆。
33416,33416,车辆后备箱门未关好，不得上路行驶。,1,2,1,1,"A:正确, B:错误",,,,,,,,https://wos.58cdn.com.cn/XyVuTsRqXyf/question/33416-1724654965139.jpg,,后备箱门未关好，是不可以上路行驶的。所以本题选正确。上路行驶的机动车，每个车门都必须关好，后备箱也不例外，否则一旦有物品甩出，会影响其他车辆正常行驶。
137,137,如图所示，怎样通过这样的路口？,2,2,4,4,"A:不减速通过, B:加速尽快通过, C:空挡滑行通过, D:减速或停车观察",不减速通过,加速尽快通过,空挡滑行通过,减速或停车观察,,,,https://wos.58cdn.com.cn/XyVuTsRqXyf/question/137-1693897161818.jpg,,图中右侧标志，表示前方是无人看守的铁路道口，通过时要减速或停车观察，确认安全后通过《道路交通安全法》第四十六条：机动车通过铁路道口时，应当按照交通信号或者管理人员的指挥通行；没有交通信号或者管理人员的，应当减速或者停车，在确认安全后通过
393,393,在道路与铁路平面交叉道口遇到一个红灯亮起时要尽快通过道口。,1,2,2,2,"A:正确, B:错误",,,,,,,,https://wos.58cdn.com.cn/XyVuTsRqXyf/question/393-1693897353681.jpg,,图中铁路道口红灯亮起，表示禁止通行，车辆不得越过停止线。题中说尽快通过，所以选错误。《道路交通安全法实施条例》第四十三条：道路与铁路平面交叉道口有两个红灯交替闪烁或者一个红灯亮时，表示禁止车辆、行人通行；红灯熄灭时，表示允许车辆、行人通行。
649,649,路中心的黄色斜线填充是何含义？,2,2,3,3,"A:可跨越对向车道分界线, B:双侧可跨越同向车道分界线, C:禁止跨越对向车行道分界线, D:单向行驶车道分界线",可跨越对向车道分界线,双侧可跨越同向车道分界线,禁止跨越对向车行道分界线,单向行驶车道分界线,,,,https://wos.58cdn.com.cn/XyVuTsRqXyf/question/649-1693897838535.jpg,,图中黄色斜线填充双黄实线表示禁止跨越对向车行道分界线。实线表示不可跨越，斜线填充两侧的车道箭头分别指向相反的方向，表示为对向车道。GB5768.3-2009《道路交通标志和标线第3部分：道路交通标线》5.2禁止跨越对向车行道分界线：禁止跨越对向车行道分界线（也可称为禁止跨越道路中心线）有双黄实线、黄色虚实线和单黄实线三种类型，用于分隔对向行驶的交通流，并禁止双方向或一个方向车辆越线或压线行驶。一般设在道路中线上，但不限于一定设在道路的几何中心线上。
7817,7817,图中红圈内车辆变更车道的做法违法。,1,2,1,1,"A:正确, B:错误",,,,,,,,https://wos.58cdn.com.cn/XyVuTsRqXyf/question/7817-1693899923172.jpg,,图中红圈内车辆压白实线，不打转向灯强行变道，属于违法行为所以本题选择正确
186505,186505,图中A车不具备向左变更车道条件。,1,2,1,1,"A:正确, B:错误",正确,错误,,,,,,https://wos.58cdn.com.cn/XyVuTsRqXyf/question/186505-1760687152522.jpg,,图中A车与C车并行，不具备变更车道的条件，不可以向左变更车道所以本题选择正确《道路交通安全法实施条例》第四十四条：在道路同方向划有2条以上机动车道的，变更车道的机动车不得影响相关车道内行驶的机动车的正常行驶
138,138,如要左转弯应选择哪条车道？,2,2,1,1,"A:左侧车道, B:中间车道, C:右侧车道, D:任意车道",左侧车道,中间车道,右侧车道,任意车道,,,,https://wos.58cdn.com.cn/XyVuTsRqXyf/question/138-1755053680785.jpg,,左转要选择左转车道才可以左转，图中只有最左侧车道有左转标线《道路交通安全法实施条例》第五十一条：机动车在划有导向车道的路口，按所需行进方向驶入导向车道
650,650,路中心白色实线是何含义？,2,2,3,3,"A:禁止跨越对向车行道分界线, B:双侧可跨越同向车道分界线, C:禁止跨越同向车行道分界线, D:单侧可跨越同向车道分界线",禁止跨越对向车行道分界线,双侧可跨越同向车道分界线,禁止跨越同向车行道分界线,单侧可跨越同向车道分界线,,,,https://wos.58cdn.com.cn/XyVuTsRqXyf/question/650-1693897843071.jpg,,白色实线表示禁止跨越同向车行道分界线。实线不可跨越，两车道箭头指向同一方向，表示为同向车道。GB5768.3-2009《道路交通标志和标线第3部分：道路交通标线》5.3禁止跨越同向车行道分界线：用于禁止车辆跨越车行道分界线进行变换车道或借道超车。设于交通繁杂而同向有多条车行道的桥梁、隧道、弯道、坡道、车行道宽度渐变路段、交叉口驶入段、接近人行横道线的路段或其他认为需要禁止变换车道的路段。
7818,7818,如图所示，驾驶机动车遇到这种情况时，以下做法正确的是什么？,2,2,2,2,"A:应减速观察水情，然后加速行驶通过, B:应停车察明水情，确认安全后，低速通过, C:应停车察明水情，确认安全后，快速通过, D:可随意通行",应减速观察水情，然后加速行驶通过,应停车察明水情，确认安全后，低速通过,应停车察明水情，确认安全后，快速通过,可随意通行,,,,https://wos.58cdn.com.cn/XyVuTsRqXyf/question/7818-1693899925861.jpg,,机动车行经漫水桥路段时，应当停车察明水情，确认安全后，低速通过。《道路交通安全法实施条例》第六十四条：机动车行经漫水路或者漫水桥时，应当停车察明水情，确认安全后，低速通过。
395,395,这个标志是何含义？,2,2,3,3,"A:T型交叉路口, B:Y型交叉路口, C:十字交叉路口, D:环行交叉路口",T型交叉路口,Y型交叉路口,十字交叉路口,环行交叉路口,,,,https://wos.58cdn.com.cn/XyVuTsRqXyf/question/395-1693897357902.jpg,,黄色三角形里面有黑色的十字，表示前方是十字路口。十字交叉路口：除了基本形十字路口外，还有部分变异的十字路口，如：五路交叉路口、变形十字路口、变形五路交叉路口等。五路以上的路口均按十字路口对待。
651,651,路缘石上的黄色虚线是何含义？,2,2,3,3,"A:禁止临时停车, B:禁止上下人员, C:禁止长时停车, D:禁止装卸货物",禁止临时停车,禁止上下人员,禁止长时停车,禁止装卸货物,,,,https://wos.58cdn.com.cn/XyVuTsRqXyf/question/651-1693897845785.jpg,,图中黄色虚线为禁止长时停车线，本标线为黄色虚线，施划于道路缘石正面及顶面，表示禁止长时停车。实线为禁止停车，虚线为禁止长时停车。GB5768.3-2009《道路交通标志和标线第3部分：道路交通标线》5.4.1禁止长时停车线：用以禁止路边长时停、放车辆，但一般情况下允许装卸货物或上下人员等的临时停放。
7819,7819,驾驶机动车行经漫水路或者漫水桥时，应当停车察明水情，快速通过。,1,2,2,2,"A:正确, B:错误",,,,,,,,,,机动车行经漫水桥路段时，应当停车察明水情，确认安全后，低速通过，题中说快速通过，所以选错误。《道路交通安全法实施条例》第六十四条：机动车行经漫水路或者漫水桥时，应当停车察明水情，确认安全后，低速通过。
33419,33419,驾驶机动车上坡时，在将要到达坡道顶端时要鸣喇叭示意。,1,2,1,1,"A:正确, B:错误",正确,错误,,,,,,,,机动车将要到达坡道顶端时由于视线可能受阻，无法看清路况，此时鸣喇叭可以提醒其他车辆，预防事故发生。所以本题选正确。《道路交通安全法实施条例》第五十九条：机动车驶近急弯、坡道顶端等影响安全视距的路段以及超车或者遇有紧急情况时，应当减速慢行，并鸣喇叭示意。
140,140,以下做法正确的是（）。,2,2,3,3,"A:交替变换远近光灯提醒路口内车辆让行, B:从路口内车辆前迅速插入, C:让已在路口内的车辆先行, D:鸣喇叭直接进入路口",交替变换远近光灯提醒路口内车辆让行,从路口内车辆前迅速插入,让已在路口内的车辆先行,鸣喇叭直接进入路口,,,,https://wos.58cdn.com.cn/XyVuTsRqXyf/question/140-1757561473028.jpg,,图中蓝色标志提醒前方进入环岛，要让已在路口内的车辆先行《道路交通安全法实施条例》第五十一条：机动车准备进入环形路口的让已在路口内的机动车先行
396,396,这个标志是何含义？,2,2,1,1,"A:T型交叉路口, B:Y型交叉路口, C:十字交叉路口, D:环行交叉路口",T型交叉路口,Y型交叉路口,十字交叉路口,环行交叉路口,,,,https://wos.58cdn.com.cn/XyVuTsRqXyf/question/396-1693897360120.jpg,,黄色三角形里面有黑色T型，表示前方是T型交叉路口。T型交叉路口：丁字形标志原则上设在与交叉口形状相符的道路上。右侧丁字路口，此标志设在进入T字路口以前的适当位置。
652,652,路缘石上的黄色实线是何含义？,2,2,4,4,"A:仅允许上下人员, B:仅允许装卸货物, C:禁止长时间停车, D:禁止停放车辆",仅允许上下人员,仅允许装卸货物,禁止长时间停车,禁止停放车辆,,,,https://wos.58cdn.com.cn/XyVuTsRqXyf/question/652-1693897848009.jpg,,图中黄色实线为禁止停车线，本标线为黄色实线，施划于道路缘石正面及顶面所示为实线，表示禁止停放车辆。实线为禁止停车，虚线为禁止长时停车。GB5768.3-2009《道路交通标志和标线第3部分：道路交通标线》5.4.2禁止停车线：用以指示禁止路边停、放车辆。
221324,221324,为了车辆美观，可以在驾驶室的前后窗范围内悬挂和放置妨碍驾驶人视线的物品。,1,2,2,2,"A:正确, B:错误",正确,错误,,,,,,,,不得在机动车前后窗范围内悬挂物品，题中说可以悬挂是错误的《道路交通安全法实施条例》第六十二条：驾驶机动车不得有在机动车驾驶室的前后窗范围内悬挂、放置妨碍驾驶人视线的物品的行为
33420,33420,驾驶机动车驶出地下车库，遇车流量较大时，以下做法正确的是什么？,2,2,3,3,"A:鸣喇叭提醒其他车辆让行, B:在确认安全的情况下从车库入口驶出, C:依次排队等候通过, D:穿插车流尽快驶出",鸣喇叭提醒其他车辆让行,在确认安全的情况下从车库入口驶出,依次排队等候通过,穿插车流尽快驶出,,,,,,注意题中说的是驶出地下车时，遇车流较大，此时应依次排队等候通过。此时车流量较大就算鸣喇叭提醒其他车辆让行，也不一定起到有效作用。在确认安全的情况下从车库入口驶出，可能会加重拥堵，扰乱交通秩序。穿插车流的做法是非常危险。
141,141,在路口右转弯遇同车道前车等候放行信号时如何行驶？,2,2,4,4,"A:从前车左侧转弯, B:从右侧占道转弯, C:鸣喇叭让前车让路, D:依次停车等候",从前车左侧转弯,从右侧占道转弯,鸣喇叭让前车让路,依次停车等候,,,,,,同车道前车等候放行信号，我方车辆也应依次停车等候。鸣喇叭等行为是不文明的。《道路交通安全法实施条例》第五十一条：机动车通过有交通信号灯控制的交叉路口，向右转弯遇有同车道前车正在等候放行信号时，依次停车等候。
397,397,这个标志是何含义？,2,2,2,2,"A:向左急转弯, B:向右急转弯, C:向右绕行, D:连续弯路",向左急转弯,向右急转弯,向右绕行,连续弯路,,,,https://wos.58cdn.com.cn/XyVuTsRqXyf/question/397-1693897362179.jpg,,箭头向左是向左急转弯，箭头向右是向右急转弯。图中箭头向右，表示向右急转弯。向右急转弯：向右急弯路标志，设在右急转弯的道路前方适当位置。
653,653,图中圈内白色横实线是何含义？,2,2,1,1,"A:停止线, B:让行线, C:减速线, D:待转线",停止线,让行线,减速线,待转线,,,,https://wos.58cdn.com.cn/XyVuTsRqXyf/question/653-1693897850302.jpg,,图中红色圈内标线是停止线，表示车辆让行、等候放行等情况下的停车位置，停止线为白色实线。GB5768.3-2009《道路交通标志和标线第3部分：道路交通标线》5.5停止线：表示车辆让行、等候放行等情况下的停车位置。可施划于交叉路口、铁路平交道口、左弯待转区的前端、人行横道线前及其他需要车辆停止的位置。停止线为白色实线。双向行驶的路口，停止线应与对向车行道分界线连接；单向行驶的路口，其长度应横跨整个路面。
33421,33421,驾驶机动车从高速公路匝道进入加速车道应当如何正确使用灯光？,2,2,4,4,"A:开启右转向灯, B:不用开启转向灯, C:开启危险报警闪光灯, D:开启左转向灯",开启右转向灯,不用开启转向灯,开启危险报警闪光灯,开启左转向灯,,,,,,本题考点为灯光的使用相关内容。驾驶车辆从匝道驶入加速车道后，要开启左转向灯，尽快将车速提高到60公里每小时以上，从加速车道的车流状态，确认安全后平顺的进入行车道行驶。
142,142,如要右转弯应如何行驶？,2,2,1,1,"A:让对面车先左转弯, B:直接向右转弯, C:抢在对面车前右转弯, D:鸣喇叭催促",让对面车先左转弯,直接向右转弯,抢在对面车前右转弯,鸣喇叭催促,,,,https://wos.58cdn.com.cn/XyVuTsRqXyf/question/142-1757561488306.jpg,,右转让左转，左转让直行，转弯让直行图中对向车辆左转，我方应先让对面车左转弯《道路交通安全法实施条例》第五十一条：机动车通过有交通信号灯控制的交叉路口，相对方向行驶的右转弯机动车让左转弯车辆先行
398,398,这个标志是何含义？,2,2,1,1,"A:向左急弯路, B:向右急转弯, C:向左绕行, D:连续弯路",向左急弯路,向右急转弯,向左绕行,连续弯路,,,,https://wos.58cdn.com.cn/XyVuTsRqXyf/question/398-1693897364193.jpg,,箭头向左是向左急转弯，箭头向右是向右急转弯。图中箭头向左，表示向左急转弯。向左急转弯：向左急弯路标志设在左急转弯的道路前方适当位置。
654,654,路口最前端的双白实线是什么含义？,2,2,2,2,"A:等候放行线, B:停车让行线, C:减速让行线, D:左弯待转线",等候放行线,停车让行线,减速让行线,左弯待转线,,,,https://wos.58cdn.com.cn/XyVuTsRqXyf/question/654-1693897854167.jpg,,图中路口前端双白实线是停车让行线，用于没有交通信号灯的人行横道前，车辆需在此停车避让行人。GB5768.3-2009《道路交通标志和标线第3部分：道路交通标线》5.6.1停车让行线：停车让行线表示车辆在此路口应停车让干道车辆先行，设有“停车让行”标志的路口，除路面条件无法施划标线外均应设置停车让行标线。
221326,221326,超车时，前车未减速让行，应放弃超车。,1,2,1,1,"A:正确, B:错误",正确,错误,,,,,,,,本题考点为安全超车超车时，前车未减速让行，应放弃超车强行超；因为此时超车车很容易发生事故相撞因此出于安全考虑，应当放弃超车，另寻合适的时机超车
143,143,在路口直行时，遇这种情形如何通行？,2,2,2,2,"A:让左方道路车辆先行, B:让右方道路车辆先行, C:直接加速直行通过, D:开启危险报警闪光灯通行",让左方道路车辆先行,让右方道路车辆先行,直接加速直行通过,开启危险报警闪光灯通行,,,,https://wos.58cdn.com.cn/XyVuTsRqXyf/question/143-1693897173489.jpg,,图中两辆车均未开启转向灯，所以都是直行，且是没有交通信号灯的交叉路口，我方要让右方道路车辆先行。《道路交通安全法实施条例》规定：机动车通过没有交通信号灯控制也没有交通警察指挥的交叉路口，没有交通标志、标线控制的，在进入路口前停车瞭望，让右方道路的来车先行。
399,399,这是什么交通标志？,2,2,3,3,"A:易滑路段, B:急转弯路, C:反向弯路, D:连续弯路",易滑路段,急转弯路,反向弯路,连续弯路,,,,https://wos.58cdn.com.cn/XyVuTsRqXyf/question/399-1693897366161.jpg,,图中斜着的字母Z或者N，表示反向弯路。警告驾驶人减速慢行。
655,655,路口最前端的双白虚线是什么含义？,2,2,3,3,"A:等候放行线, B:停车让行线, C:减速让行线, D:左弯待转线",等候放行线,停车让行线,减速让行线,左弯待转线,,,,https://wos.58cdn.com.cn/XyVuTsRqXyf/question/655-1693897858793.jpg,,图中路口双白虚线是减速让行线，表示车辆在此路口应减速让干道车辆先行，减速让行线为两条平行的虚线和一个倒三角形，颜色为白色。GB5768.3-2009《道路交通标志和标线第3部分：道路交通标线》5.6.2减速让行线：减速让行线表示车辆在此路口应减速让干道车辆先行。设有“减速让行”标志的路口，除路面条件无法施划标线外均应设置减速让行标线。
221327,221327,看到前方机动车开启左转向灯时，意味着前车可能要向左转弯或向左变更车道。,1,2,1,1,"A:正确, B:错误",正确,错误,,,,,,,,本题考点为变更车道安全驾驶相关内容向哪侧变道就要提前开启哪边的转向灯《道路交通安全法实施条例》第五十七条：机动车向左转弯、向左变更车道、准备超车、驶离停车地点或者掉头时，应当提前开启左转向灯
144,144,遇这种情形应减速让行。,1,2,1,1,"A:正确, B:错误",,,,,,,,https://wos.58cdn.com.cn/XyVuTsRqXyf/question/144-1693897175962.jpg,,图中右侧是减速让行标志，表示该路口要减速让行《道路交通安全法实施条例》第五十二条：机动车通过没有交通信号灯控制也没有交通警察指挥的交叉路口，有交通标志、标线控制的，让优先通行的一方先行
400,400,这是什么交通标志？,2,2,4,4,"A:易滑路段, B:急转弯路, C:反向弯路, D:连续弯路",易滑路段,急转弯路,反向弯路,连续弯路,,,,https://wos.58cdn.com.cn/XyVuTsRqXyf/question/400-1693897368353.jpg,,连续转弯：用于警告车辆驾驶人减速慢行。其设置为连续弯路起点的外面，当连续弯路总长度大于500米时，应重复设置。
656,656,图中圈内三角填充区域是什么标线？,2,2,4,4,"A:网状线, B:停车线, C:减速线, D:导流线",网状线,停车线,减速线,导流线,,,,https://wos.58cdn.com.cn/XyVuTsRqXyf/question/656-1693897863376.jpg,,图中红色圈内标线是导流线，是根据路口地形设置的白色V形线或斜纹线区域，表示车辆必须按规定的路线行驶，不得压线或越线行驶。GB5768.3-2009《道路交通标志和标线第3部分：道路交通标线》5.8导流线：表示车辆需按规定的路线行驶，不得压线或越线行驶。
145,145,驾驶机动车通过没有交通信号的交叉路口怎样行驶？,2,2,1,1,"A:减速慢行, B:加速通过, C:大型车先行, D:左侧车辆先行",减速慢行,加速通过,大型车先行,左侧车辆先行,,,,,,没有交通信号的交叉路口，要减速慢行。同时还需观察周围情况，确认安全后通过。《道路交通安全法》第四十四条：机动车通过没有交通信号灯、交通标志、交通标线或者交通警察指挥的交叉路口时，应当减速慢行，并让行人和优先通行的车辆先行。
401,401,这个标志是何含义？,2,2,2,2,"A:堤坝路, B:上陡坡, C:连续上坡, D:下陡坡",堤坝路,上陡坡,连续上坡,下陡坡,,,,https://wos.58cdn.com.cn/XyVuTsRqXyf/question/401-1693897370193.jpg,,一个箭头向上是上陡坡，一个箭头向下是下陡坡。两个箭头向上是连续上坡，两个箭头向下是连续下坡。图中一个箭头向上，表示上陡坡，用以提醒车辆驾驶人小心驾驶。
657,657,这个路面标记是什么标线？,2,2,4,4,"A:禁驶区, B:网状线, C:导流线, D:中心圈",禁驶区,网状线,导流线,中心圈,,,,https://wos.58cdn.com.cn/XyVuTsRqXyf/question/657-1693897866461.jpg,,图中标线为中心圈，为白色填充菱形，四周围绕四个箭头，设置在交叉路口中心的白色圆形或菱形区域，用以区分车辆大、小转弯，及交叉路口车辆左右转弯的指示，车辆不得压线行驶。GB5768.3-2009《道路交通标志和标线第3部分：道路交通标线》5.9中心圈：可设在平面交叉路口的中心，用以区分车辆大、小转弯或作为交叉口车辆左右转弯的指示，车辆不得压线行驶。
221329,221329,在没有划分机动车道、非机动车道和人行道的道路行驶时，以下说法错误的是（）。,2,2,3,3,"A:非机动车在道路两侧通行, B:行人在道路两侧通行, C:机动车在道路左侧通行, D:机动车在道路中间通行",非机动车在道路两侧通行,行人在道路两侧通行,机动车在道路左侧通行,机动车在道路中间通行,,,,https://wos.58cdn.com.cn/XyVuTsRqXyf/question/221329-1755054509469.jpg,,图中是没有中心线的道路，应降低车速在道路中间通行，行人和非机动车应在道路两侧通行《道路交通安全法》第三十六条：没有划分机动车道、非机动车道和人行道的，机动车在道路中间通行，非机动车和行人在道路两侧通行
29329,29329,如图所示，驾驶机动车行驶至此路段时，可在路边临时停车。,1,2,2,2,"A:正确, B:错误",正确,错误,,,,,,https://wos.58cdn.com.cn/XyVuTsRqXyf/question/29329-1693901643935.jpg,,图中右侧是禁止车辆临时或长时停放标志，题中说可以临时停车，所以本题选错误。一道斜杠是禁止长时间停车标志。禁止车辆临时或长时停放标志，表示在限定的范围内，禁止一切车辆临时或长时停放。
146,146,驾驶机动车通过没有交通信号和管理人员的铁路道口怎样通过？,2,2,3,3,"A:适当减速通过, B:空挡滑行通过, C:停车确认安全后通过, D:加速尽快通过",适当减速通过,空挡滑行通过,停车确认安全后通过,加速尽快通过,,,,,,驾车通过没有交通信号和管理人员的铁路道口，要停车确认安全后通过，以免发生危险。《道路交通安全法》第四十六条：机动车通过铁路道口时，应当按照交通信号或者管理人员的指挥通行；没有交通信号或者管理人员的，应当减速或者停车，在确认安全后通过。
402,402,这个标志是何含义？,2,2,3,3,"A:堤坝路, B:上陡坡, C:下陡坡, D:连续上坡",堤坝路,上陡坡,下陡坡,连续上坡,,,,https://wos.58cdn.com.cn/XyVuTsRqXyf/question/402-1693897372196.jpg,,一个箭头向上是上陡坡，一个箭头向下是下陡坡。两个箭头向上是连续上坡，两个箭头向下是连续下坡。图中一个箭头向下，表示下陡坡，用以提醒车辆驾驶人小心驾驶。
221330,221330,驾车上坡将要到达坡顶时，不可鸣喇叭示意。,1,2,2,2,"A:正确, B:错误",正确,错误,,,,,,,,《道路交通安全法实施条例》第五十九条：机动车驶近急弯、坡道顶端等影响安全视距的路段以及超车或者遇有紧急情况时，应当减速慢行，并鸣喇叭示意
147,147,驾驶机动车通过交叉路口要遵守交通信号。,1,2,1,1,"A:正确, B:错误",,,,,,,,,,交通信号包括交通信号灯、交通标志、交通标线和交警指挥。通过交叉路口时要遵守交通信号。《道路交通安全法》第四十四条：机动车通过交叉路口，应当按照交通信号灯、交通标志、交通标线或者交通警察的指挥通过。
403,403,图中交通标志是指（）。,2,2,4,4,"A:连续上坡, B:上陡坡, C:下陡坡, D:连续下坡",连续上坡,上陡坡,下陡坡,连续下坡,,,,https://wos.58cdn.com.cn/XyVuTsRqXyf/question/403-1693897373357.jpg,,一个箭头向上是上陡坡，一个箭头向下是下陡坡两个箭头向上是连续上坡，两个箭头向下是连续下坡图中两个箭头向下，表示连续下坡用以提醒车辆驾驶人小心驾驶，当连续下坡总长大于3km后，应重复设置两个箭头向上是连续上坡，两个箭头向下是连续下坡
659,659,图中路口中央黄色路面标记是什么标线？,2,2,3,3,"A:中心圈, B:导流线, C:网状线, D:停车区",中心圈,导流线,网状线,停车区,,,,https://wos.58cdn.com.cn/XyVuTsRqXyf/question/659-1693897874047.jpg,,图中路口中央黄色路面标记是网状线，呈黄色网格状，表示禁止一切车辆长时或临时停车，防止交通阻塞。GB5768.3-2009《道路交通标志和标线第3部分：道路交通标线》5.10网状线：用以标示禁止以任何原因停车的区域，视需要划设于易发生临时停车造成堵塞的交叉路口、出入口及其他需要设置的位置。
148,148,驾驶机动车在没有交通信号的路口要尽快通过。,1,2,2,2,"A:正确, B:错误",,,,,,,,,,没有交通信号的路口，行人和车辆通行不可预测，应减速慢行。题中说尽快通过，所以选错。《道路交通安全法》第四十四条：通过没有交通信号灯、交通标志、交通标线或者交通警察指挥的交叉路口时，应当减速慢行，并让行人和优先通过的车辆先行。
404,404,这是什么交通标志？,2,2,1,1,"A:两侧变窄, B:右侧变窄, C:左侧变窄, D:桥面变窄",两侧变窄,右侧变窄,左侧变窄,桥面变窄,,,,https://wos.58cdn.com.cn/XyVuTsRqXyf/question/404-1693897375417.jpg,,图中标志上面窄，下面宽，两边同时变窄，表示两侧变窄。两侧变窄：用以警告车辆驾驶人注意前方车行道或路面狭窄情况，遇有来车应减速避让。设在窄路以前适当位置。上窄下宽，两边同时变窄表示两侧变窄。
660,660,图中圈内两条黄色虚线间的区域是何含义？,2,2,4,4,"A:大客车专用车道, B:营运客车专用车道, C:出租车专用车道, D:公交专用车道",大客车专用车道,营运客车专用车道,出租车专用车道,公交专用车道,,,,https://wos.58cdn.com.cn/XyVuTsRqXyf/question/660-1693897877199.jpg,,图中红色圈内标线是公交专用车道，由黄色虚线及白色文字“公交专用车道”组成，表示在规定时间内只准公交车行驶，其他车辆及行人不得进入该车道GB5768.3-2009《道路交通标志和标线第3部分：道路交通标线》5.11.1公交专用车道线：由黄色虚线及白色文字组成，表示除公交车外，其他车辆及行人不得进入该车道
29332,29332,如图所示，驾驶机动车在路口遇到这种信号灯可以怎样行驶？,2,2,4,4,"A:向左或向右转弯, B:直行或向左转弯, C:向左转弯, D:直行或向右转弯",向左或向右转弯,直行或向左转弯,向左转弯,直行或向右转弯,,,,https://wos.58cdn.com.cn/XyVuTsRqXyf/question/29332-1693901645971.jpg,,图中信号灯绿灯亮起，本车所在车道地面标记是直行和右转箭头，所以驾驶机动车遇到这种信号灯时可以直行或向右转弯。所以本题选直行或向右转弯。
405,405,这是什么交通标志？,2,2,2,2,"A:两侧变窄, B:右侧变窄, C:左侧变窄, D:桥面变窄",两侧变窄,右侧变窄,左侧变窄,桥面变窄,,,,https://wos.58cdn.com.cn/XyVuTsRqXyf/question/405-1693897377396.jpg,,右侧变窄：用以警告车辆驾驶人注意前方车行道或路面狭窄情况，遇有来车应予减速避让。设在双车道路面宽度缩减为6m以下的路段起点前方。
661,661,道路最左侧白色虚线区域是何含义？,2,2,1,1,"A:多乘员车辆专用车道, B:小型客车专用车道, C:未载客出租车专用车道, D:大型客车专用车道",多乘员车辆专用车道,小型客车专用车道,未载客出租车专用车道,大型客车专用车道,,,,https://wos.58cdn.com.cn/XyVuTsRqXyf/question/661-1693897881460.jpg,,图中红色圈内标线是多乘员车辆专用车道，由白色虚线和白色文字“多成员专用”组成，表示该车道为有多个乘车人的多乘员车辆专用的车道，未载乘客或乘员数未达规定的车辆不得入内GB5768.3-2009《道路交通标志和标线第3部分：道路交通标线》5.11.4多乘员车辆专用车道线：由白色虚线及白色文字组成，表示该车行道为有多个乘车人的多乘员车辆专用的车道，未载乘客或乘员数未达规定的车辆不得入内行驶白色虚线的线段长度和间隔均为400cm，线宽为20cm或25cm标写的文字为：多乘员专用
150,150,如图所示，行至这种情况的铁路道口要停车观察。,1,2,1,1,"A:正确, B:错误",,,,,,,,https://wos.58cdn.com.cn/XyVuTsRqXyf/question/150-1693897181062.jpg,,图中标志是无人看守的铁路道口，要停车观察确认安全后再通过。《道路交通安全法》第四十六条：机动车通过铁路道口时，应当按照交通信号或者管理人员的指挥通行；没有交通信号或者管理人员的，应当减速或者停车，在确认安全后通过。
406,406,这是什么交通标志？,2,2,3,3,"A:两侧变窄, B:右侧变窄, C:左侧变窄, D:桥面变窄",两侧变窄,右侧变窄,左侧变窄,桥面变窄,,,,https://wos.58cdn.com.cn/XyVuTsRqXyf/question/406-1693897379478.jpg,,左侧变窄：用以警告车辆驾驶人注意前方车行道或路面狭窄情况，遇有来车应予以减速避让。其设置在双车道路面宽度缩减为6米以下的路段起点前方。
662,662,路面上的黄色标记是何含义？,2,2,2,2,"A:禁止转弯, B:禁止掉头, C:允许掉头, D:禁止直行",禁止转弯,禁止掉头,允许掉头,禁止直行,,,,https://wos.58cdn.com.cn/XyVuTsRqXyf/question/662-1693897885422.jpg,,黄色标记为禁止掉头标记，由黄色掉头导向箭头和黄色叉形标记左右组合而成，黄色叉形标记位于左侧，表示本路口或区间禁止车辆掉头。GB5768.3-2009《道路交通标志和标线第3部分：道路交通标线》5.12禁止掉头（转弯）标记：用于禁止车辆掉头或转弯的路口或区间。禁止掉头（转弯）标记由黄色导向箭头和黄色叉形标记左右组合而成，黄色叉形标记位于左侧，如本车道为限时禁止掉头（转弯）车道，应在禁止掉头（转弯）标记下附加禁止掉头（转弯）时间段的黄色文字。
221334,221334,高速公路错过出口后，以下做法正确的是（）。,2,2,3,3,"A:立即掉头返回, B:立即倒车返回, C:在下一出口驶离, D:急刹车后停车",立即掉头返回,立即倒车返回,在下一出口驶离,急刹车后停车,,,,,,在高速公路行驶时，错过出口只能继续行驶，寻找下个出口，在下一出口驶离
151,151,在这种情况的交叉路口转弯要让直行车先行。,1,2,1,1,"A:正确, B:错误",,,,,,,,https://wos.58cdn.com.cn/XyVuTsRqXyf/question/151-1726738037533.jpg,,右转让左转，左转让直行，转弯让直行。图中对向车辆直行，我方车辆左转需让行。《道路交通安全法实施条例》第五十二条：机动车通过没有交通信号灯控制也没有交通警察指挥的交叉路口，转弯的机动车让直行的车辆先行。
407,407,这个标志是何含义？,2,2,4,4,"A:窄路, B:右侧变窄, C:左侧变窄, D:窄桥",窄路,右侧变窄,左侧变窄,窄桥,,,,https://wos.58cdn.com.cn/XyVuTsRqXyf/question/407-1693897381468.jpg,,窄桥：用以警告车辆驾驶人注意前方桥面宽度变窄，应谨慎驾驶。其设置在桥面净宽较两端路面宽度变窄，且桥的净宽小于6米的桥梁以前适当位置。
663,663,路面上的黄色标记是何含义？,2,2,3,3,"A:禁止左转, B:禁止掉头, C:禁止右转, D:禁止直行",禁止左转,禁止掉头,禁止右转,禁止直行,,,,https://wos.58cdn.com.cn/XyVuTsRqXyf/question/663-1693897887157.jpg,,黄色标记为禁止右转标记，由黄色右转导向箭头和黄色叉形标记左右组合而成，黄色叉形标记位于左侧，表示本路口或区间禁止车辆转弯。GB5768.3-2009《道路交通标志和标线第3部分：道路交通标线》5.12禁止掉头（转弯）标记：用于禁止车辆掉头或转弯的路口或区间。禁止掉头（转弯）标记由黄色导向箭头和黄色叉形标记左右组合而成，黄色叉形标记位于左侧，如本车道为限时禁止掉头（转弯）车道，应在禁止掉头（转弯）标记下附加禁止掉头（转弯）时间段的黄色文字。
221335,221335,在有交通信号灯控制的交叉路口左转弯时，以下做法错误的是（）。,2,2,2,2,"A:靠路口中心点左侧转弯, B:无需观察交通信号灯, C:开启左转向灯, D:夜间开启近光灯",靠路口中心点左侧转弯,无需观察交通信号灯,开启左转向灯,夜间开启近光灯,,,,,,驾驶人在交通信号灯控制的交叉路口左转弯时，要靠路口中心点左侧转弯，开启左转向灯，夜间还需开启近光灯题中问错误的，选无需观察交通信号灯
408,408,这个标志是何含义？,2,2,1,1,"A:双向交通, B:分离式道路, C:潮汐车道, D:减速让行",双向交通,分离式道路,潮汐车道,减速让行,,,,https://wos.58cdn.com.cn/XyVuTsRqXyf/question/408-1693897383636.jpg,,黄色三角形里面有双向箭头，表示双向交通。双向交通：用以提醒车辆驾驶人注意会车。设在由双向分离行驶，因某种原因出现临时性或永久性的不分离双向行驶的路段或由单向行驶进入双向行驶的路段以前适当位置。
664,664,路面上的白色标线是何含义？,2,2,1,1,"A:车行道横向减速标线, B:道路施工提示标线, C:车行道纵向减速标线, D:车道变少提示标线",车行道横向减速标线,道路施工提示标线,车行道纵向减速标线,车道变少提示标线,,,,https://wos.58cdn.com.cn/XyVuTsRqXyf/question/664-1693897889156.jpg,,图中红色圈内标线是车行道横向减速标线标线为垂直于中心线的白色标线，用在弯路、坡路、隧道洞口前、长下坡路段及其他需要减速的车道前或道路中间的机动车行车道内GB5768.3-2009《道路交通标志和标线第3部分：道路交通标线》6.5.3车行道横向减速标线为一组垂直于车道中心线的白色标线，线宽45cm，线与线间距45cm车行道横向减速标线的设置间隔应使车辆通过各标线间隔的时间大致相等，以利于行驶速度逐步降低
153,153,在交叉路口遇到这种情况享有优先通行权。,1,2,2,2,"A:正确, B:错误",,,,,,,,https://wos.58cdn.com.cn/XyVuTsRqXyf/question/153-1693897188831.jpg,,右转让左转，左转让直行，转弯让直行。图中对向车辆左转，我方车辆右转需让行。《道路交通安全法实施条例》第五十二条：机动车通过没有交通信号灯控制也没有交通警察指挥的交叉路口，相对方向行驶的右转弯的机动车让左转弯的车辆先行。
409,409,这个标志是何含义？,2,2,2,2,"A:人行横道, B:注意行人, C:注意儿童, D:学校区域",人行横道,注意行人,注意儿童,学校区域,,,,https://wos.58cdn.com.cn/XyVuTsRqXyf/question/409-1693897385553.jpg,,注意行人：用以警告车辆驾驶人减速慢行，注意行人。其设置在行人密集，或不易被驾驶人发现的人形横道线以前适当位置。
665,665,路面上的黄色标线是何含义？,2,2,2,2,"A:车行道变多标线, B:路面宽度渐变标线, C:接近障碍物标线, D:施工路段提示线",车行道变多标线,路面宽度渐变标线,接近障碍物标线,施工路段提示线,,,,https://wos.58cdn.com.cn/XyVuTsRqXyf/question/665-1693897891455.jpg,,图中红色圈内标线是路面宽度渐变标线。标线颜色为黄色，在路宽缩窄的一侧应划车行道边缘线，并应配合设置窄路标志，用以警告车辆驾驶人路宽和车道数变化，应谨慎行车，并禁止超车。GB5768.3-2009《道路交通标志和标线第3部分：道路交通标线》6.1路面（车行道）宽度渐变段标线：用以警告车辆驾驶人路宽或车道数变化，应谨慎行车，并禁止超车。标线颜色为黄色。
154,154,如图所示，遇有这种排队等候的情形怎么做？,2,2,1,1,"A:依次排队等候, B:从右侧借道超越, C:从左侧跨越实线超越, D:从两侧随意超越",依次排队等候,从右侧借道超越,从左侧跨越实线超越,从两侧随意超越,,,,https://wos.58cdn.com.cn/XyVuTsRqXyf/question/154-1693897191088.jpg,,图中是绿灯，但前方拥堵，且左侧是实线不可跨越，右侧是非机动车道不可占用，要依次排队等候。《道路交通安全法实施条例》第五十三条：机动车在遇有前方机动车停车排队等候或者缓慢行驶时，应当依次排队，不得从前方车辆两侧穿插或者超越行驶，不得在人行横道、网状线区域内停车等候。
410,410,这个标志是何含义？,2,2,3,3,"A:注意行人, B:人行横道, C:注意儿童, D:学校区域",注意行人,人行横道,注意儿童,学校区域,,,,https://wos.58cdn.com.cn/XyVuTsRqXyf/question/410-1693897387479.jpg,,图中三角形标志内有背书包的儿童在奔跑，表示注意儿童。注意儿童：用以警告车辆驾驶人减速慢行，注意儿童。设在小学、幼儿园、少年宫等儿童经常出入地点前适当位置。
666,666,路面上的黄色填充标线是何含义？,2,2,3,3,"A:接近移动障碍物标线, B:远离狭窄路面标线, C:接近障碍物标线, D:接近狭窄路面标线",接近移动障碍物标线,远离狭窄路面标线,接近障碍物标线,接近狭窄路面标线,,,,https://wos.58cdn.com.cn/XyVuTsRqXyf/question/666-1693897893531.jpg,,图中黄色填充斜线是接近障碍物标线，用以指示路面有固定性障碍物，警告车辆驾驶人谨慎行车，引导交通流顺畅驶离障碍物区域。GB5768.3-2009《道路交通标志和标线第3部分：道路交通标线》6.3接近障碍物标线：用以指示路面有固定性障碍物，警告车辆驾驶人谨慎行车，引导交通流顺畅驶离障碍物区域。接近障碍物标线的颜色，应根据障碍物所在的位置，与对向车行道分界线或同向车行道分界线的颜色一致。标线外廓为实线，内部以填充线填充，外廓实线宽度原则上与相接的对向车行道分界线或同向车行道分界线相同，填充线为倾斜的平行粗实线，线宽45cm，间隔100cm，倾斜角度为45°。
155,155,如图所示，驾车遇前方车辆停车排队等候或行驶缓慢时，以下做法正确的是（）。,2,2,4,4,"A:从两侧随意超越, B:从右侧借道超越, C:占对向车道超越, D:依次排队行驶",从两侧随意超越,从右侧借道超越,占对向车道超越,依次排队行驶,,,,https://wos.58cdn.com.cn/XyVuTsRqXyf/question/155-1693897193424.jpg,,图中前方道路拥堵，且左侧是实线不可跨越，右侧是非机动车道不可占用，要依次排队行驶《道路交通安全法实施条例》第五十三条：机动车在遇有前方机动车停车排队等候或者缓慢行驶时，应当依次排队，不得从前方车辆两侧穿插或者超越行驶，不得在人行横道、网状线区域内停车等候
411,411,这个标志是何含义？,2,2,4,4,"A:大型畜牧场, B:野生动物保护区, C:注意野生动物, D:注意牲畜",大型畜牧场,野生动物保护区,注意野生动物,注意牲畜,,,,https://wos.58cdn.com.cn/XyVuTsRqXyf/question/411-1693897389469.jpg,,牛表示注意牲畜，鹿表示注意野生动物。图中标志是牛，表示注意牲畜。注意牲畜：用以提醒车辆驾驶人注意慢行。其设置在经过放牧区、畜牧场等区域的公路上，经常有牲畜横穿、出入的地点前适当位置。
667,667,这种黄黑相间的倾斜线条是什么标记？,2,2,4,4,"A:减速标记, B:实体标记, C:突起标记, D:立面标记",减速标记,实体标记,突起标记,立面标记,,,,https://wos.58cdn.com.cn/XyVuTsRqXyf/question/667-1693897895332.jpg,,图中黄黑相间的倾斜线是立面标记，为了提醒驾驶人注意，在行车道或近旁有高出路面的构造物，以防止发生碰撞。GB5768.3-2009《道路交通标志和标线第3部分：道路交通标线》6.6立面标记：立面标记用以提醒驾驶人注意，在车行道或近旁有高出路面的构造物。可设在靠近道路净空范围的跨线桥、渡槽等的墩柱立面、隧道洞口侧墙端面及其他障碍物立面上，一般应涂至距路面2.5m以上的高度。
156,156,在路口遇到这种情形时怎样做？,2,2,2,2,"A:停在网状线区域内等待, B:停在路口以外等待, C:跟随前车通过路口, D:停在路口内等待",停在网状线区域内等待,停在路口以外等待,跟随前车通过路口,停在路口内等待,,,,https://wos.58cdn.com.cn/XyVuTsRqXyf/question/156-1693897195759.jpg,,图中是绿灯，但前方拥堵，路口有人行横道标线和禁止停车的网状线，所以应停在路口以外等待。《道路交通安全法实施条例》第五十三条：机动车遇有前方交叉路口交通阻塞时，应当依次停在路口以外等候，不得进入路口。
412,412,这个标志是何含义？,2,2,1,1,"A:注意野生动物, B:注意牲畜, C:动物公园, D:开放的牧区",注意野生动物,注意牲畜,动物公园,开放的牧区,,,,https://wos.58cdn.com.cn/XyVuTsRqXyf/question/412-1693897391328.jpg,,牛表示注意牲畜，鹿表示注意野生动物图中标志是鹿，表示注意野生动物注意野生动物：用以提醒车辆驾驶人注意慢行其设置在经过野生动物保护区的公路上，经常有野生动物横穿、出入的地点前适当位置
668,668,路面上的菱形块虚线是何含义？,2,2,1,1,"A:车行道纵向减速标线, B:道路施工提示标线, C:车行道横向减速标线, D:车道变少提示标线",车行道纵向减速标线,道路施工提示标线,车行道横向减速标线,车道变少提示标线,,,,https://wos.58cdn.com.cn/XyVuTsRqXyf/question/668-1693897897495.jpg,,图中红色圈内标线是车行道纵向减速标线，为一组平行于车行道分界线的菱形块虚线在车行道纵向减速标线的起始位置，设置30m的渐变段，菱形块虚线由窄变宽GB5768.3-2009《道路交通标志和标线第3部分：道路交通标线》6.5.3减速标线：用于警告车辆驾驶人前方应减速慢行车行道纵向减速标线为一组平行于车行道分界线的菱形块虚线在车行道纵向减速标线的起始位置，设置30m的渐变段，菱形块虚线由窄变宽
157,157,驾驶机动车在车道减少的路口，遇到前方车辆依次停车或缓慢行驶时怎么办？,2,2,3,3,"A:从前车右侧路肩进入路口, B:从有空隙一侧进入路口, C:每车道一辆依次交替驶入路口, D:向左变道穿插进入路口",从前车右侧路肩进入路口,从有空隙一侧进入路口,每车道一辆依次交替驶入路口,向左变道穿插进入路口,,,,,,在车道减少的路口，车辆合流的时候车辆流量会相对较大，行驶缓慢，应每车道一辆依次交替驶入路口。《道路交通安全法实施条例》第五十三条：机动车在车道减少的路口、路段，遇有前方机动车停车排队等候或者缓慢行驶的，应当每车道一辆依次交替驶入车道减少后的路口、路段。
413,413,这个标志是何含义？,2,2,2,2,"A:交叉路口, B:注意信号灯, C:注意行人, D:人行横道灯",交叉路口,注意信号灯,注意行人,人行横道灯,,,,https://wos.58cdn.com.cn/XyVuTsRqXyf/question/413-1693903621213.jpg,,注意信号灯：用以警告车辆驾驶人注意前方路段设有信号灯，应依信号灯指示行车。
669,669,这一组交通警察手势是什么信号？,2,2,2,2,"A:左转弯信号, B:停止信号, C:右转弯信号, D:靠边停车信号",左转弯信号,停止信号,右转弯信号,靠边停车信号,,,,https://wos.58cdn.com.cn/XyVuTsRqXyf/question/669-1693897900439.jpg,,该交警手势是停止信号。图中交警左臂举过头顶，右臂紧贴身体，表示交警面向方向车辆不允许通行。交警面朝哪个方向，哪个方向的车按信号行驶。左手高举过肩，举手朝向您，无其他动作时是停止信号。
158,158,驾驶机动车遇到前方车辆停车排队等候或缓慢行驶时怎么办？,2,2,4,4,"A:可借道超车, B:占用对面车道, C:穿插等候的车辆, D:依次行驶",可借道超车,占用对面车道,穿插等候的车辆,依次行驶,,,,,,当前方车辆缓慢行驶时，如果穿插、借道可能造成更严重的拥堵，所以要依次行驶。《道路交通安全法》第四十五条：机动车遇有前方车辆停车排队等候或者缓慢行驶时，不得借道超车或者占用对面车道，不得穿插等候的车辆。
414,414,这个标志是何含义？,2,2,3,3,"A:傍山险路, B:悬崖路段, C:注意落石, D:危险路段",傍山险路,悬崖路段,注意落石,危险路段,,,,https://wos.58cdn.com.cn/XyVuTsRqXyf/question/414-1693897399229.jpg,,图中标志有石头落下来，表示注意落石。注意落石：此标志设在左侧有落石危险的傍山路段之前适当位置。
670,670,这一组交通警察手势是什么信号？,2,2,1,1,"A:直行信号, B:转弯信号, C:停止信号, D:靠边停车信号",直行信号,转弯信号,停止信号,靠边停车信号,,,,https://wos.58cdn.com.cn/XyVuTsRqXyf/question/670-1693897903915.jpg,,该交警手势是直行信号。图中交警双臂平举，右臂在胸前向左臂方向摆动，表示交警面向方向车辆可以直行。交警面朝哪个方向，哪个方向的车按信号行驶。
159,159,遇前方交叉路口交通拥堵时，以下做法正确的是（）。,2,2,1,1,"A:依次停在路口外等候, B:从前方车辆两侧穿插, C:从前方车辆两侧超越, D:在人行横道、网状线区域内停车等候",依次停在路口外等候,从前方车辆两侧穿插,从前方车辆两侧超越,在人行横道、网状线区域内停车等候,,,,,,当前方交叉路口交通阻塞时，如果穿插、借道可能造成更严重的拥堵，应依次停在路口外等候《道路交通安全法实施条例》第五十三条：机动车遇有前方交叉路口交通阻塞时，应当依次停在路口外等候，不得进入路口
415,415,这个标志是何含义？,2,2,1,1,"A:注意横风, B:风向标, C:隧道入口, D:气象台",注意横风,风向标,隧道入口,气象台,,,,https://wos.58cdn.com.cn/XyVuTsRqXyf/question/415-1693897401339.jpg,,图中标志杆子上的飘带被吹起，表示注意横风。注意横风：此标志设在经常有很强的侧风并有必要引起注意的路段前适当位置。
671,671,这一组交通警察手势是什么信号？,2,2,3,3,"A:靠边停车信号, B:左转弯待转信号, C:左转弯信号, D:右转弯信号",靠边停车信号,左转弯待转信号,左转弯信号,右转弯信号,,,,https://wos.58cdn.com.cn/XyVuTsRqXyf/question/671-1693897907250.jpg,,该交警手势是左转弯信号。图中交警右臂向前伸直，掌心向前；左臂在腰间平直向前摆动，掌心向右（交警右手的方向），表示交警面向方向的车辆可以左转弯。交警面朝哪个方向，哪个方向的车按信号行驶。右臂平伸向左拐弯，左臂平伸向右拐弯。
160,160,驾驶机动车在没有交通信号的路口遇到前方车辆缓慢行驶时要依次交替通行。,1,2,1,1,"A:正确, B:错误",,,,,,,,,,没有交通信号的路口遇到前方车辆缓慢行驶时，代表前方已经拥堵了，需要依次交替通行。《道路交通安全法》规定：在车道减少的路段、路口，或者在没有交通信号灯、交通标志、交通标线或者交通警察指挥的交叉路口遇到停车排队等候或者缓慢行驶时，机动车应当依次交替通行。
416,416,这个标志是何含义？,2,2,2,2,"A:急转弯路, B:易滑路段, C:试车路段, D:曲线路段",急转弯路,易滑路段,试车路段,曲线路段,,,,https://wos.58cdn.com.cn/XyVuTsRqXyf/question/416-1693897403454.jpg,,图中标志有车轮打滑的痕迹，表示易滑路段。易滑路段：此标志设在路面的摩擦系数不能满足相应行驶速度下要求紧急刹车距离的路段前适当位置。行驶至此路段必须减速慢行。
672,672,这一组交通警察手势是什么信号？,2,2,4,4,"A:靠边停车信号, B:左转弯待转信号, C:减速慢行信号, D:左转弯信号",靠边停车信号,左转弯待转信号,减速慢行信号,左转弯信号,,,,https://wos.58cdn.com.cn/XyVuTsRqXyf/question/672-1693897911112.jpg,,该交警手势是左转弯信号。图中交警右臂向前伸直，掌心向前；左臂在腰间平直向前摆动，掌心向右（交警右手的方向），表示交警面向方向的车辆可以左转弯。交警面朝哪个方向，哪个方向的车按信号行驶。右臂平伸向左拐弯，左臂平伸向右拐弯。
161,161,驾车遇到图中情形要加速从左侧灰色车辆前变更车道。,1,2,2,2,"A:正确, B:错误",,,,,,,,https://wos.58cdn.com.cn/XyVuTsRqXyf/question/161-1755682858873.jpg,,图中前方车道减少，应先减速等灰色车辆通过后，确认安全再向左变道《道路交通安全法》第四十五条：在车道减少的路段、路口，或者在没有交通信号灯、交通标志、交通标线或者交通警察指挥的交叉路口遇到停车排队等候或者缓慢行驶时，机动车应当依次交替通行
417,417,这个标志是何含义？,2,2,3,3,"A:临崖路, B:堤坝路, C:傍山险路, D:落石路",临崖路,堤坝路,傍山险路,落石路,,,,https://wos.58cdn.com.cn/XyVuTsRqXyf/question/417-1693897405358.jpg,,傍山险路：用以提醒车辆驾驶人小心驾驶。设在傍山险路路段以前适当位置。
673,673,这一组交通警察手势是什么信号？,2,2,1,1,"A:左转弯待转信号, B:左转弯信号, C:减速慢行信号, D:右转弯信号",左转弯待转信号,左转弯信号,减速慢行信号,右转弯信号,,,,https://wos.58cdn.com.cn/XyVuTsRqXyf/question/673-1693897914754.jpg,,该交警手势是左转弯待转信号。图中交警左臂平直向左下方（交警左手的方向）伸出，掌心向下，并上下小幅度摆动；右臂紧贴身体，表示交警面向方向的左转弯车辆进入路口，等待左转弯信号。交警面朝哪个方向，哪个方向的车按信号行驶。
162,162,在交叉路口遇到这种情况时，要在红灯亮以前加速通过路口。,1,2,2,2,"A:正确, B:错误",,,,,,,,https://wos.58cdn.com.cn/XyVuTsRqXyf/question/162-1693897202388.jpg,,图中黄灯亮起，机动车车身未越过停止线，应停车等待，不得加速通过路口。《道路交通安全法实施条例》：黄灯亮时，已越过停止线的车辆可以继续通行。
418,418,这个标志是何含义？,2,2,1,1,"A:堤坝路, B:临崖路, C:易滑路, D:傍水路",堤坝路,临崖路,易滑路,傍水路,,,,https://wos.58cdn.com.cn/XyVuTsRqXyf/question/418-1693897407421.jpg,,图中标志左边是堤坝，右边是水，表示堤坝路。堤坝路：用以提醒车辆驾驶人小心驾驶。设在沿水库、湖泊、河流等堤坝道路以前适当位置。
674,674,这一组交通警察手势是什么信号？,2,2,4,4,"A:靠边停车信号, B:减速慢行信号, C:停止信号, D:右转弯信号",靠边停车信号,减速慢行信号,停止信号,右转弯信号,,,,https://wos.58cdn.com.cn/XyVuTsRqXyf/question/674-1693897918187.jpg,,该交警手势是右转弯信号。图中交警左臂向前伸直，掌心向前；右臂在腰间平直向前摆动，掌心向左（交警左手的方向），表示交警面向方向的车辆可以右转弯。交警面朝哪个方向，哪个方向的车按信号行驶。右臂平伸向左拐弯，左臂平伸向右拐弯。
163,163,遇到这种情况的路段，可以进入网状线区域内停车等候。,1,2,2,2,"A:正确, B:错误",,,,,,,,https://wos.58cdn.com.cn/XyVuTsRqXyf/question/163-1693897204631.jpg,,图中是绿灯，但是前方拥堵，且网状线区域禁止停车，应该在路口外等待。《道路交通安全法实施条例》第五十三条：机动车在遇有前方机动车停车排队等候或者缓慢行驶时，应当依次排队，不得从前方车辆两侧穿插或者超越行驶，不得在人行横道、网状线区域内停车等候。
419,419,这个标志是何含义？,2,2,3,3,"A:注意行人, B:有人行横道, C:村庄或集镇, D:有小学校",注意行人,有人行横道,村庄或集镇,有小学校,,,,https://wos.58cdn.com.cn/XyVuTsRqXyf/question/419-1693897409429.jpg,,图中标志房屋前有一颗树，表示村庄或集镇。村庄：用以提醒车辆驾驶人小心驾驶。设在紧靠村庄、集镇且视线不良的路段以前适当位置。
675,675,这一组交通警察手势是什么信号？,2,2,1,1,"A:右转弯信号, B:减速慢行信号, C:左转弯待转信号, D:靠边停车信号",右转弯信号,减速慢行信号,左转弯待转信号,靠边停车信号,,,,https://wos.58cdn.com.cn/XyVuTsRqXyf/question/675-1693897921745.jpg,,该交警手势是右转弯信号。图中交警左臂向前伸直，掌心向前；右臂平直向前摆动，掌心向左（交警左手的方向），表示交警面向方向的车辆可以右转弯。右臂平伸向左拐弯，左臂平伸向右拐弯。
164,164,这辆小轿车不能在这个位置停车。,1,2,1,1,"A:正确, B:错误",,,,,,,,https://wos.58cdn.com.cn/XyVuTsRqXyf/question/164-1693897206742.jpg,,图中绿色车停车的位置是人行横道，会阻碍行人通行，因此不能停车。《道路交通安全法实施条例》第六十三条：在设有禁停标志、标线的路段，在机动车道与非机动车道、人行道之间设有隔离设施的路段以及人行横道、施工地段，不得停车。
420,420,这个标志是何含义？,2,2,4,4,"A:涵洞, B:水渠, C:桥梁, D:隧道",涵洞,水渠,桥梁,隧道,,,,https://wos.58cdn.com.cn/XyVuTsRqXyf/question/420-1693897411408.jpg,,隧道：用以提醒车辆驾驶人注意慢行。设在双向行驶并且照明不好的隧道口前适当位置。
676,676,这一组交通警察手势是什么信号？,2,2,3,3,"A:右转弯信号, B:减速慢行信号, C:变道信号, D:靠边停车信号",右转弯信号,减速慢行信号,变道信号,靠边停车信号,,,,https://wos.58cdn.com.cn/XyVuTsRqXyf/question/676-1693897925743.jpg,,该交警手势是变道信号。图中交警的右臂向前伸直，掌心向左（交警左手的方向），随后平直向左摆动，表示交警面向方向的车辆应改变车道行驶。交警面朝哪个方向，哪个方向的车按信号行驶。
165,165,驾驶机动车遇到这种桥时首先怎样办？,2,2,4,4,"A:保持匀速通过, B:尽快加速通过, C:低速缓慢通过, D:停车察明水情",保持匀速通过,尽快加速通过,低速缓慢通过,停车察明水情,,,,https://wos.58cdn.com.cn/XyVuTsRqXyf/question/165-1693897208922.jpg,,图中右侧标志是过水路面，要先停车察明水情，确保安全后再低速通过。《道路交通安全法实施条例》第六十四条：机动车行经漫水路或者漫水桥时，应当停车察明水情，确认安全后，低速通过。
421,421,这个标志是何含义？,2,2,3,3,"A:过水路面, B:漫水桥, C:渡口, D:船用码头",过水路面,漫水桥,渡口,船用码头,,,,https://wos.58cdn.com.cn/XyVuTsRqXyf/question/421-1693897413276.jpg,,渡口：用以提醒车辆驾驶人谨慎驾驶。看图中车辆下面很像一条船的形状，设在车辆渡口以前适当位置。
677,677,这一组交通警察手势是什么信号？,2,2,2,2,"A:靠边停车信号, B:减速慢行信号, C:变道信号, D:右转弯信号",靠边停车信号,减速慢行信号,变道信号,右转弯信号,,,,https://wos.58cdn.com.cn/XyVuTsRqXyf/question/677-1693897929542.jpg,,该交警手势是减速慢行信号图中交警的右臂平伸，掌心向下；随后右臂向下摆动，左臂始终保持紧贴身体表示交警面向方向的车辆应减速慢行交警面朝哪个方向，哪个方向的车按信号行驶
13477,13477,假如您在高速公路上不小心错过了准备驶出的路口，正确的操作应该是？,2,2,2,2,"A:紧急刹车，倒车至想要驶出的路口, B:继续前行，到下一路口驶离高速公路掉头, C:在应急停车道上停车，等待车辆较少的时候再伺机倒车, D:借用应急车道进行掉头，逆向行驶",紧急刹车，倒车至想要驶出的路口,继续前行，到下一路口驶离高速公路掉头,在应急停车道上停车，等待车辆较少的时候再伺机倒车,借用应急车道进行掉头，逆向行驶,,,,,,高速公路上错过出口只能继续前行，到下一路口驶离高速公路掉头，不得倒车。《道路交通安全法实施条例》第八十二条：机动车在高速公路上行驶，不得倒车、逆行、穿越中央分隔带掉头或者在车道内停车。
166,166,驾驶机动车通过漫水路时要加速行驶。,1,2,2,2,"A:正确, B:错误",,,,,,,,,,通过漫水路时，不知水深浅，加速通过车辆可能会进水，易发生危险。所以要先停车观察水情，确认安全后再低速通过。《道路交通安全法实施条例》第六十四条：机动车行经漫水路或者漫水桥时，应当停车察明水情，确认安全后，低速通过。
422,422,这个标志是何含义？,2,2,2,2,"A:不平路面, B:驼峰桥, C:路面高突, D:路面低洼",不平路面,驼峰桥,路面高突,路面低洼,,,,https://wos.58cdn.com.cn/XyVuTsRqXyf/question/422-1693897415249.jpg,,驼峰桥：一个坡是高突，一个坑是低洼，一个凸中间有空间是驼峰桥，两个凸肯定是不平。
13478,13478,下列高速公路交通标志与其含义对应正确的一项是？,2,2,1,1,"A:如图中A所示, B:如图中B所示, C:如图中C所示, D:如图中D所示",如图中A所示,如图中B所示,如图中C所示,如图中D所示,,,,https://wos.58cdn.com.cn/XyVuTsRqXyf/question/13478-1733211325252.jpg,,图A是高速公路终点预告；图B是高速公路服务区预告，不是停车场；图C是高速公路紧急停车带，不是高速公路避险处预告；图D是紧急电话标志，不是公用电话只有图A标志与含义对应正确
167,167,驾驶机动车遇到漫水桥时要察明水情确认安全后再低速通过。,1,2,1,1,"A:正确, B:错误",,,,,,,,,,通过漫水桥时，不知水深浅，要察明水情确认安全后再低速通过。《道路交通安全法实施条例》第六十四条：机动车行经漫水路或者漫水桥时，应当停车察明水情，确认安全后，低速通过。
423,423,这个标志是何含义？,2,2,3,3,"A:路面低洼, B:驼峰桥, C:路面不平, D:路面高突",路面低洼,驼峰桥,路面不平,路面高突,,,,https://wos.58cdn.com.cn/XyVuTsRqXyf/question/423-1693897417227.jpg,,路面不平：一个坡是高突，一个坑是低洼，一个凸中间有空间是驼峰桥，两个凸肯定是不平。
13479,13479,驾驶车辆进入高速公路加速车道后，须尽快将车速提高到每小时60公里以上的原因是什么？,2,2,3,3,"A:以防被其他车辆超过, B:以防后方车辆发生追尾事故, C:以防汇入车流时影响主线车道上行驶的车辆, D:以防违反最低限速要求受到处罚",以防被其他车辆超过,以防后方车辆发生追尾事故,以防汇入车流时影响主线车道上行驶的车辆,以防违反最低限速要求受到处罚,,,,,,车辆驶入高速公路加速车道后，应尽快将车速提高到每小时60公里以上。在高速公路上车辆行驶速度较快，如果车速过低，会影响其他车辆正常行驶。所以本题选以防汇入车流时影响主线车道上行驶的车辆。《道路交通安全法实施条例》第七十八条：高速公路最低车速不得低于每小时60公里。所以车辆进入加速车道后，应尽快提高车速至每小时60公里以上。
33703,33703,机动车在高速公路上发生故障时，为确保安全，车上人员应当坐在车内等待救援。,1,2,2,2,"A:正确, B:错误",,,,,,,,,,机动车在高速公路上发生故障，首先应该开启危险报警闪光灯；将警告标志放置在车后150米以外；车上人员迅速转移到右侧路肩或应急车道内迅速报警题中说在车内等待，所以本题选错误《道路交通安全法》第六十八条：机动车在高速公路上发生故障时，应当依照本法第五十二条的有关规定办理；但是，警告标志应当设置在故障车来车方向一百五十米以外，车上人员应当迅速转移到右侧路肩上或者应急车道内，并且迅速报警
33959,33959,从高速公路进入减速车道后，应通过观察与前后车的距离来控制车速，不能单纯凭感觉。,1,2,1,1,"A:正确, B:错误",,,,,,,,,,本题考点为行车速度的确认机动车从高速公路驶入减速车道后，要通过观察车速表来判断车速，观察与前后车的距离来控制车速，不能单凭感觉所以本题选正确因为驾驶人长期在高速行驶对速度的感知能力会下降，可能误判车速造成事故
168,168,遇到这种情形时，应怎么办？,2,2,2,2,"A:从行人前方绕行, B:停车让行人先行, C:鸣喇叭提醒行人, D:从行人后方绕行",从行人前方绕行,停车让行人先行,鸣喇叭提醒行人,从行人后方绕行,,,,https://wos.58cdn.com.cn/XyVuTsRqXyf/question/168-1693897211216.jpg,,图中人行横道有行人通过，要停车让行人先行。《道路交通安全法》第四十七条：机动车行经人行横道时，应当减速行驶；遇行人正在通过人行横道，应当停车让行。
424,424,这个标志是何含义？,2,2,4,4,"A:路面低洼, B:驼峰桥, C:路面不平, D:减速丘",路面低洼,驼峰桥,路面不平,减速丘,,,,https://wos.58cdn.com.cn/XyVuTsRqXyf/question/424-1693897419217.jpg,,减速丘：一个坡是减速丘，一个坑是低洼，一个凸中间有空间是驼峰桥，两个凸肯定是不平。
13480,13480,如图所示，在高速公路上开车遇到图中所示情况时，以下操作不正确的是什么？,2,2,4,4,"A:应该打开雾灯、近光灯、示廓灯、前后位灯、危险报警灯光, B:能见度低，应该与同车道前车间距保持一定距离, C:减低车速，防止紧急情况下无法及时制动, D:继续维持高速行驶，防止后面车辆堵塞",应该打开雾灯、近光灯、示廓灯、前后位灯、危险报警灯光,能见度低，应该与同车道前车间距保持一定距离,减低车速，防止紧急情况下无法及时制动,继续维持高速行驶，防止后面车辆堵塞,,,,https://wos.58cdn.com.cn/XyVuTsRqXyf/question/13480-1715072814341.jpg,,图中机动车在高速公路雾天行驶，雾天的能见度很低，应该打开雾灯、近光灯、示廓灯、前后位灯、危险报警灯光；与同车道前车间距保持一定距离；减低车速，防止紧急情况下无法及时制动如果继续维持高速行驶容易发生追尾事故题中说不正确的，所以选继续维持高速行驶，防止后面车辆堵塞
213160,213160,雾天驾驶时开启远光灯和危险报警闪光灯。,1,2,2,2,"A:正确, B:错误",正确,错误,,,,,,https://wos.58cdn.com.cn/XyVuTsRqXyf/question/213160-1748345966831.jpg,,雾天应开启雾灯和危险报警闪光灯雾天光线传播的距离很短，开远光并不会提高能见度《道路交通安全法实施条例》第五十八条：机动车雾天行驶应当开启雾灯和危险报警闪光灯
29352,29352,如图所示，在这个路段可以掉头。,1,2,2,2,"A:正确, B:错误",正确,错误,,,,,,https://wos.58cdn.com.cn/XyVuTsRqXyf/question/29352-1693901648258.jpg,,根据右侧标志可知该路段是铁路道口，不允许掉头。题中说可以掉头，所以本题选错误。《道路交通安全法实施条例》规定：机动车在有禁止掉头或者禁止左转弯标志、标线的地点以及在铁路道口、人行横道、桥梁、急弯、陡坡、隧道或者容易发生危险的路段，不得掉头。
33960,33960,正在变更车道的A车，涉及什么违法行为？,2,2,2,2,"A:未按规定车道行驶, B:压实线变更车道, C:未按规定开启转向灯, D:该车没有违法行为",未按规定车道行驶,压实线变更车道,未按规定开启转向灯,该车没有违法行为,,,,https://wos.58cdn.com.cn/XyVuTsRqXyf/question/33960-1693902000372.jpg,,变更车道时只能在虚线区域变更，图中A车变更车道的位置是实线区域，不得变更车道本题问的是描述正确的选项是哪个，从图中可看到A车正在压实线变更车道，所以本题选择压实线变更车道
425,425,这个标志是何含义？,2,2,4,4,"A:路面高突, B:有驼峰桥, C:路面不平, D:路面低洼",路面高突,有驼峰桥,路面不平,路面低洼,,,,https://wos.58cdn.com.cn/XyVuTsRqXyf/question/425-1693897421065.jpg,,路面低洼一个坡是高突，一个坑是低洼，一个凸中间有空间是驼峰桥，两个凸肯定是不平。
13481,13481,雪天在高速公路上驾驶时，关于安全车距错误的说法是什么？,2,2,3,3,"A:雪天路滑，制动距离比干燥柏油路更长, B:雪天能见度低，应该根据能见度控制安全距离, C:能见度小于200m时，与前车至少保持50m的安全距离, D:能见度小于50m时，应该驶离高速公路",雪天路滑，制动距离比干燥柏油路更长,雪天能见度低，应该根据能见度控制安全距离,能见度小于200m时，与前车至少保持50m的安全距离,能见度小于50m时，应该驶离高速公路,,,,,,在高速公路上遇雾天，能见度小于200米时，车速不得超过60km/h，与同车道前车保持100米以上的距离。题中说错误的，选能见度小于200m时，与前车至少保持50m的安全距离。《道路交通安全法实施条例》第八十一条：机动车在高速公路上行驶，遇有雾、雨、雪、沙尘、冰雹等低能见度气象条件时，应当遵守下列规定：能见度小于200米时，开启雾灯、近光灯、示廓灯和前后位灯，车速不得超过每小时60公里，与同车道前车保持100米以上的距离。
170,170,遇到这种情形时要停车避让行人。,1,2,1,1,"A:正确, B:错误",,,,,,,,https://wos.58cdn.com.cn/XyVuTsRqXyf/question/170-1693897215853.jpg,,图中有行人横过道路，机动车要停车避让。《道路交通安全法》第四十七条：机动车行经没有交通信号的道路时，遇行人横过道路，应当避让。
426,426,这个标志是何含义？,2,2,1,1,"A:过水路面, B:渡口, C:泥泞道路, D:低洼路面",过水路面,渡口,泥泞道路,低洼路面,,,,https://wos.58cdn.com.cn/XyVuTsRqXyf/question/426-1693897423044.jpg,,图中标志有车辆开过溅起水花，是过水路面标志。过水路面：通过平时无水或流水很少的宽浅河流，而修筑的在洪水期间容许水流浸过的路面。
13482,13482,高速公路上同时有最高和最低速度限制，因为过快或者过慢都容易追尾。,1,2,1,1,"A:正确, B:错误",,,,,,,,,,高速公路上行驶，要控制好车速，过快或过慢的车速都易导致追尾。所以本题选正确。设置最高和最低速度限制，就是为了让车辆在相对安全和稳定的速度范围内行驶，减少追尾等事故的发生概率。
26538,26538,驾驶机动车在高速公路上行驶，遇有能见度小于200米的恶劣气象条件时，车速不得超过每小时多少公里？,2,2,4,4,"A:40, B:50, C:30, D:60",40,50,30,60,,,,,,在高速公路上遇雾天，能见度小于200米时，车速不得超过60km/h，与同车道前车保持100米以上的距离。所以本题选60。《道路交通安全法实施条例》第八十一条：机动车在高速公路上行驶，遇有雾、雨、雪、沙尘、冰雹等低能见度气象条件时，应当遵守下列规定：能见度小于200米时，开启雾灯、近光灯、示廓灯和前后位灯，车速不得超过每小时60公里，与同车道前车保持100米以上的距离。
171,171,驾车在图中路口何处掉头？,2,2,4,4,"A:在人行横道处掉头, B:进入路口后掉头, C:从右侧车道掉头, D:在中心线虚线处掉头",在人行横道处掉头,进入路口后掉头,从右侧车道掉头,在中心线虚线处掉头,,,,https://wos.58cdn.com.cn/XyVuTsRqXyf/question/171-1693897218497.jpg,,图中是绿灯，且无禁止掉头标志，在不影响过往车辆的情况下可以从中心线虚线处掉头在进入路口后、右侧车道以及人行横道、实线处都不能掉头
427,427,这个标志是何含义？,2,2,2,2,"A:无人看守铁路道口, B:有人看守铁路道口, C:多股铁路与道路相交, D:立交式的铁路道口",无人看守铁路道口,有人看守铁路道口,多股铁路与道路相交,立交式的铁路道口,,,,https://wos.58cdn.com.cn/XyVuTsRqXyf/question/427-1693897424932.jpg,,栅栏表示有人看守的铁路道口，火车头表示无人看守的铁路道口。图中标志中是栅栏，代表有人看守的铁路道口。有人看守铁路道口：用以警告车辆驾驶人注意慢行或及时停车，设在车辆驾驶人不易发现的铁路道口以前适当位置。
172,172,在图中场景中，以下做法正确的是（）。,2,2,2,2,"A:沿左侧车道掉头, B:该路口不能掉头, C:选择中间车道掉头, D:在路口内掉头",沿左侧车道掉头,该路口不能掉头,选择中间车道掉头,在路口内掉头,,,,https://wos.58cdn.com.cn/XyVuTsRqXyf/question/172-1757561416500.jpg,,图中左侧标志是禁止掉头标志，表示该路口禁止掉头《道路交通安全法》第四十九条：机动车在有禁止掉头或者禁止左转弯标志、标线的地点以及在铁路道口、人行横道、桥梁、急弯、陡坡、隧道或者容易发生危险的路段，不得掉头
428,428,这个标志是何含义？,2,2,3,3,"A:多股铁路与道路相交, B:有人看守铁路道口, C:无人看守铁路道口, D:注意长时鸣喇叭",多股铁路与道路相交,有人看守铁路道口,无人看守铁路道口,注意长时鸣喇叭,,,,https://wos.58cdn.com.cn/XyVuTsRqXyf/question/428-1693897426752.jpg,,栅栏表示有人看守的铁路道口，火车头表示无人看守的铁路道口。图中标志中是火车头，代表无人看守铁路道口。无人看守铁路道口：用以警告车辆驾驶人注意慢行或及时停车，其设在无人看守的铁路道口以前适当位置。
13484,13484,在高速公路上长期骑、轧车行道分界线行驶，会同时占用两个车道，导致后方车辆行驶困难，易引发交通事故。,1,2,1,1,"A:正确, B:错误",,,,,,,,,,机动车在高速公路上行驶，不得骑、轧车行道分界线。长期占用两个车道行驶，易引发交通事故。所以本题选正确。《道路交通安全法实施条例》第八十二条，机动车在高速公路上行驶，不得有下列行为：倒车、逆行、穿越中央分隔带掉头或者在车道内停车；在匝道、加速车道或者减速车道上超车；骑、轧车行道分界线或者在路肩上行驶；非紧急情况时在应急车道行驶或者停车；试车或者学习驾驶机动车。
29356,29356,驾驶机动车不得在交叉路口，铁路道口，急弯路，宽度不足4米的窄路，桥梁，陡坡，隧道以及距离上述地点多少米内的路段不得停车？,2,2,3,3,"A:30, B:80, C:50, D:100",30,80,50,100,,,,,,《道路交通安全法实施条例》第六十三条：交叉路口、铁路道口、急弯路、宽度不足4米的窄路、桥梁、陡坡、隧道以及距离上述地点50米以内的路段，不得停车。
173,173,在这个路口可以掉头。,1,2,2,2,"A:正确, B:错误",,,,,,,,https://wos.58cdn.com.cn/XyVuTsRqXyf/question/173-1693897223860.jpg,,图中左侧标志是禁止左转标志，具有禁止左转和禁止掉头两种作用。《道路交通安全法实施条例》第四十九条：机动车在有禁止掉头或者禁止左转弯标志、标线的地点以及在铁路道口、人行横道、桥梁、急弯、陡坡、隧道或者容易发生危险的路段，不得掉头。
429,429,这个标志是何含义？,2,2,4,4,"A:注意避让火车, B:有人看守铁路道口, C:无人看守铁路道口, D:多股铁路与道路相交",注意避让火车,有人看守铁路道口,无人看守铁路道口,多股铁路与道路相交,,,,https://wos.58cdn.com.cn/XyVuTsRqXyf/question/429-1716189452736.jpg,,多股铁路与道路相交：应在铁路道口标志上方设置叉形符号。红边白底的表示铁路，标志内见到一个×一个^，表示多股铁路与道路相交。
13485,13485,图中车辆在高速公路发生故障不能移动，该驾驶人的做法符合安全要求。,1,2,2,2,"A:正确, B:错误",,,,,,,,https://wos.58cdn.com.cn/XyVuTsRqXyf/question/13485-1715068164493.jpg,,图中有三处错误：1.应立即开启危险报警闪光灯，利用车辆惯性，将车驶入紧急停车带或右侧路肩停下，尽量不要占用行车道；2.车辆停好后，驾驶人和乘车人从路外侧的车门尽快离开车辆，转移到右侧的路肩或者应急车道内，如需到车内或车下进行维修，也应由外侧的车门出入；3.要把故障车警告标志放置在来车方向150米处，并立即报警，如果是夜间，还必须开启示宽灯和尾灯
33965,33965,下列哪个交通标志，表示禁止电动自行车进入？,2,2,1,1,"A:如图中B所示, B:如图中C所示, C:如图中A所示, D:如图中D所示",如图中B所示,如图中C所示,如图中A所示,如图中D所示,,,,https://wos.58cdn.com.cn/XyVuTsRqXyf/question/33965-1693902002797.jpg,,本题考点为道路交通标志相关内容。图A是禁止大型客车通行；图B是禁止电动自行车通行；图C是禁止挂车、半挂车驶入；图D是禁止小型汽车驶入。所以本题选择如图中B所示。禁止电动自行车进入标志。表示禁止电动自行车进入。设在禁止电动自行车进入路段的入口处。
174,174,如图所示，在这个路口不能掉头。,1,2,2,2,"A:正确, B:错误",,,,,,,,https://wos.58cdn.com.cn/XyVuTsRqXyf/question/174-1693897226350.jpg,,图中左侧标志是允许掉头标志，可以在黄色虚线处掉头《道路交通安全法》第四十九条：机动车在没有禁止掉头或者没有禁止左转弯标志、标线的地点可以掉头，但不得妨碍正常行驶的其他车辆和行人的通行
430,430,这个标志是何含义？,2,2,1,1,"A:距无人看守铁路道口50米, B:距有人看守铁路道口50米, C:距无人看守铁路道口100米, D:距有人看守铁路道口100米",距无人看守铁路道口50米,距有人看守铁路道口50米,距无人看守铁路道口100米,距有人看守铁路道口100米,,,,https://wos.58cdn.com.cn/XyVuTsRqXyf/question/430-1693897430557.jpg,,栅栏表示有人看守的铁路道口，火车头表示无人看守的铁路道口。红色的斜线，一条表示50米，两条表示100米，三条表示150米。图中标志上方是火车头，下面是一条斜线，表示距无人看守铁路道口50米。
175,175,图中路段不能掉头。,1,2,1,1,"A:正确, B:错误",,,,,,,,https://wos.58cdn.com.cn/XyVuTsRqXyf/question/175-1744092996173.jpg,,图中标志是急转弯路段，急弯路段不得掉头《道路交通安全法实施条例》第四十九条：机动车在有禁止掉头或者禁止左转弯标志、标线的地点以及在铁路道口、人行横道、桥梁、急弯、陡坡、隧道或者容易发生危险的路段，不得掉头
431,431,这个标志是何含义？,2,2,3,3,"A:距无人看守铁路道口50米, B:距有人看守铁路道口50米, C:距无人看守铁路道口100米, D:距有人看守铁路道口100米",距无人看守铁路道口50米,距有人看守铁路道口50米,距无人看守铁路道口100米,距有人看守铁路道口100米,,,,https://wos.58cdn.com.cn/XyVuTsRqXyf/question/431-1693897432888.jpg,,栅栏表示有人看守的铁路道口，火车头表示无人看守的铁路道口。红色的斜线，一条表示50米，两条表示100米，三条表示150米。图中标志上方是火车头，下面是两条斜线，表示距无人看守铁路道口100米。
13487,13487,高速公路上车辆发生故障后，开启危险警报闪光灯和摆放警告标志是为了向其他车辆求助。,1,2,2,2,"A:正确, B:错误",,,,,,,,,,机动车在高速公路发生故障时应开启危险报警闪光灯并将警告标志放在车后150米以外的地方，这样做是为了提醒后方来车避让。《道路交通安全法》第六十八条：机动车在高速公路上发生故障时，应当依照本法第五十二条的有关规定办理；但是，警告标志应当设置在故障车来车方向一百五十米以外，车上人员应当迅速转移到右侧路肩上或者应急车道内，并且迅速报警。
33455,33455,驾驶机动车掉头时，以下做法正确的是什么?,2,2,3,3,"A:在设有禁止左转标志的交叉口内掉头, B:驶过高速公路出口时，可掉头驶回, C:应当提前开启左转向灯, D:隧道车流少时，可以在隧道内掉头",在设有禁止左转标志的交叉口内掉头,驶过高速公路出口时，可掉头驶回,应当提前开启左转向灯,隧道车流少时，可以在隧道内掉头,,,,,,驾驶机动车掉头时应当提前开启左转向灯，提醒后方车辆注意本车动向。所以本题选应当提前开启左转向灯。《道路交通安全法实施条例》第五十七条：机动车向左转弯、向左变更车道、准备超车、驶离停车地点或者掉头时，应当提前开启左转向灯。
33967,33967,驾驶机动车在道路上向右变更车道应使用转向灯。,1,2,1,1,"A:正确, B:错误",,,,,,,,,,驾驶机动车向右变更车道时应当提前开启右转向灯，提醒后方车辆注意本车动向。所以本题选择正确。《道路交通安全法实施条例》第五十七条：机动车向左转弯、向左变更车道、准备超车、驶离停车地点或者掉头时，应当提前开启左转向灯。向右变更车道时，应当开启右转向灯。
176,176,驾驶机动车在铁路道口、桥梁、陡坡、隧道或者容易发生危险的路段不能掉头。,1,2,1,1,"A:正确, B:错误",,,,,,,,,,铁路道口等危险路段道路情况复杂，掉头易引发交通事故，不得掉头。《道路交通安全法实施条例》第四十九条：机动车在有禁止掉头或者禁止左转弯标志、标线的地点以及在铁路道口、人行横道、桥梁、急弯、陡坡、隧道或者容易发生危险的路段，不得掉头。
432,432,这个标志是何含义？,2,2,2,2,"A:距有人看守铁路道口150米, B:距无人看守铁路道口150米, C:距无人看守铁路道口100米, D:距有人看守铁路道口100米",距有人看守铁路道口150米,距无人看守铁路道口150米,距无人看守铁路道口100米,距有人看守铁路道口100米,,,,https://wos.58cdn.com.cn/XyVuTsRqXyf/question/432-1693897435155.jpg,,栅栏表示有人看守的铁路道口，火车头表示无人看守的铁路道口。红色的斜线，一条表示50米，两条表示100米，三条表示150米。图中标志上方是火车头，下面是三条斜线，表示距无人看守铁路道口150米。
13488,13488,高速公路上车辆发生故障后，开启危险警报闪光灯和摆放警告标志的作用是警告后续车辆注意避让。,1,2,1,1,"A:正确, B:错误",,,,,,,,,,机动车在高速公路发生故障时应开启危险报警闪光灯并将警告标志放在车后150米以外的地方，这样做是为了提醒后方来车避让。《道路交通安全法》第六十八条：机动车在高速公路上发生故障时，应当依照本法第五十二条的有关规定办理；但是，警告标志应当设置在故障车来车方向一百五十米以外，车上人员应当迅速转移到右侧路肩上或者应急车道内，并且迅速报警。
177,177,在这段道路上，只要不影响其他车辆通行的前提下可以掉头。,1,2,1,1,"A:正确, B:错误",,,,,,,,https://wos.58cdn.com.cn/XyVuTsRqXyf/question/177-1693897230782.jpg,,图中左侧是黄虚线可跨越，且无禁止掉头标志，在确保安全的情况下，允许掉头。《道路交通安全法》第四十九条：机动车在没有禁止掉头或者没有禁止左转弯标志、标线的地点可以掉头，但不得妨碍正常行驶的其他车辆和行人的通行。
433,433,这个标志是何含义？,2,2,4,4,"A:避让非机动车, B:非机动车道, C:禁止非机动车通行, D:注意非机动车",避让非机动车,非机动车道,禁止非机动车通行,注意非机动车,,,,https://wos.58cdn.com.cn/XyVuTsRqXyf/question/433-1693897437447.jpg,,图中自行车是非机动车，所以是注意非机动车。提醒驾驶人注意慢行。
13489,13489,车辆发生故障无法移动时，以下做法是否正确？,1,2,2,2,"A:正确, B:错误",,,,,,,,https://wos.58cdn.com.cn/XyVuTsRqXyf/question/13489-1715068217239.jpg,,高速公路上发生故障应把警告标志放置于车辆后方150米以外，图片中放在了车前。所以本题选错误。《道路交通安全法》第六十八条：机动车在高速公路上发生故障时，应当依照本法第五十二条的有关规定办理；但是，警告标志应当设置在故障车来车方向一百五十米以外，车上人员应当迅速转移到右侧路肩上或者应急车道内，并且迅速报警。
33457,33457,驾驶机动车在高速公路上行驶，遇有雾、雨、雪、沙尘、冰雹等低能见度气象条件，能见度小于200米时，与同车道前车保持多少米以上的距离?,2,2,4,4,"A:80, B:50, C:60, D:100",80,50,60,100,,,,,,在高速公路上遇雾天，能见度小于200米时，车速不得超过60km/h，与同车道前车保持100米以上的距离。所以本题选100。《道路交通安全法实施条例》第八十一条：机动车在高速公路上行驶，遇有雾、雨、雪、沙尘、冰雹等低能见度气象条件时，应当遵守下列规定：能见度小于200米时，开启雾灯、近光灯、示廓灯和前后位灯，车速不得超过每小时60公里，与同车道前车保持100米以上的距离。
192433,192433,这个标志为线形诱导标，用以引导行车方向，提醒驾驶人谨慎驾驶。,1,2,1,1,"A:正确, B:错误",正确,错误,,,,,,https://wos.58cdn.com.cn/XyVuTsRqXyf/question/192433-1711332453490.jpg,,本题考点为道路交通标志相关内容。线形诱导标志为黄底黑图案；用于引导行车方向，提醒驾驶人谨慎驾驶。线形诱导标志是用于对驾驶者引导或警告前方公路平面线形的变化，使其根据线形适当改变行车方向，促使安全运行的交通标志。线形诱导标为黄底黑图形，无边框，形状为矩形。
434,434,这个标志是何含义？,2,2,1,1,"A:注意残疾人, B:残疾人出入口, C:残疾人休息处, D:残疾人专用通道",注意残疾人,残疾人出入口,残疾人休息处,残疾人专用通道,,,,https://wos.58cdn.com.cn/XyVuTsRqXyf/question/434-1693897439472.jpg,,注意残疾人：图中坐轮椅的人是残疾人，提醒驾驶员注意残疾人标志。
13490,13490,驾驶机动车在高速公路上车辆发生故障，需要停车排除故障时，若能将机动车移至应急车道内，则不需要开启危险报警闪光灯。,1,2,2,2,"A:正确, B:错误",,,,,,,,,,机动车在高速公路上发生故障，首先应该开启危险报警闪光灯；将警告标志放置在车后150以外；车上人员迅速转移到右侧路肩或应急车道内迅速报警。题中说在不需要开启危险报警灯，所以本题选错误。《道路交通安全法》第五十二条：机动车在道路上发生故障，需要停车排除故障时，驾驶人应当立即开启危险报警闪光灯，将机动车移至不妨碍交通的地方停放。
26546,26546,图中交通标志是指（）。,2,2,2,2,"A:急弯路, B:交叉路口, C:反向弯路, D:注意合流",急弯路,交叉路口,反向弯路,注意合流,,,,https://wos.58cdn.com.cn/XyVuTsRqXyf/question/26546-1761034919789.jpg,,本题考点为道路交通标志相关内容图中标志是Y形交叉路口所以本题选交叉路口交叉路口标志用以警告车辆驾驶人前方有交叉路口，注意横向来车
435,435,这个标志是何含义？,2,2,2,2,"A:施工路段, B:事故易发路段, C:减速慢行路段, D:拥堵路段",施工路段,事故易发路段,减速慢行路段,拥堵路段,,,,https://wos.58cdn.com.cn/XyVuTsRqXyf/question/435-1693897441490.jpg,,事故易发路段：用以告示前方道路为事故易发路段，谨慎驾驶。此标志设在交通事故易发路段以前适当位置。
33971,33971,正在变更车道的A车，涉及什么违法行为？,2,2,2,2,"A:未按规定车道行驶, B:压实线变更车道, C:违反交通信号灯行驶, D:穿插等候车辆",未按规定车道行驶,压实线变更车道,违反交通信号灯行驶,穿插等候车辆,,,,https://wos.58cdn.com.cn/XyVuTsRqXyf/question/33971-1693902006018.jpg,,图中A车开启左转向灯，欲压实线进入左转车道，属于违法行为道路上的实线起到分隔不同车道，规范车辆行驶路径的作用，压实线变道不仅违法还干扰其他车辆的正常行驶
13492,13492,关于驾车时接打手机，说法正确的是（）。,2,2,4,4,"A:有重要电话打进来时可以边开车边接听手持电话, B:车流量不大的道路上驾驶人可以边开车边接听手持电话, C:经验丰富的驾驶人可以边开车边接听手持电话, D:开车需要接打电话时，应在安全的地方停车后再操作",有重要电话打进来时可以边开车边接听手持电话,车流量不大的道路上驾驶人可以边开车边接听手持电话,经验丰富的驾驶人可以边开车边接听手持电话,开车需要接打电话时，应在安全的地方停车后再操作,,,,,,开车接打电话会影响驾驶员安全行车，开车需接打电话时，应该先找到安全的地方停车再操作《道路交通安全法实施条例》第六十二条：驾驶机动车不得有拨打接听手持电话、观看电视等妨碍安全驾驶的行为
33460,33460,黄昏时分，光线若明若暗，容易产生视觉误差，为了让其他驾驶人发现本车，应提前开启的灯光是哪种？,2,2,1,1,"A:前照灯和示廓灯, B:前雾灯, C:远光灯, D:危险报警闪光灯",前照灯和示廓灯,前雾灯,远光灯,危险报警闪光灯,,,,,,示廓灯是一种警示标志的车灯，是用于夜间行车道路的照明装置。黄昏时分光线条件不好，用示廓灯可以提醒其他车辆驾驶人注意我方车辆，有利于行车安全。
437,437,这个标志是何含义？,2,2,4,4,"A:施工路段绕行, B:双向交通, C:注意危险, D:左右绕行",施工路段绕行,双向交通,注意危险,左右绕行,,,,https://wos.58cdn.com.cn/XyVuTsRqXyf/question/437-1693897446265.jpg,,箭头往左是左侧绕行，往右是右侧绕行，同时往左右两侧是左右绕行图中标志同时往两侧，是左右绕行标志左右绕行：用以告示前方道路有障碍物，车辆应按标志指示减速慢行，绕行通过
13493,13493,如图所示，蓝色车辆遇到图中情形时，下列做法正确的是?,2,2,3,3,"A:按照前方交通信号灯指示直接通行, B:鸣喇叭提醒，让学生队伍中空出一个缺口，从缺口中穿行过去, C:停车等待，直到学生队伍完全通过, D:鸣喇叭，催促还未通过的学生加快速度通过",按照前方交通信号灯指示直接通行,鸣喇叭提醒，让学生队伍中空出一个缺口，从缺口中穿行过去,停车等待，直到学生队伍完全通过,鸣喇叭，催促还未通过的学生加快速度通过,,,,https://wos.58cdn.com.cn/XyVuTsRqXyf/question/13493-1715067868382.jpg,,图中遇到老师和学生们正在通过人行横道，机动车应停车等待，直到学生队伍完全通过。《道路交通安全法》第四十七条：机动车行经人行横道时，应当减速行驶；遇行人正在通过人行横道，应当停车让行。
33973,33973,如图所示，驾驶机动车在路口遇到这种信号灯可以怎样行驶？,2,2,3,3,"A:向左转弯, B:直行或向左转弯, C:向右转弯, D:直行",向左转弯,直行或向左转弯,向右转弯,直行,,,,https://wos.58cdn.com.cn/XyVuTsRqXyf/question/33973-1745575332146.jpg,,图中车辆所在是直行和右转合用车道，信号灯直行和左转都是红灯，只有右转箭头是绿色的，此时车辆只能向右转弯
182,182,图中故障车辆的违法行为是（）。,2,2,1,1,"A:未设置警告标志, B:未开启危险报警闪光灯, C:未将车停到路边, D:未立即排除故障",未设置警告标志,未开启危险报警闪光灯,未将车停到路边,未立即排除故障,,,,https://wos.58cdn.com.cn/XyVuTsRqXyf/question/182-1693897238129.jpg,,图中有高速公路护栏是高速公路，除打开危险报警闪光灯外，还要在车后150米外设置警告标志《道路交通安全法》第六十八条：机动车在高速公路上发生故障时，警告标志应当设置在故障车来车方向一百五十米以外，车上人员应当迅速转移到右侧路肩上或者应急车道内，并且迅速报警
438,438,这个标志是何含义？,2,2,1,1,"A:左侧绕行, B:单向通行, C:注意危险, D:右侧绕行",左侧绕行,单向通行,注意危险,右侧绕行,,,,https://wos.58cdn.com.cn/XyVuTsRqXyf/question/438-1693897448213.jpg,,箭头往左是左侧绕行，往右是右侧绕行，同时往左右两侧是左右绕行图中标志往左，是左侧绕行标志左侧绕行：用以告示前方道路有障碍物，车辆应按标志指示减速慢行，左侧绕行通过
13494,13494,驾驶车辆时在道路上抛撒物品，以下说法不正确的是？,2,2,4,4,"A:抛洒纸张等轻质物品会阻挡驾驶人视线，分散驾驶人注意力, B:有可能引起其他驾驶人紧急躲避等应激反应，进而引发事故, C:破坏环境，影响环境整洁，甚至造成路面的损坏, D:保持车内整洁，减少燃油消耗",抛洒纸张等轻质物品会阻挡驾驶人视线，分散驾驶人注意力,有可能引起其他驾驶人紧急躲避等应激反应，进而引发事故,破坏环境，影响环境整洁，甚至造成路面的损坏,保持车内整洁，减少燃油消耗,,,,,,行车过程中随意乱抛物品，并不能减少油耗，反而会破坏环境，影响后方车辆正常行驶。《道路交通安全法实施条例》第六十二条：驾驶机动车不得向道路上抛撒物品。
33974,33974,在高速公路匝道遇前车速度较低时，以下做法正确的是（）。,2,2,2,2,"A:从左侧超越前车进入行车道, B:跟随前车行驶, C:从右侧超越前车进入加速车道, D:从左侧超越前车进入加速车道",从左侧超越前车进入行车道,跟随前车行驶,从右侧超越前车进入加速车道,从左侧超越前车进入加速车道,,,,https://wos.58cdn.com.cn/XyVuTsRqXyf/question/33974-1693902010556.jpg,,遇图中情况应跟随前车驶入高速公路汇入口时不得超车，正确的做法是跟随前车行驶，并保持一定的安全距离，安全驾驶选项解析从左侧超越前车进入行车道不安全，此时车辆刚驶入会入口，不具备超车的条件；从右侧超越前车进入是违法的，超车禁止从右侧超越；从左侧超越前车进入加速车道是很危险的，汇入口路况复杂，左侧超车易发生碰撞
183,183,机动车在道路上发生故障，需要停车排除时，驾驶人应该怎么办？,2,2,3,3,"A:就地停车排除故障, B:开启近光灯或雾灯, C:将车停到不妨碍交通的地方, D:将车停在道路中间",就地停车排除故障,开启近光灯或雾灯,将车停到不妨碍交通的地方,将车停在道路中间,,,,,,机动车在道路上发生故障时首先要开启危险报警闪光灯，然后将车辆移至不妨碍交通的地方。《道路交通安全法》第五十二条：机动车在道路上发生故障，需要停车排除故障时，驾驶人应当立即开启危险报警闪光灯，将机动车移至不妨碍交通的地方停放；难以移动的，应当持续开启危险报警闪光灯，并在来车方向设置警告标志等措施扩大示警距离，必要时迅速报警。
439,439,这个标志是何含义？,2,2,2,2,"A:单向通行, B:右侧绕行, C:注意危险, D:左侧绕行",单向通行,右侧绕行,注意危险,左侧绕行,,,,https://wos.58cdn.com.cn/XyVuTsRqXyf/question/439-1693897450239.jpg,,箭头往左是左侧绕行，往右是右侧绕行，同时往左右两侧是左右绕行图中标志往右，是右侧绕行标志右侧绕行，用以告示前方道路有障碍物，车辆应按标志指示减速慢行，右侧绕行通过
13495,13495,下面关于下坡熄火滑行的说法错误的是什么？,2,2,4,4,"A:对于采用真空助力刹车系统的车辆而言，下坡时的熄火会使刹车系统失效, B:对于采用了助力转向系统的车辆而言，下坡时熄火会使转向盘变重，难以控制, C:下坡道熄火时，车辆不能使用发动机制动, D:下坡滑行是利用坡道的位能推动汽车前进，发动机不工作，可以节油，应大力提倡",对于采用真空助力刹车系统的车辆而言，下坡时的熄火会使刹车系统失效,对于采用了助力转向系统的车辆而言，下坡时熄火会使转向盘变重，难以控制,下坡道熄火时，车辆不能使用发动机制动,下坡滑行是利用坡道的位能推动汽车前进，发动机不工作，可以节油，应大力提倡,,,,,,注意题中问的是说法错误的空挡滑行时，一旦遇到突发状况紧急制动，没有发动机的制动作用不仅制动效果不好，而且容易出现翻车，制动失效的情况，易引发交通事故所以本题选下坡滑行是利用坡道的位能推动汽车前进，发动机不工作，可以节油，应大力提倡
184,184,驾驶机动车在道路上发生故障，车辆难以移动时，以下做法正确的是什么？,2,2,1,1,"A:开启危险报警闪光灯, B:在车上长时间鸣喇叭警示, C:在车辆后方50米以内设置警告标志, D:所有乘员在车内等待救援",开启危险报警闪光灯,在车上长时间鸣喇叭警示,在车辆后方50米以内设置警告标志,所有乘员在车内等待救援,,,,,,车辆出现故障无法移动时，应第一时间开启危险报警闪光灯，并在车后50-100米设置警告标志。《道路交通安全法实施条例》第六十条：机动车在道路上发生故障或者发生交通事故，妨碍交通又难以移动的，应当按照规定开启危险报警闪光灯并在车后50米至100米处设置警告标志，夜间还应当同时开启示廓灯和后位灯。
440,440,这个标志是何含义？,2,2,3,3,"A:事故多发路段, B:减速慢行, C:注意危险, D:拥堵路段",事故多发路段,减速慢行,注意危险,拥堵路段,,,,https://wos.58cdn.com.cn/XyVuTsRqXyf/question/440-1693897452209.jpg,,图中标志一个叹号表示危险，是注意危险标志。注意危险：用以促使车辆驾驶员谨慎慢行。
13496,13496,如图所示，当机动车行驶至交叉口时的做法是正确的。,1,2,1,1,"A:正确, B:错误",,,,,,,,https://wos.58cdn.com.cn/XyVuTsRqXyf/question/13496-1715068267990.jpg,,图中信号灯是圆形绿灯，圆形灯可以直行、左转和右转所以本题选正确《道路交通安全实施条例》第三十八条：绿灯亮时，准许车辆通行，但转弯的车辆不得妨碍被放行的直行车辆、行人通行
33976,33976,如图所示，黄色机动车从这个位置驶入匝道的行为是正确的。,1,2,2,2,"A:正确, B:错误",正确,错误,,,,,,https://wos.58cdn.com.cn/XyVuTsRqXyf/question/33976-1693902012811.jpg,,图中黄色车辆压实线行驶的行为是错误的。驾驶人应从虚线处驶入匝道。所以本题选错误。《道路交通安全法实施条例》第八十二条：机动车在高速公路上行驶，不得有下列行为：骑、轧车行道分界线或者在路肩上行驶。
185,185,这辆停在路边的机动车没有违法行为。,1,2,2,2,"A:正确, B:错误",,,,,,,,https://wos.58cdn.com.cn/XyVuTsRqXyf/question/185-1693897240597.jpg,,图中机动车未开启危险报警闪光灯，且警告标志与车的距离不足50米。所以选错误。《道路交通安全法实施条例》第六十条：机动车在道路上发生故障或者发生交通事故，妨碍交通又难以移动的，应当按照规定开启危险报警闪光灯并在车后50米至100米处设置警告标志，夜间还应当同时开启示廓灯和后位灯。
441,441,这个标志是何含义？,2,2,2,2,"A:塌方路段, B:施工路段, C:前方工厂, D:道路堵塞",塌方路段,施工路段,前方工厂,道路堵塞,,,,https://wos.58cdn.com.cn/XyVuTsRqXyf/question/441-1727342015697.jpg,,施工路段：用以告示前方道路施工，车辆应减速慢行或绕道行驶。
13497,13497,当后排座位没有人乘坐时，后门未关好就起步也是可以的。,1,2,2,2,"A:正确, B:错误",,,,,,,,,,不管后排有没有人乘坐，车门都必须关好再起步，否则车上物品容易被甩出去，还会影响其他车辆正常行驶。《道路交通安全法实施条例》第六十二条：驾驶机动车不得有在车门、车厢没有关好时行车的行为。
33465,33465,如图所示，机动车在高速公路上因故障无法移动、停在行车道上时，驾乘人员应在哪个位置等待救援?,2,2,3,3,"A:图中位置B, B:图中位置A, C:图中位置D, D:图中位置C",图中位置B,图中位置A,图中位置D,图中位置C,,,,https://wos.58cdn.com.cn/XyVuTsRqXyf/question/33465-1714030722815.jpg,,机动车高速公路上发生故障无法移动的，车上人员应转移到栏外安全位置等待救援。所以本题选图中位置D。《道路交通安全法》第六十八条：机动车在高速公路上发生故障时，应当依照本法第五十二条的有关规定办理；但是，警告标志应当设置在故障车来车方向一百五十米以外，车上人员应当迅速转移到右侧路肩上或者应急车道内，并且迅速报警。
186,186,机动车在道路上发生故障难以移动时要在车后50米以内设置警告标志。,1,2,2,2,"A:正确, B:错误",,,,,,,,,,机动车在道路上发生故障难以移动的，应在车后50-100米设置警告标志。题中说50米以内，所以选错。《道路交通安全法实施条例》第六十条：机动车在道路上发生故障或者发生交通事故，妨碍交通又难以移动的，应当按照规定开启危险报警闪光灯并在车后50米至100米处设置警告标志，夜间还应当同时开启示廓灯和后位灯。
442,442,这个标志是何含义？,2,2,1,1,"A:建议速度, B:最低速度, C:最高速度, D:限制速度",建议速度,最低速度,最高速度,限制速度,,,,https://wos.58cdn.com.cn/XyVuTsRqXyf/question/442-1716189658263.jpg,,图中是建议时速30公里/小时标志。建议速度：用以提醒车辆驾驶人建议的速度行驶，设在弯道、出口、匝道的适当位置。
13498,13498,车辆后备箱门未关好，是可以上路行驶的。,1,2,2,2,"A:正确, B:错误",,,,,,,,https://wos.58cdn.com.cn/XyVuTsRqXyf/question/13498-1715067706380.jpg,,后备箱门未关好，是不可以上路行驶的。所以本题选错误。上路行驶的机动车，每个车门都必须关好，后备箱也不例外，否则一旦有物品甩出，会影响其他车辆正常行驶。《道路交通安全法实施条例》第六十二条：驾驶机动车不得有在车门、车厢没有关好时行车的行为。
29370,29370,如图所示，驾驶机动车在没有划分车道的道路上通行，以下做法正确的是什么？,2,2,1,1,"A:机动车在道路中间通行, B:行人在道路中间通行, C:非机动车在道路左侧通行, D:非机动车在道路中间通行",机动车在道路中间通行,行人在道路中间通行,非机动车在道路左侧通行,非机动车在道路中间通行,,,,https://wos.58cdn.com.cn/XyVuTsRqXyf/question/29370-1693901652739.jpg,,《道路交通安全法》第三十六条：没有划分机动车道、非机动车道和人行道的，机动车在道路中间通行，非机动车和行人在道路两侧通行。
33978,33978,驾驶机动车遇高速公路收费口拥堵、较多车辆排队等侯时，驾驶人可以穿插等候车辆。,1,2,2,2,"A:正确, B:错误",正确,错误,,,,,,,,遇高速公路收费口拥堵，应按序排队等候，不得穿插。所以本题选错误。《道路交通安全法》第四十五条：机动车遇有前方车辆停车排队等候或者缓慢行驶时，不得借道超车或者占用对面车道，不得穿插等候的车辆。
443,443,这个标志是何含义？,2,2,3,3,"A:隧道开远光灯, B:隧道减速, C:隧道开灯, D:隧道开示宽灯",隧道开远光灯,隧道减速,隧道开灯,隧道开示宽灯,,,,https://wos.58cdn.com.cn/XyVuTsRqXyf/question/443-1693897455792.jpg,,隧道开灯：提示前方进入隧道要打开前照灯，谨慎行驶。
699,699,行车中发现前方道路拥堵时，应怎样做？,2,2,3,3,"A:寻找机会超越前车, B:从车辆空间穿插通过, C:减速停车，依次排队等候, D:鸣喇叭催促",寻找机会超越前车,从车辆空间穿插通过,减速停车，依次排队等候,鸣喇叭催促,,,,,,本题考点为拥堵路段。行车发现前方道路拥堵时，应当减速停车，依次排队等候，不得从空隙穿插或超车。鸣喇叭催促是不文明行为，不可取。《道路交通安全法实施条例》第五十三条：机动车在遇有前方机动车停车排队等候或者缓慢行驶时，应当依次排队，不得从前方车辆两侧穿插或者超越行驶，不得在人行横道、网状线区域内停车等候。
13499,13499,下列哪个交通标志表示不能停车？,2,2,2,2,"A:如图中A所示, B:如图中B所示, C:如图中C所示, D:如图中D所示",如图中A所示,如图中B所示,如图中C所示,如图中D所示,,,,https://wos.58cdn.com.cn/XyVuTsRqXyf/question/13499-1693900257531.jpg,,本题考点为道路交通标志相关内容。图A为禁止长时间停车；图B为禁止停车；图C为停车检查；图D为停车让行。所以不能停车的是图B，图A只是不能长时间停车，临时停车是可以的。
33467,33467,这个标志是什么?,2,2,2,2,"A:服务站, B:停车点, C:停车场, D:应急避难场所",服务站,停车点,停车场,应急避难场所,,,,https://wos.58cdn.com.cn/XyVuTsRqXyf/question/33467-1693901881232.jpg,,本题考点为道路交通标志相关内容。图中停车点，表示此标志是停车点。所以本题选停车点。图中标志为停车点，设在停车点入口附近。该标志可以更好的为公路沿线设置的停车点提供必要的指引信息，以提高相关路段行车安全性。
33979,33979,夜间驾驶机动车会车时，应使用的灯光是什么？,2,2,1,1,"A:近光灯, B:危险报警闪光灯, C:远光灯, D:雾灯",近光灯,危险报警闪光灯,远光灯,雾灯,,,,,,夜间驾驶机动车会车时，应使用近光灯。所以本题选近光灯。《道路交通安全法实施条例》第四十八条：在没有中心隔离设施或者没有中心线的道路上，夜间会车应当在距相对方向来车150米以外改用近光灯，在窄路、窄桥与非机动车会车时应当使用近光灯。
188,188,夜间驾车发生故障难以移动时，应开启危险报警闪光灯、示廓灯和后位灯。,1,2,1,1,"A:正确, B:错误",,,,,,,,,,当机动车在夜间发生故障，应开启危险报警闪光灯、后位灯、示廓灯提醒其他车辆注意，还应在车后设置警告标志《道路交通安全法实施条例》第六十条：机动车在道路上发生故障或者发生交通事故，妨碍交通又难以移动的，应当按照规定开启危险报警闪光灯并在车后50米至100米处设置警告标志，夜间还应当同时开启示廓灯和后位灯
444,444,这个标志是何含义？,2,2,4,4,"A:注意双向行驶, B:靠两侧行驶, C:可变车道, D:注意潮汐车道",注意双向行驶,靠两侧行驶,可变车道,注意潮汐车道,,,,https://wos.58cdn.com.cn/XyVuTsRqXyf/question/444-1693897457776.jpg,,注意潮汐车道：潮汐车道是指根据早晚交通流量不同情况，对有条件的道路，试点开辟潮汐车道，通过车道灯的指示方向变化，控制主干道车道行驶方向，来调整车道数。
13500,13500,图中深色车辆在该地点临时停车是可以的。,1,2,2,2,"A:正确, B:错误",,,,,,,,https://wos.58cdn.com.cn/XyVuTsRqXyf/question/13500-1715070724436.jpg,,图中深色车辆停放地点是人行横道，人行横道上禁止停车，题干说可以停车是错的《道路交通安全法实施条例》第六十三条：在设有禁停标志、标线的路段，在机动车道与非机动车道、人行道之间设有隔离设施的路段以及人行横道、施工地段，不得停车
445,445,这个标志是何含义？,2,2,1,1,"A:注意保持车距, B:车距确认路段, C:车速测试路段, D:两侧变窄路段",注意保持车距,车距确认路段,车速测试路段,两侧变窄路段,,,,https://wos.58cdn.com.cn/XyVuTsRqXyf/question/445-1693897459588.jpg,,注意保持车距：用以警告车辆驾驶人注意和前车保持安全距离。
701,701,行车中遇到后方车辆要求超车时，应怎样做？,2,2,2,2,"A:保持原有车速行驶, B:在条件许可的情况下，降低速度靠右让路, C:立即减速，靠右侧行驶, D:不让行",保持原有车速行驶,在条件许可的情况下，降低速度靠右让路,立即减速，靠右侧行驶,不让行,,,,,,本题考点为后车要求超车时的操作。超车要从左侧超车，因此当后车要求超车时，应当在条件允许情况下减速靠右让行，为后车留出超车空间。要在条件允许时减速靠右，不得影响其他交通参与者。
13501,13501,图中标注车辆在该地点停车是可以的。,1,2,2,2,"A:正确, B:错误",,,,,,,,https://wos.58cdn.com.cn/XyVuTsRqXyf/question/13501-1715070779693.jpg,,图中标注车辆停放位置距离右侧加油站不足30米，有安全隐患，车辆不可以停在此处。所以本题选错误。《道路交通安全法实施条例》第六十三条：公共汽车站、急救站、加油站、消防栓或者消防队（站）门前以及距离上述地点30米以内的路段，除使用上述设施的以外，不得停车。
33981,33981,驾驶机动车在高速公路加速车道上行驶，应尽快将车速提高到60km/h以上。,1,2,1,1,"A:正确, B:错误",,,,,,,,,,车辆驶入高速公路加速车道后，应尽快将车速提高到每小时60公里以上在高速公路上车辆行驶速度较快，如果车速过低，会影响其他车辆正常行驶《道路交通安全法实施条例》第七十八条：高速公路最低车速不得低于每小时60公里所以车辆进入加速车道后，应尽快提高车速至每小时60公里以上
190,190,行车中遇到执行紧急任务的消防车、救护车、工程救险车时要及时让行。,1,2,1,1,"A:正确, B:错误",,,,,,,,,,行车中遇到执行紧急任务的消防车、救护车、工程救险车时要及时让行，这些特殊车辆在执行紧急任务时，会开启警灯和鸣笛。《道路交通安全法》第五十三条：警车、消防车、救护车、工程救险车执行紧急任务时，可以使用警报器、标志灯具；在确保安全的前提下，不受行驶路线、行驶方向、行驶速度和信号灯的限制，其他车辆和行人应当让行。
702,702,驾驶人在超车时，前方车辆不减速、不让道，应怎样做？,2,2,3,3,"A:连续鸣喇叭加速超越, B:加速继续超越, C:停止继续超车, D:紧跟其后，伺机再超",连续鸣喇叭加速超越,加速继续超越,停止继续超车,紧跟其后，伺机再超,,,,,,本题考点为超车。超车时遇前方车辆不减速、不让道，如果再强行超越，容易造成事故，所以要停止继续超车，再选择适当时机超越前车。不得加速超越，也不得紧跟其后，要保持安全距离。
13502,13502,图中小型汽车的停车地点是正确的。,1,2,2,2,"A:正确, B:错误",,,,,,,,https://wos.58cdn.com.cn/XyVuTsRqXyf/question/13502-1693900263265.jpg,,图中小型汽车在消防队门前停放，会影响消防车通行，造成严重的后果，小车的停车地点是错误的。所以本题选错误。《道路交通安全法实施条例》第六十三条：公共汽车站、急救站、加油站、消防栓或者消防队（站）门前以及距离上述地点30米以内的路段，除使用上述设施的以外，不得停车。
33470,33470,如图所示，驾驶机动车遇到这种情形时，应停车让行。,1,2,1,1,"A:正确, B:错误",,,,,,,,https://wos.58cdn.com.cn/XyVuTsRqXyf/question/33470-1693901882692.jpg,,本题考点为道路交通标志相关内容。图中右侧是停车让行标志，表示车辆必须在停止线以外停车瞭望，确认安全后，才准许通行。停车让行标志在下列情况下设置：（1）与交通流量较大的干路平交的支路路口；（2）无人看守的铁路道口；（3）其他需要设置的地方。
191,191,行车中遇到正在进行作业的道路养护车辆、工程作业车时要注意避让。,1,2,1,1,"A:正确, B:错误",,,,,,,,,,行车中遇到正在进行作业的道路养护车辆、工程作业车时要避让。因为这些车辆在进行作业时需要一定的道路空间。《道路交通安全法》第五十四条：道路养护车辆、工程作业车进行作业时，在不影响过往车辆通行的前提下，其行驶路线和方向不受交通标志、标线限制，过往车辆和人员应当注意避让。
447,447,这个标志是何含义？,2,2,4,4,"A:Y型交叉口, B:主路让行, C:注意分流, D:注意合流",Y型交叉口,主路让行,注意分流,注意合流,,,,https://wos.58cdn.com.cn/XyVuTsRqXyf/question/447-1693897463741.jpg,,注意合流：用以警告车辆驾驶人注意前方有车辆汇合进来。
13503,13503,如图所示，A车在此处停车是可以的。,1,2,2,2,"A:正确, B:错误",,,,,,,,https://wos.58cdn.com.cn/XyVuTsRqXyf/question/13503-1715068333440.jpg,,图中是交叉路口，50米内不得停车，A车停放地点距路口30米。所以本题选错误。《道路交通安全法实施条例》第六十三条：交叉路口、铁路道口、急弯路、宽度不足4米的窄路、桥梁、陡坡、隧道以及距离上述地点50米以内的路段，不得停车。
192,192,如图所示，在路边临时停放机动车是什么违法行为？,2,2,4,4,"A:在非机动车道停车, B:停车占用机动车道, C:距离路边超过30厘米, D:在有禁停标线路段停车",在非机动车道停车,停车占用机动车道,距离路边超过30厘米,在有禁停标线路段停车,,,,https://wos.58cdn.com.cn/XyVuTsRqXyf/question/192-1693897245707.jpg,,图中道路右侧是黄实线，是禁止停车标线，表示此处禁止停车。所以车辆的违法行为是：在有禁停标线路段停车。
448,448,这个标志是何含义？,2,2,1,1,"A:避险车道, B:应急车道, C:路肩, D:急弯道",避险车道,应急车道,路肩,急弯道,,,,https://wos.58cdn.com.cn/XyVuTsRqXyf/question/448-1693897465721.jpg,,避险车道：在长陡下坡路段行车道外侧，增设的供速度失控车辆驶，离正线安全减速的专用车道。
704,704,发现前方道路堵塞，正确的做法是什么？,2,2,4,4,"A:继续穿插绕行, B:选择空当逐车超越, C:鸣喇叭示意前方车辆快速行驶, D:按顺序停车等候",继续穿插绕行,选择空当逐车超越,鸣喇叭示意前方车辆快速行驶,按顺序停车等候,,,,,,本题考点为拥堵路段。前方道路堵塞时，应当按顺序停车等候。不得穿插绕行或插空超越，容易发生危险；鸣喇叭示意是不文明行为，不可取。
13504,13504,如图所示，A车在此处停车是可以的。,1,2,1,1,"A:正确, B:错误",,,,,,,,https://wos.58cdn.com.cn/XyVuTsRqXyf/question/13504-1715068394978.jpg,,图中A车停在距离公交车车站30米以外的位置，是允许的。所以本题选正确。《中华人民共和国道路交通安全法实施条例》规定：公共汽车站、急救站、加油站、消防栓或者消防队（站）门前以及距离上述地点30米以内的路段，除使用上述设施的以外，不得停车。
193,193,驾驶机动车需要在路边停车时怎样选择停车地点？,2,2,3,3,"A:在人行道上停放, B:在路边随意停放, C:在停车泊位内停放, D:靠左侧路边逆向停放",在人行道上停放,在路边随意停放,在停车泊位内停放,靠左侧路边逆向停放,,,,,,人行横道是不能停车的，路边也不可以随意停放，在左侧路边不可以逆向停车。可以在停车泊位内停放。《道路交通安全法》第五十六条：机动车应当在规定地点停放。禁止在人行道上停放机动车；但是，依照本法第三十三条规定施划的停车泊位除外。
705,705,车辆在拥挤路段低速行驶时，遇其他车辆强行插队，应怎样做？,2,2,3,3,"A:鸣喇叭警告，不得进入, B:加速行驶，紧跟前车，不让其进入, C:主动礼让，确保行车安全, D:挤靠“加塞”车辆，逼其离开",鸣喇叭警告，不得进入,加速行驶，紧跟前车，不让其进入,主动礼让，确保行车安全,挤靠“加塞”车辆，逼其离开,,,,,,本题考点为拥堵路段。车辆在拥挤路段低速行驶时，遇其他车辆强行插队，应主动礼让，确保行车安全，不得加速行驶不让其进入或挤靠加塞车辆。鸣喇叭警告是不文明行为，不可取。
179905,179905,如图所示，这个路段不得长时间在非机动车道上停车，但可临时停车。,1,2,2,2,"A:正确, B:错误",正确,错误,,,,,,https://wos.58cdn.com.cn/XyVuTsRqXyf/question/179905-1693902813395.jpg,,非机动车道主要用于非机动车的通行，机动车在非机动车道上临时停车可能会妨碍非机动车正常行驶，属于违法行为。所以本题选择错误。《道路交通安全法实施条例》第六十三条：机动车在设有禁停标志、标线的路段，在机动车道与非机动车道、人行道之间设有隔离设施的路段以及人行横道、施工地段，不得停车。
194,194,如图所示，图中红车停车的违法行为是（）。,2,2,2,2,"A:在非机动车道停车, B:在人行横道上停车, C:距离路边超过30厘米, D:在有禁停标线路段停车",在非机动车道停车,在人行横道上停车,距离路边超过30厘米,在有禁停标线路段停车,,,,https://wos.58cdn.com.cn/XyVuTsRqXyf/question/194-1693897247941.jpg,,图中机动车在人行横道停车，阻碍行人通行《道路交通安全法实施条例》第六十三条：在设有禁停标志、标线的路段，在机动车道与非机动车道、人行道之间设有隔离设施的路段以及人行横道、施工地段，不得停车
450,450,禁令标志的作用是什么？,2,2,1,1,"A:禁止或限制行为, B:告知方向信息, C:指示车辆行进, D:警告前方危险",禁止或限制行为,告知方向信息,指示车辆行进,警告前方危险,,,,,,禁令标志是交通标志中主要标志的一种，对车辆加以禁止或限制行为的标志，如禁止通行、禁止停车、禁止左转弯、禁止鸣喇叭、限制速度、限制重量等。
13506,13506,这属于哪一种标志？,2,2,1,1,"A:禁令标志, B:指示标志, C:指路标志, D:警告标志",禁令标志,指示标志,指路标志,警告标志,,,,https://wos.58cdn.com.cn/XyVuTsRqXyf/question/13506-1716190131552.jpg,,本题考点为道路交通标志相关内容。红色表示禁令。图中红圈表示禁令标志，是对车辆限制的一种标志。禁令标志的特点是颜色为白底、红圈、红杠、黑图案，图案压杠。
33474,33474,驾驶机动车在没有中心隔离设施或者没有中心线的道路上会车时，以下做法错误的是什么？,2,2,1,1,"A:在狭窄的山路，靠山体的一方先行, B:注意观察，留出足够的横向安全距离, C:驶近会车地点的过程中，降低行驶速度, D:减速靠右行驶",在狭窄的山路，靠山体的一方先行,注意观察，留出足够的横向安全距离,驶近会车地点的过程中，降低行驶速度,减速靠右行驶,,,,,,本题让选出错误的说法，选项中“在狭窄的山路，靠山体的一方先行”明显是错误的，因为不靠近山体的一方更加危险，应该让其先行，靠山体的一方相对安全。在没有中心隔离设施或者没有中心线的道路上会车时，减速靠右行驶、注意观察留出足够的横向安全距离、驶近会车地点的过程中降低行驶速度都是正确的做法。
33986,33986,驾驶机动车遇有前方交叉路口交通阻塞时，应当依次停在路口以外等候，不得进入路口。,1,2,1,1,"A:正确, B:错误",,,,,,,,,,遇到交叉路口堵塞，驾驶员应当遵守交通规则，依次停在路口以外等候。此时如果强行进入路口会加重路口拥堵。所以本题选正确。《道路交通安全法实施条例》第五十三条：机动车遇有前方交叉路口交通阻塞时，应当依次停在路口外等候，不得进入路口。
195,195,图中白色轿车的违法行为是（）。,2,2,1,1,"A:距离加油站30米内停车, B:占用非机动车道停车, C:在公交车站内停车, D:逆向停车",距离加油站30米内停车,占用非机动车道停车,在公交车站内停车,逆向停车,,,,https://wos.58cdn.com.cn/XyVuTsRqXyf/question/195-1760687030867.jpg,,图中白色轿车在加油站前不足30米处停车，是错误的口五站三，口五是交叉路口、铁路道口等路口50米以内不得停车，站三是公交站、加油站等站点30米以内不得停车《道路交通安全法实施条例》规定：加油站门前以及距离加油站30米以内的路段，不得停车
451,451,这个标志是何含义？,2,2,3,3,"A:不准车辆驶入, B:不准长时间停车, C:停车让行, D:不准临时停车",不准车辆驶入,不准长时间停车,停车让行,不准临时停车,,,,https://wos.58cdn.com.cn/XyVuTsRqXyf/question/451-1693897469468.jpg,,停车让行：表示车辆必须在停止线以外停车瞭望，确认安全后，才准许通行。停车让行标志在下列情况下设置：1、与交通流量较大的干路相交的支路路口；2、无人看守的铁路道口；3、其他需要设置的地方。三角形的是减速让行，八角形的是停车让行。
13507,13507,这属于哪一种标志？,2,2,2,2,"A:指路标志, B:指示标志, C:禁令标志, D:警告标志",指路标志,指示标志,禁令标志,警告标志,,,,https://wos.58cdn.com.cn/XyVuTsRqXyf/question/13507-1693900268531.jpg,,本题考点为道路交通标志相关内容。蓝色表示指示。图中蓝底标志是指示标志。指示标志颜色为蓝底、白图案，形状分为圆形、长方形和正方形。图中从左至右依次为直行标志、会车先行标志、机动车行驶标志。
33987,33987,驾驶机动车通过窄路、窄桥时的最高速度不能超过每小时50公里。,1,2,2,2,"A:正确, B:错误",正确,错误,,,,,,,,本题考点为特殊路段限速规定相关内容。窄路、窄桥等特殊路段限速30km/h。《道路交通安全法实施条例》第四十六条：机动车行驶中遇到进出非机动车道，通过铁路道口、急弯路、窄路、窄桥时，最高行驶速度不得超过每小时30公里。
196,196,如图所示，这样停放机动车有什么违法行为？ ,2,2,2,2,"A:停车占用人行道, B:在公共汽车站停车, C:在有禁停标志路段停车, D:在非机动车道停车",停车占用人行道,在公共汽车站停车,在有禁停标志路段停车,在非机动车道停车,,,,https://wos.58cdn.com.cn/XyVuTsRqXyf/question/196-1693897256644.jpg,,图中机动车在公交站不足30米处前停车，是错误的口五站三，口五是交叉路口、铁路道口等路口50米以内不得停车，站三是公交站、加油站等站点30米以内不得停车《道路交通安全法实施条例》第六十三条：公共汽车站、急救站、加油站、消防栓或者消防队（站）门前以及距离上述地点30米以内的路段，除使用上述设施的以外，不得停车
452,452,这个标志是何含义？,2,2,4,4,"A:不准让行, B:会车让行, C:停车让行, D:减速让行",不准让行,会车让行,停车让行,减速让行,,,,https://wos.58cdn.com.cn/XyVuTsRqXyf/question/452-1693897471153.jpg,,减速让行：表示车辆应该减速让行，告示车辆驾驶人应慢行或停车，观察干道行车情况，在确保干道车辆优先，确保安全的前提下，方可进入路口。三角形的是减速让行，八角形的是停车让行。
28100,28100,下列哪个交通标志，用以指引无障碍设施的位置？,2,2,3,3,"A:如图中A所示, B:如图中B所示, C:如图中C所示, D:如图中D所示",如图中A所示,如图中B所示,如图中C所示,如图中D所示,,,,https://wos.58cdn.com.cn/XyVuTsRqXyf/question/28100-1693901609635.jpg,,图A和图B均为注意残疾人的标志，提醒驾驶人减速慢行，注意残疾人；图C为残疾人专用通道标志，用以指引无障碍设施的位置；图D为残疾人专用停车位标志。
33988,33988,驾驶机动车在道路上超车时应使用转向灯。,1,2,1,1,"A:正确, B:错误",正确,错误,,,,,,,,机动车在道路上行驶方向发生改变的都要使用转向灯，提醒后方车辆我方车辆行驶方向改变。所以本题选正确。《道路交通安全法实施条例》第五十七条：机动车向左转弯、向左变更车道、准备超车、驶离停车地点或者掉头时，应当提前开启左转向灯。
197,197,在距这段路多少米以内的路段不能停放机动车？,2,2,4,4,"A:5米以内, B:10米以内, C:30米以内, D:50米以内",5米以内,10米以内,30米以内,50米以内,,,,https://wos.58cdn.com.cn/XyVuTsRqXyf/question/197-1693897259064.jpg,,图中左侧标志是急转弯路段，急弯路段50米内不得停车。《道路交通安全法实施条例》第六十三条：交叉路口、铁路道口、急弯路、宽度不足4米的窄路、桥梁、陡坡、隧道以及距离上述地点50米以内的路段，不得停车。
453,453,这个标志是何含义？,2,2,1,1,"A:会车时停车让对方车先行, B:前方是双向通行路段, C:右侧道路禁止车通行, D:会车时停车让右侧车先行",会车时停车让对方车先行,前方是双向通行路段,右侧道路禁止车通行,会车时停车让右侧车先行,,,,https://wos.58cdn.com.cn/XyVuTsRqXyf/question/453-1693897472986.jpg,,会车时停车让对方车先行：表示车辆会车时，必须停车让对方车先行。设置在会车有困难的狭窄路段的一端或由于某种原因只能开放一条车道作双向通行路段的一端。
13509,13509,这属于哪一种标志？,2,2,4,4,"A:作业区标志, B:告示标志, C:高速公路标志, D:旅游区标志",作业区标志,告示标志,高速公路标志,旅游区标志,,,,https://wos.58cdn.com.cn/XyVuTsRqXyf/question/13509-1716190168251.jpg,,本题考点为道路交通标志相关内容。图中是旅游区标志，指示旅游区的距离、方向以及该旅游区的一些旅游项目。题中从左至右依次为旅游区方向标志，旅游区距离标志，索道。
28101,28101,长时间在高速公路上行驶，容易导致驾驶人对速度判断出现偏差，往往会低估车辆行驶速度。,1,2,1,1,"A:正确, B:错误",正确,错误,,,,,,,,驾驶人长期在高速行驶对速度的感知能力会下降，可能误判车速造成事故。所以本题选正确。在高速公路上，车辆行驶速度较快且周围环境相对单一，长时间处于这种状态，驾驶人的感知会变得麻木。大脑对于速度的敏感度会下降，从而容易低估车辆的实际行驶速度。这可能导致驾驶人在超车、变道等操作时出现误判，增加事故风险。
33989,33989,社会车辆距离消防栓或者消防队（站）门前50米以内的路段不能停车。,1,2,2,2,"A:正确, B:错误",,,,,,,,,,本题考点停车规定相关内容。“口五站三”，路口内50米内不得停车，消防站等30米内不得停车，题中说50米，选错。《道路交通安全法实施条例》第六十三条：公共汽车站、急救站、加油站、消防栓或者消防队（站）门前以及距离上述地点30米以内的路段，除使用上述设施的以外，不得停车。
198,198,在道路上临时停车不得妨碍其他车辆和行人通行。,1,2,1,1,"A:正确, B:错误",,,,,,,,,,临时停车要选择允许停车的路段停车，不得妨碍其他车辆和行人通行。《道路交通安全法》第五十六条：在道路上临时停车的，不得妨碍其他车辆和行人通行。
454,454,这个标志是何含义？,2,2,2,2,"A:禁止驶入, B:禁止通行, C:减速行驶, D:限时进入",禁止驶入,禁止通行,减速行驶,限时进入,,,,https://wos.58cdn.com.cn/XyVuTsRqXyf/question/454-1693897474606.jpg,,图中标志是空心的红色圆圈，表示禁止通行。禁止通行：红圈内一片空白，表示禁止一切车辆和行人通行。
13510,13510,遇到下列哪个标志，你不需要主动让行？,2,2,4,4,"A:如图中A所示, B:如图中B所示, C:如图中C所示, D:如图中D所示",如图中A所示,如图中B所示,如图中C所示,如图中D所示,,,,https://wos.58cdn.com.cn/XyVuTsRqXyf/question/13510-1693900273565.jpg,,本题考点为道路交通标志相关内容。图A表示停车让行，图B表示减速让行，图C表示会车让行，这三张都是禁令标志，图D是指示标志，表示会车先行标志，所以不用主动让行，选如图中D所示。
199,199,驾驶机动车找不到停车位时可以借人行道停放。,1,2,2,2,"A:正确, B:错误",,,,,,,,,,人行道是行人通行的，机动车禁止停放。《道路交通安全法实施条例》第五十六条：机动车应当在规定地点停放，禁止在人行道上停放机动车。
455,455,这个标志提示哪种车型禁止通行驶入？,2,2,4,4,"A:中型客车, B:小型货车, C:各种车辆, D:小型客车",中型客车,小型货车,各种车辆,小型客车,,,,https://wos.58cdn.com.cn/XyVuTsRqXyf/question/455-1693897476194.jpg,,禁止小型客车驶入：车头朝向左代表小型客车，中间一个红杠表示禁止小型客车驶入轿车属于小型客车
711,711,超车时应加大横向距离，必要时可越实线超车。,1,2,2,2,"A:正确, B:错误",,,,,,,,,,本题考点为超车超车时要保证足够的安全距离，防止发生相撞，但实线不可跨越，不得越过实线超车，所以选择错误
13511,13511,以下交通标志中，表示禁止一切车辆和行人通行的是？,2,2,1,1,"A:如图中A所示, B:如图中B所示, C:如图中C所示, D:如图中D所示",如图中A所示,如图中B所示,如图中C所示,如图中D所示,,,,https://wos.58cdn.com.cn/XyVuTsRqXyf/question/13511-1693900276913.jpg,,本题考点为道路交通标志相关内容。图A是禁止通行，图B是禁止驶入，图C是禁止机动车驶入，图D是禁止直行。题干问禁止一切车辆和行人通行的标志，图中找红圈内一片空白，选如图中A所示。
28103,28103,如图所示，在没有道路中心线的城市道路上驾驶机动车，最高行驶速度不得超过每小时多少公里？,2,2,2,2,"A:20, B:30, C:40, D:50",20,30,40,50,,,,https://wos.58cdn.com.cn/XyVuTsRqXyf/question/28103-1693901612887.jpg,,在没有中心线的道路，城市道路限速30，公路限速40；有中心线的道路上，城市道路限速50，公路限速70。所以本题选30。《道路交通安全法实施条例》第四十五条：没有道路中心线的道路，城市道路为每小时30公里，公路为每小时40公里。
200,200,距离交叉路口50米以内的路段不能停车。,1,2,1,1,"A:正确, B:错误",,,,,,,,,,“口五站三”，交叉路口、铁路道口等50米内不得停车，消防站等30米内不得停车。《道路交通安全法实施条例》第六十三条：交叉路口、铁路道口、急弯路、宽度不足4米的窄路、桥梁、陡坡、隧道以及距离上述地点50米以内的路段，不得停车。
456,456,这个标志是何含义？,2,2,1,1,"A:禁止向左转弯, B:禁止驶入左车道, C:禁止车辆掉头, D:禁止向左变道",禁止向左转弯,禁止驶入左车道,禁止车辆掉头,禁止向左变道,,,,https://wos.58cdn.com.cn/XyVuTsRqXyf/question/456-1693897477846.jpg,,禁止向左转弯：表示前方路口禁止一切车辆向左转弯。此标志设在禁止向左转弯的路口前适当位置。
712,712,跟车时车距不重要，只要和前车速度一致，就能防止追尾。,1,2,2,2,"A:正确, B:错误",,,,,,,,,,本题考点为安全距离跟车行驶时，为防止发生追尾事故，要保证足够的安全距离，防止发生危险如果只保持与前车相等的速度，只能确保两车间的距离不变，并不能保证安全
13512,13512,以下交通标志表示的含义是什么？,2,2,1,1,"A:禁止机动车驶入, B:禁止小客车驶入, C:禁止所有车辆驶入, D:禁止非机动车驶入",禁止机动车驶入,禁止小客车驶入,禁止所有车辆驶入,禁止非机动车驶入,,,,https://wos.58cdn.com.cn/XyVuTsRqXyf/question/13512-1693900280457.jpg,,本题考点为道路交通标志相关内容。红色表示禁止。图中标志表示禁止机动车驶入。所以本题选禁止机动车驶入。此标志设在禁止机动车驶入路段的入口处，表示禁止一切机动车驶入。
33992,33992,在高速公路上驾驶机动车，以下做法正确的是什么？,2,2,4,4,"A:一次变更两条车道, B:在行车道停车, C:遇前车行驶缓慢使用应急车道通行, D:错过出口后继续行驶，从下一出口驶出",一次变更两条车道,在行车道停车,遇前车行驶缓慢使用应急车道通行,错过出口后继续行驶，从下一出口驶出,,,,,,在高速公路行驶时，错过出口，只能继续行驶，寻找下个出口。高速上变更车道每次只能变更一条车道，不可连续变更或一次变更两条车道；高速上行车速度较快行车道禁止停车；在高速上因前车行驶缓慢在应急车道上行驶属于违法行为。所以本题选择错过出口后继续行驶，从下一出口驶出。《道路交通安全实施条例》第八十二条：机动车在高速公路上行驶，不得有下列行为：倒车、逆行、穿越中央分隔带掉头或者在车道内停车；在匝道、加速车道或者减速车道上超车；骑、轧车行道分界线或者在路肩上行驶；非紧急情况时在应急车道行驶或者停车；试车或者学习驾驶机动车。
457,457,这个标志是何含义？,2,2,2,2,"A:禁止驶入路口, B:禁止向右转弯, C:禁止车辆掉头, D:禁止变更车道",禁止驶入路口,禁止向右转弯,禁止车辆掉头,禁止变更车道,,,,https://wos.58cdn.com.cn/XyVuTsRqXyf/question/457-1693897479568.jpg,,禁止向右转弯：表示前方路口禁止一切车辆向右转弯。此标志设在禁止向右转弯的路口前适当位置。
13513,13513,下列哪个标志禁止一切车辆长时间停放，但可以临时停车?,2,2,4,4,"A:如图中A所示, B:如图中B所示, C:如图中C所示, D:如图中D所示",如图中A所示,如图中B所示,如图中C所示,如图中D所示,,,,https://wos.58cdn.com.cn/XyVuTsRqXyf/question/13513-1693900282370.jpg,,本题考点为道路交通标志相关内容。图A是表示在限定的范围内，禁止一切车辆临时或长时停放，图B是停车让行，图C是禁止驶入，图D是禁止车辆长时停放。题干问禁止一切车辆长时间停放的标志，图中找红圈蓝底一个\，选如图中D所示。
33993,33993,如图所示，驾驶机动车在路口右转弯时，遇相对方向行驶的车辆左转弯时以下做法正确的是什么？,2,2,3,3,"A:直接右转弯, B:抢在对面车前右转弯, C:先让对面车左转弯, D:连续鸣喇叭催促",直接右转弯,抢在对面车前右转弯,先让对面车左转弯,连续鸣喇叭催促,,,,https://wos.58cdn.com.cn/XyVuTsRqXyf/question/33993-1693902015387.jpg,,路口通行原则：转弯的车辆让直行的车先行；路口右方来车先行；右转车辆让左转车辆先行。图中对向车辆左转，我方车辆右转，右转让左转。所以本题选择先让对面车左转弯。《道路交通安全法实施条例》第五十二条：机动车通过没有交通信号灯控制也没有交通警察指挥的交叉路口，应当遵守下列规定：有交通标志、标线控制的，让优先通行的一方先行；没有交通标志、标线控制的，在进入路口前停车瞭望，让右方道路的来车先行；转弯的机动车让直行的车辆先行；相对方向行驶的右转弯的机动车让左转弯的车辆先行。
458,458,这个标志是何含义？,2,2,3,3,"A:禁止掉头, B:禁止向右转弯, C:禁止直行, D:禁止向左转弯",禁止掉头,禁止向右转弯,禁止直行,禁止向左转弯,,,,https://wos.58cdn.com.cn/XyVuTsRqXyf/question/458-1693897481214.jpg,,禁止直行：表示前方路口禁止一切车辆直行。此标志设在禁止直行的路口前适当位置。
13514,13514,以下交通标志表示除小客车和货车外，其他车辆可以直行。,1,2,1,1,"A:正确, B:错误",,,,,,,,https://wos.58cdn.com.cn/XyVuTsRqXyf/question/13514-1693900286257.jpg,,本题考点为道路交通标志相关内容。红色表示禁止。图中标志表示禁止直行。黑边白底+小客车和货车图案，表示受限车型，合起来表示除小客车和货车外其他车辆可以直行。所以本题选正确。
33994,33994,如图所示，驾驶机动车遇前方交通拥堵，可占用公交专用道行驶。,1,2,2,2,"A:正确, B:错误",,,,,,,,https://wos.58cdn.com.cn/XyVuTsRqXyf/question/33994-1693902017992.jpg,,本题中有公交专用车道，机动车不得借用公交专用车道行驶或超车。所以本题选错误。《道路交通安全法》第三十七条：道路划设专用车道的，在专用车道内，只准许规定的车辆通行，其他车辆不得进入专用车道内行驶。
203,203,距离桥梁50米以内的路段不得停车。,1,2,1,1,"A:正确, B:错误",,,,,,,,,,“口五站三”，交叉路口、桥梁、陡坡、隧道等50米内不得停车，消防站等30米内不得停车《道路交通安全法实施条例》第六十三条：交叉路口、铁路道口、急弯路、宽度不足4米的窄路、桥梁、陡坡、隧道以及距离上述地点50米以内的路段，不得停车
459,459,这个标志是何含义？,2,2,4,4,"A:禁止在路口掉头, B:禁止向左向右变道, C:禁止车辆直行, D:禁止向左向右转弯",禁止在路口掉头,禁止向左向右变道,禁止车辆直行,禁止向左向右转弯,,,,https://wos.58cdn.com.cn/XyVuTsRqXyf/question/459-1693897482875.jpg,,禁止向左向右转弯：表示前方路口禁止一切车辆向左向右转弯。此标志设在禁止向左向右转弯的路口前适当位置。
13515,13515,以下哪个标志，表示干路先行？,2,2,4,4,"A:如图中A所示, B:如图中B所示, C:如图中C所示, D:如图中D所示",如图中A所示,如图中B所示,如图中C所示,如图中D所示,,,,https://wos.58cdn.com.cn/XyVuTsRqXyf/question/13515-1693900288552.jpg,,本题考点为道路交通标志相关内容。图A是单行路直行，图B是直行，图C是直行车道，图D是干路先行。题干问干路先行标志，图中找粗箭头加一横线，选如图中D所示。
28107,28107,如图所示，驾驶机动车行驶至铁路道口时，以下做法正确的是什么？,2,2,4,4,"A:在铁路道口倒车, B:无需观察，加速通过, C:在铁路道口掉头, D:停车等待",在铁路道口倒车,无需观察，加速通过,在铁路道口掉头,停车等待,,,,https://wos.58cdn.com.cn/XyVuTsRqXyf/question/28107-1725354010375.jpg,,图中铁路道口红灯亮起，表示禁止通行，车辆需要停车等待。所以本题选停车等待。《道路交通安全法实施条例》第四十三条：道路与铁路平面交叉道口有两个红灯交替闪烁或者一个红灯亮时，表示禁止车辆、行人通行；红灯熄灭时，表示允许车辆、行人通行。
204,204,距离宽度不足4米的窄路50米以内的路段不能停车。,1,2,1,1,"A:正确, B:错误",,,,,,,,,,“口五站三”，交叉路口宽度不足4米的窄路等50米内不得停车，消防站等30米内不得停车。《道路交通安全法实施条例》第六十三条：交叉路口、铁路道口、急弯路、宽度不足4米的窄路、桥梁、陡坡、隧道以及距离上述地点50米以内的路段，不得停车。
460,460,这个标志是何含义？,2,2,1,1,"A:禁止直行和向左转弯, B:禁止直行和向左变道, C:允许直行和向左变道, D:禁止直行和向右转弯",禁止直行和向左转弯,禁止直行和向左变道,允许直行和向左变道,禁止直行和向右转弯,,,,https://wos.58cdn.com.cn/XyVuTsRqXyf/question/460-1693897484611.jpg,,禁止直行和向左转弯，表示前方路口禁止一切车辆直行和向左转弯。此标志设在禁止直行和向左转弯的路口前适当位置。
716,716,驾驶人在观察后方无来车的情况下，未开转向灯就变更车道也是合理的。,1,2,2,2,"A:正确, B:错误",,,,,,,,,,本题考点为变更车道。变更车道时要提前开启转向灯，并且要观察周围情况，只有在确认安全的情况下才能驶入需要变更的车道。即使后方无来车也要提前开启转向灯后再变更车道，所以选择错误。
13516,13516,以下交通标志表示单行线的是哪一项？,2,2,4,4,"A:如图中B所示, B:如图中D所示, C:如图中C所示, D:如图中A所示",如图中B所示,如图中D所示,如图中C所示,如图中A所示,,,,https://wos.58cdn.com.cn/XyVuTsRqXyf/question/13516-1693900292159.jpg,,本题考点为道路交通标志相关内容。图A是单行路直行，图B是直行车道，图C是干路先行，图D是靠右侧道路行驶。题干问单行线标志，图中找单单一个直行箭头，选如图中A所示。
205,205,机动车停稳前不能开车门和上下人员。,1,2,1,1,"A:正确, B:错误",,,,,,,,,,安全第一，机动车停稳后再上下人员。《道路交通安全法实施条例》规定：车辆停稳前不得开车门和上下人员，开关车门不得妨碍其他车辆和行人通行。
461,461,这个标志是何含义？,2,2,4,4,"A:禁止直行和向左转弯, B:禁止直行和向左变道, C:允许直行和向左变道, D:禁止直行和向右转弯",禁止直行和向左转弯,禁止直行和向左变道,允许直行和向左变道,禁止直行和向右转弯,,,,https://wos.58cdn.com.cn/XyVuTsRqXyf/question/461-1693897486309.jpg,,禁止直行和向右转弯：表示前方路口禁止一切车辆直行和向右转弯。此标志设在禁止直行和向右转弯的路口前适当位置。
13517,13517,以下哪个标志，指示车辆直行和右转合用车道？,2,2,1,1,"A:如图中A所示, B:如图中B所示, C:如图中C所示, D:如图中D所示",如图中A所示,如图中B所示,如图中C所示,如图中D所示,,,,https://wos.58cdn.com.cn/XyVuTsRqXyf/question/13517-1693900295483.jpg,,本题考点为道路交通标志相关内容。图A是直行和右转合用车道，图B是干路先行，图C是右转车道，图D是分向行驶车道。题干问直行和右转合用车道标志，图中找蓝底带虚线+直行和右转箭头，选如图中A所示。
462,462,这个标志是何含义？,2,2,2,2,"A:禁止直行, B:禁止掉头, C:禁止变道, D:禁止左转",禁止直行,禁止掉头,禁止变道,禁止左转,,,,https://wos.58cdn.com.cn/XyVuTsRqXyf/question/462-1693897488003.jpg,,禁止掉头：表示前方路口禁止一切车辆掉头。此标志设在禁止掉头的路口前适当位置。
13518,13518,下列哪个标志为最低限速标志？,2,2,2,2,"A:如图中A所示, B:如图中B所示, C:如图中C所示, D:如图中D所示",如图中A所示,如图中B所示,如图中C所示,如图中D所示,,,,https://wos.58cdn.com.cn/XyVuTsRqXyf/question/13518-1693900298680.jpg,,本题考点为道路交通标志相关内容。图A是鸣喇叭，图B是最低限速，图C是机动车行驶，图D是非机动车行驶。题干问最低限速标志，图中找圆形蓝底白数字，选如图中B所示，表示最低限速50公里/小时。
33742,33742,驾驶机动车不得连续超过多少小时未停车休息，停车休息时间不得少于多少分钟？,2,2,2,2,"A:3，20, B:4，20, C:4，30, D:5，20",3，20,4，20,4，30,5，20,,,,,,本题考点为疲劳驾驶相关内容疲劳驾驶驾车易发生危险《道路交通安全法实施条例》规定：驾驶机动车不得连续驾驶机动车超过4小时未停车休息或者停车休息时间少于20分钟
207,207,在图中高速公路行驶时，车速不得超过（）。,2,2,1,1,"A:120km/h, B:100km/h, C:90km/h, D:60km/h",120km/h,100km/h,90km/h,60km/h,,,,https://wos.58cdn.com.cn/XyVuTsRqXyf/question/207-1757561400709.jpg,,图中左侧红圈白底标志是限速标志，图中数字是120，表示最高车速为120公里/小时红圈白底限制最高速度，蓝底限制最低速度
463,463,这个标志是何含义？,2,2,3,3,"A:禁止借道, B:禁止变道, C:禁止超车, D:禁止掉头",禁止借道,禁止变道,禁止超车,禁止掉头,,,,https://wos.58cdn.com.cn/XyVuTsRqXyf/question/463-1693897489559.jpg,,禁止超车：表示该标志至前方解除禁止超车标志的路段内，不准机动车超车。此标志设在禁止超车的起点。
13519,13519,下列哪个标志表示一般道路车道数变少？,2,2,2,2,"A:如图中A所示, B:如图中B所示, C:如图中C所示, D:如图中D所示",如图中A所示,如图中B所示,如图中C所示,如图中D所示,,,,https://wos.58cdn.com.cn/XyVuTsRqXyf/question/13519-1693900302281.jpg,,本题考点为道路交通标志相关内容。图A是错车道，图B是车道减少，图C是车道增加，图D是距离隧道出口2500米。题干问车道数变少标志，只有图2明显是四条车道变为三条，选如图中B所示。
208,208,在图中高速公路行驶时，车速不得低于（）,2,2,2,2,"A:80km/h, B:60km/h, C:100km/h, D:50km/h",80km/h,60km/h,100km/h,50km/h,,,,https://wos.58cdn.com.cn/XyVuTsRqXyf/question/208-1693897266184.jpg,,图中右侧蓝底白字标志是最低限速标志，数字是60，表示最低车速60公里/小时红圈白底限制最高速度，蓝底限制最低速度
464,464,这个标志是何含义？,2,2,4,4,"A:禁止借道通行, B:解除禁止变道, C:准许变道行驶, D:解除禁止超车",禁止借道通行,解除禁止变道,准许变道行驶,解除禁止超车,,,,https://wos.58cdn.com.cn/XyVuTsRqXyf/question/464-1693897491265.jpg,,解除禁止超车：表示禁止超车路段结束此标志设在禁止超车的终点
720,720,在狭窄的路段会车时，应做到礼让三先：先慢、先让、先停。,1,2,1,1,"A:正确, B:错误",,,,,,,,,,本题考点为狭窄路段会车狭窄路段道路空间小，容易发生事故，因此在狭窄路段会车时要做到先慢、先让、先停，减速慢行，及时礼让，必要时停车让行
13520,13520,当驾驶员看到以下标志时，需减速慢行，是因为什么？,2,2,1,1,"A:前方车行道或路面变窄, B:前方有弯道, C:前方车流量较大, D:前方有窄桥",前方车行道或路面变窄,前方有弯道,前方车流量较大,前方有窄桥,,,,https://wos.58cdn.com.cn/XyVuTsRqXyf/question/13520-1715072753504.jpg,,本题考点为道路交通标志相关内容。图中是道路变窄警告标志，警告前方车行道或路面变窄，要注意前方车道或路面狭窄情况，遇有来车应予减速避让。
33744,33744,以下哪种车辆可以在高速公路上行驶？,2,2,1,1,"A:小客车, B:拖拉机, C:铰接式客车, D:轮式专用机械车",小客车,拖拉机,铰接式客车,轮式专用机械车,,,,,,拖拉机、铰接式客车、轮式专用机械车都不得进入高速公路行驶。所以本题选小客车。《道路交通安全法》第六十七条：行人、非机动车、拖拉机、轮式专用机械车、铰接式客车、全挂拖斗车以及其他设计最高时速低于七十公里的机动车，不得进入高速公路。
209,209,在这条车道行驶的最低车速是多少？,2,2,3,3,"A:60公里/小时, B:90公里/小时, C:100公里/小时, D:110公里/小时",60公里/小时,90公里/小时,100公里/小时,110公里/小时,,,,https://wos.58cdn.com.cn/XyVuTsRqXyf/question/209-1745575467102.jpg,,图中机动车在左侧车道行驶，高速公路同方向有2条车道的，左侧车道的最低车速为每小时100公里红圈白底限制最高速度，蓝底限制最低速度《道路交通安全法实施条例》第七十八条：高速公路应当标明车道的行驶速度，最高车速不得超过每小时120公里，最低车速不得低于每小时60公里同方向有2条车道的，左侧车道的最低车速为每小时100公里
465,465,这个标志是何含义？,2,2,2,2,"A:允许临时停车, B:禁止车辆停放, C:允许长时停车, D:禁止车辆长时停放",允许临时停车,禁止车辆停放,允许长时停车,禁止车辆长时停放,,,,https://wos.58cdn.com.cn/XyVuTsRqXyf/question/465-1693897492984.jpg,,禁止停放车辆：表示在限定的范围内，禁止一切车辆临时或长时停放。此标志设在禁止车辆停放的地方。禁止车辆停放的时间、车种和范围可用辅助标志说明。
13521,13521,下列哪个标志提示驾驶人下陡坡？,2,2,4,4,"A:如图中A所示, B:如图中B所示, C:如图中C所示, D:如图中D所示",如图中A所示,如图中B所示,如图中C所示,如图中D所示,,,,https://wos.58cdn.com.cn/XyVuTsRqXyf/question/13521-1693900307543.jpg,,本题考点为道路交通标志相关内容。图A是向左急转弯，图B是连续弯路，图C是反向弯路，图D是下陡坡。题干问下陡坡标志，图中找一个斜向下的箭头，选如图中D所示。
210,210,在这条车道行驶的最低车速是多少？,2,2,2,2,"A:60公里/小时, B:90公里/小时, C:100公里/小时, D:110公里/小时",60公里/小时,90公里/小时,100公里/小时,110公里/小时,,,,https://wos.58cdn.com.cn/XyVuTsRqXyf/question/210-1693897270961.jpg,,高速公路同方向有3条车道，中间车道的最低车速为每小时90公里图中所示车辆在中间车道，所以选择90公里/小时红圈白底限制最高速度，蓝底限制最低速度
466,466,这个标志是何含义？,2,2,3,3,"A:允许长时停车, B:禁止临时停车, C:禁止车辆长时停车, D:禁止停放车辆",允许长时停车,禁止临时停车,禁止车辆长时停车,禁止停放车辆,,,,https://wos.58cdn.com.cn/XyVuTsRqXyf/question/466-1693897494702.jpg,,禁止车辆长时停车：禁止车辆长时停放，临时停放不受限制。禁止车辆停放的时间、车种和范围可用辅助标志说明。
722,722,驾驶车辆在交叉路口前变更车道时，应怎样驶入要变更的车道？,2,2,3,3,"A:在路口前实线区内根据需要, B:进入路口实线区内, C:在虚线区按导向箭头指示, D:在路口停止线前",在路口前实线区内根据需要,进入路口实线区内,在虚线区按导向箭头指示,在路口停止线前,,,,,,本题考点为变更车道。交叉路口情况复杂，在交叉路口前变更车道要在虚线区按导向箭头指示变更。实线禁止跨越，所以实线区内禁止变更；停止线前也禁止变更。
13522,13522,下列哪个标志提示驾驶人连续弯路？,2,2,2,2,"A:如图中A所示, B:如图中B所示, C:如图中C所示, D:如图中D所示",如图中A所示,如图中B所示,如图中C所示,如图中D所示,,,,https://wos.58cdn.com.cn/XyVuTsRqXyf/question/13522-1693900310886.jpg,,本题考点为道路交通标志相关内容。图A是向左急转弯，图B是连续弯路，图C是反向弯路，图D是环形交叉。题干问连续弯路标志，图中找三个弯，选如图中B所示。
33490,33490,如图所示，驾驶机动车遇左侧车道有车辆正在超车时，可以等待左侧车辆完成超车后再寻找时机超车。,1,2,1,1,"A:正确, B:错误, C:100%, D:30%",60%,20%,100%,30%,,,,https://wos.58cdn.com.cn/XyVuTsRqXyf/question/33490-1693901885325.jpg,,图中左侧车道有车辆正在超车，此时我方车辆不得超车，等前车完成超车后在寻找时机超车。所以本题选正确。《道路交通安全法》第四十三条，同车道行驶的机动车，后车应当与前车保持足以采取紧急制动措施的安全距离。前车正在左转弯、掉头、超车的，不得超车。
211,211,在图中高速公路这条车道行驶，车速不得高于（）。,2,2,4,4,"A:120km/h, B:110km/h, C:100km/h, D:90km/h",120km/h,110km/h,100km/h,90km/h,,,,https://wos.58cdn.com.cn/XyVuTsRqXyf/question/211-1693897273268.jpg,,图中右侧红圈白底标志是最高限速标志，数字是90，表示最高车速每小时90公里红圈白底限制最高速度，蓝底限制最低速度《道路交通安全法实施条例》第七十八条：高速公路应当标明车道的行驶速度，最高车速不得超过每小时120公里，最低车速不得低于每小时60公里道路限速标志标明的车速与上述车道行驶车速的规定不一致的，按照道路限速标志标明的车速行驶
467,467,这个标志是何含义？,2,2,3,3,"A:禁止长时鸣喇叭, B:断续鸣喇叭, C:禁止鸣喇叭, D:减速鸣喇叭",禁止长时鸣喇叭,断续鸣喇叭,禁止鸣喇叭,减速鸣喇叭,,,,https://wos.58cdn.com.cn/XyVuTsRqXyf/question/467-1693897496350.jpg,,禁止鸣喇叭：表示禁止鸣喇叭。此标志设在需要禁止鸣喇叭的地方。禁止鸣喇叭的时间和范围可用辅助标志说明。
723,723,车辆驶近人行横道时，应怎样做？,2,2,4,4,"A:加速通过, B:立即停车, C:鸣喇叭示意行人让道, D:先减速注意观察行人、非机动车动态，确认安全后再通过",加速通过,立即停车,鸣喇叭示意行人让道,先减速注意观察行人、非机动车动态，确认安全后再通过,,,,,,本题考点为行驶至人行横道正确做法。车辆驶近人行横道，可能会遇到行人和非机动车穿行，所以要先减速观察，确认安全后再通过。《道路交通安全法》第四十七条：机动车行经人行横道时，应当减速行驶；遇行人正在通过人行横道，应当停车让行。当有行人正在通过人行横道时需要停车让行，若无行人减速观察，确认安全后通过即可。
13523,13523,看到这个标志的时候，您应该开启前照灯。,1,2,1,1,"A:正确, B:错误",,,,,,,,https://wos.58cdn.com.cn/XyVuTsRqXyf/question/13523-1693900314396.jpg,,本题考点为道路交通标志相关内容。图中是隧道开车灯警告标志，警告驾驶人进入隧道前开启前照灯，注意安全。此标志设在无照明或照明不足的隧道洞口前适当位置。隧道标志和隧道开车灯标志只需设置一个。
33491,33491,如图所示，驾驶机动车在遇有前方机动车停车排队等候或者缓慢行驶时，以下做法正确的是什么?,2,2,1,1,"A:在路口外依次排队, B:驶入人行横道，停车等候, C:从前方车辆两侧穿插, D:驶入网状线区域，停车等候",在路口外依次排队,驶入人行横道，停车等候,从前方车辆两侧穿插,驶入网状线区域，停车等候,,,,https://wos.58cdn.com.cn/XyVuTsRqXyf/question/33491-1693901887812.jpg,,图中信号灯虽然是绿灯，但是路口比较拥堵，此时进入会增加拥堵。所以本题选在路口外依次排队。《道路交通安全法实施条例》第五十三条：机动车遇有前方交叉路口交通阻塞时，应当依次停在路口以外等候，不得进入路口。
212,212,驾驶小型载客汽车在高速公路行驶的最低车速为90公里/小时。,1,2,2,2,"A:正确, B:错误",,,,,,,,,,高速公路上车道不同，规定不同。但最低车速不得低于每小时60公里。《道路交通安全法实施条例》第七十八条：高速公路应当标明车道的行驶速度，最高车速不得超过每小时120公里，最低车速不得低于每小时60公里。
468,468,这个标志是何含义？,2,2,4,4,"A:解除3米限宽, B:限制高度为3米, C:预告宽度为3米, D:限制宽度为3米",解除3米限宽,限制高度为3米,预告宽度为3米,限制宽度为3米,,,,https://wos.58cdn.com.cn/XyVuTsRqXyf/question/468-1693897498089.jpg,,限制宽度为3米：表示禁止装载宽度超过标志所示数值的车辆通行。此标志设在最大允许宽度受限制的地方。
198100,198100,这个标志为校车专用停车位标志，表示此处仅允许校车停放。,1,2,1,1,"A:正确, B:错误",正确,错误,,,,,,https://wos.58cdn.com.cn/XyVuTsRqXyf/question/198100-1724033294883.jpg,,校车专用停车位标志、校车停靠站：表示此处仅允许校车停放
13524,13524,遇到这个标志时，您应该主动确认您与前车之间的距离。,1,2,1,1,"A:正确, B:错误",,,,,,,,https://wos.58cdn.com.cn/XyVuTsRqXyf/question/13524-1693900316026.jpg,,本题考点为道路交通标志相关内容。图中是注意保持车距警告标志，提醒驾驶人注意和前车保持安全距离。此标志设在道路路侧干扰较少、行驶速度较高的路段前适当位置。
33492,33492,如图所示，驾驶机动车在这种道路上行驶遇到这种标志应减速慢行。,1,2,1,1,"A:正确, B:错误",正确,错误,,,,,,https://wos.58cdn.com.cn/XyVuTsRqXyf/question/33492-1693901890869.jpg,,本题考点为道路交通标志相关内容。图中倒三角里面一个“让”字，是减速让行标志。遇到此标志时应减速慢行。形状为八角形，里面一个“停”的是停车让行。
213,213,驾驶机动车在高速公路要按照限速标志标明的车速行驶。,1,2,1,1,"A:正确, B:错误",,,,,,,,,,高速公路上都有限速标志，要按限速标志行驶。红圈白底限制最高速度，蓝底限制最低速度。《道路交通安全法实施条例》第七十八条：在高速公路上驾驶机动车应按照道路限速标志标明的车速行驶。
469,469,这个标志是何含义？,2,2,1,1,"A:限制高度为3.5米, B:限制宽度为3.5米, C:解除3.5米限高, D:限制车距为3.5米",限制高度为3.5米,限制宽度为3.5米,解除3.5米限高,限制车距为3.5米,,,,https://wos.58cdn.com.cn/XyVuTsRqXyf/question/469-1693897499717.jpg,,限制高度为3.5米：表示禁止装载高度超过标志所示数值的车辆通行。此标志设在最大允许高度受限制的地方。
33493,33493,在路口这个位置时可以右转通过路口。,1,2,1,1,"A:正确, B:错误",正确,错误,,,,,,https://wos.58cdn.com.cn/XyVuTsRqXyf/question/33493-1693901893128.jpg,,信号灯虽然是红灯，但在不妨碍其他车辆与行人的情况下，可以右转所以本题选正确《道路交通安全法实施条例》规定：红灯亮时，右转弯的车辆在不妨碍被放行的车辆、行人通行的情况下，可以通行
214,214,如图所示，在这个位置时怎样使用灯光？,2,2,1,1,"A:开启左转向灯, B:开启右转向灯, C:开启危险报警闪光灯, D:开启前照灯",开启左转向灯,开启右转向灯,开启危险报警闪光灯,开启前照灯,,,,https://wos.58cdn.com.cn/XyVuTsRqXyf/question/214-1693897275613.jpg,,图中机动车准备从匝道向左驶入高速公路，应提前开启左转向灯示意后方车辆。《道路交通安全法实施条例》：机动车从匝道驶入高速公路，应当开启左转向灯，在不妨碍已在高速公路内的机动车正常行驶的情况下驶入车道。
470,470,这个标志是何含义？,2,2,2,2,"A:限制40吨轴重, B:限制最高时速40公里, C:前方40米减速, D:最低时速40公里",限制40吨轴重,限制最高时速40公里,前方40米减速,最低时速40公里,,,,https://wos.58cdn.com.cn/XyVuTsRqXyf/question/470-1693897501338.jpg,,限制最高时速40公里：表示该标志至前方限制速度标志的路段内，机动车行驶速度不得超过标志所示数值。此标志设在需要限制车辆速度的路段的起点。
726,726,在一般道路倒车时，若发现有过往车辆通过，应怎样做？,2,2,3,3,"A:继续倒车, B:鸣喇叭示意, C:主动停车避让, D:加速倒车",继续倒车,鸣喇叭示意,主动停车避让,加速倒车,,,,,,本题考点为倒车。倒车时视线盲区较大，要先查明车后情况，一旦后方有车辆通过，为了安全一定要主动停车避让。
202966,202966,以下交通标志表示除载货小型载客汽车和拖拉机货车外，其他车辆可以直行。,1,2,1,1,"A:正确, B:错误",正确,错误,,,,,,https://wos.58cdn.com.cn/XyVuTsRqXyf/question/202966-1731986871817.jpg,,图中标志红圈中有直行的箭头表示禁止直行，下面的辅助标志是载货小型载客汽车和拖拉机货车两个组合在一起表示除载货小型载客汽车和拖拉机货车外，其他车辆可以直行
33494,33494,如图所示，遇到这种情况的路段，不可以进入网状线区域内停车等候。,1,2,1,1,"A:正确, B:错误",正确,错误,,,,,,https://wos.58cdn.com.cn/XyVuTsRqXyf/question/33494-1693901895312.jpg,,图中信号灯虽然是绿灯，但是路口比较拥堵，此时进入会增加拥堵。网状线内禁止停车。所以本题选正确。《道路交通安全法实施条例》第五十三条：机动车在遇有前方机动车停车排队等候或者缓慢行驶时，应当依次排队，不得从前方车辆两侧穿插或者超越行驶，不得在人行横道、网状线区域内停车等候。
215,215,进入高速公路减速车道时怎样使用灯光？,2,2,2,2,"A:开启左转向灯, B:开启右转向灯, C:开启危险报警闪光灯, D:开启前照灯",开启左转向灯,开启右转向灯,开启危险报警闪光灯,开启前照灯,,,,https://wos.58cdn.com.cn/XyVuTsRqXyf/question/215-1715067178551.jpg,,图中减速车道在右侧，需提前开启右转向灯示意后方车辆。《道路交通安全法实施条例》第七十九条：机动车驶离高速公路时，应当开启右转向灯，驶入减速车道，降低车速后驶离。
471,471,这个标志是何含义？,2,2,3,3,"A:40米减速行驶路段, B:最低时速40公里, C:解除时速40公里限制, D:最高时速40公里",40米减速行驶路段,最低时速40公里,解除时速40公里限制,最高时速40公里,,,,https://wos.58cdn.com.cn/XyVuTsRqXyf/question/471-1693897503007.jpg,,解除时速40公里限制：表示限制速度路段结束。此标志设在限制车辆速度路段的终点。
26839,26839,如图所示，驾驶机动车在路口遇到这种信号灯可以左转或右转。,1,2,1,1,"A:正确, B:错误",正确,错误,,,,,,https://wos.58cdn.com.cn/XyVuTsRqXyf/question/26839-1693901195492.jpg,,图中信号灯是圆形绿灯，圆形灯可以直行、左转和右转所以本题选正确《道路交通安全实施条例》第三十八条：绿灯亮时，准许车辆通行，但转弯的车辆不得妨碍被放行的直行车辆、行人通行
216,216,驾驶小型载客汽车在高速公路上时速超过100公里时的跟车距离是多少？,2,2,4,4,"A:保持50米以上, B:保持60米以上, C:保持80米以上, D:保持100米以上",保持50米以上,保持60米以上,保持80米以上,保持100米以上,,,,,,在高速公路行驶时，车辆速度超过100km每小时，要保持100米以上跟车距离。当车速低于100km每小时，可以适当缩短跟车距离，但最小不得少于50米。《道路交通安全法实施条例》第八十条：机动车在高速公路上行驶，车速超过每小时100公里时，应当与同车道前车保持100米以上的距离。
472,472,这个标志是何含义？,2,2,4,4,"A:边防检查, B:禁止通行, C:海关检查, D:停车检查",边防检查,禁止通行,海关检查,停车检查,,,,https://wos.58cdn.com.cn/XyVuTsRqXyf/question/472-1693897504788.jpg,,停车检查：表示机动车必须停车接受检查。此标志设在关卡将近处，以便要求车辆接受检查或缴费等手续。标志中可加注说明检查事项。
728,728,超车时如已驶入左侧道路，但无法保证与前车的横向安全距离，以下做法正确的是（）。,2,2,3,3,"A:加速超越, B:并行一段距离后再超越, C:放弃超车, D:谨慎超越",加速超越,并行一段距离后再超越,放弃超车,谨慎超越,,,,,,本题考点为超车超车时要有足够的安全距离，如果无法保证与正常行驶前车的横向安全间距，没有超车条件，应当放弃超车，另寻合适机会超车并行一段距离后再超越容易发生事故，是错误的
27096,27096,这个标志的含义是禁止电动自行车进入。,1,2,1,1,"A:正确, B:错误",正确,错误,,,,,,https://wos.58cdn.com.cn/XyVuTsRqXyf/question/27096-1693901482343.jpg,,本题考点为道路交通标志相关内容。红色表示禁止。图中标志有电池表示禁止电动自行车进入。所以本题选正确。此标志设在禁止电动自行车进入路段的入口处。
33496,33496,这个标志是何含义？,2,2,4,4,"A:避让处所, B:客车站, C:停车区, D:港湾式紧急停车带",避让处所,客车站,停车区,港湾式紧急停车带,,,,https://wos.58cdn.com.cn/XyVuTsRqXyf/question/33496-1693901898021.jpg,,本题考点为道路交通标志相关内容。图中标志为港湾式紧急停车带，用以指引港湾式紧急停车带的位置。设在港湾式紧急停车带前适当位置。
217,217,驾驶小型载客汽车在高速公路上时速低于100公里时的最小跟车距离是多少？,2,2,1,1,"A:不得少于50米, B:不得少于30米, C:不得少于20米, D:不得少于10米",不得少于50米,不得少于30米,不得少于20米,不得少于10米,,,,,,在高速公路行驶时，车辆速度超过100km每小时，要保持100米以上跟车距离。当车速低于100km每小时，可以适当缩短跟车距离，但最小不得少于50米。《道路交通安全法实施条例》第八十条：机动车在高速公路上行驶，车速低于每小时100公里时，与同车道前车距离可以适当缩短，但最小距离不得少于50米。
473,473,这个标志是何含义？,2,2,1,1,"A:海关, B:国界, C:边防, D:边界",海关,国界,边防,边界,,,,https://wos.58cdn.com.cn/XyVuTsRqXyf/question/473-1693897506467.jpg,,海关：表示道路前方是海关，所有机动车应停车后通过
729,729,驾驶的车辆正在被其他车辆超越时，应怎样做？,2,2,2,2,"A:继续加速行驶, B:减速，靠右侧行驶, C:靠道路中心行驶, D:加速让路",继续加速行驶,减速，靠右侧行驶,靠道路中心行驶,加速让路,,,,,,本题考点为被超车时的操作。正在被其他车辆超越时，为安全起见，我方车辆要减速，靠右行驶，留出足够的安全距离，安全第一。
13529,13529,如图所示，行驶至这种上坡路段时，以下做法正确的是什么？,2,2,1,1,"A:换低挡位，踏加速踏板, B:换低挡位，松开加速踏板, C:换高挡位，踏加速踏板, D:换高挡位，松开加速踏板",换低挡位，踏加速踏板,换低挡位，松开加速踏板,换高挡位，踏加速踏板,换高挡位，松开加速踏板,,,,https://wos.58cdn.com.cn/XyVuTsRqXyf/question/13529-1715068334722.jpg,,上坡时，应换低挡位，踏加速踏板。低挡位能提供更大的扭矩，使车辆在上陡坡时有足够的动力爬坡。踏加速踏板可以增加发动机的输出功率，进一步增强动力，帮助车辆顺利爬上陡坡。
218,218,驾驶机动车在高速公路遇到能见度低于200米的气象条件时，最高车速是多少？,2,2,4,4,"A:不得超过100公里/小时, B:不得超过90公里/小时, C:不得超过80公里/小时, D:不得超过60公里/小时",不得超过100公里/小时,不得超过90公里/小时,不得超过80公里/小时,不得超过60公里/小时,,,,,,驾车在高速公路行驶时，遇能见度低于200米时，车速不得超过60km/h，与同车道前车保持100米以上的距离。《道路交通安全法实施条例》第八十一条：机动车在高速公路上行驶，遇有雾、雨、雪、沙尘、冰雹等低能见度气象条件，能见度小于200米时，开启雾灯、近光灯、示廓灯和前后位灯，车速不得超过每小时60公里，与同车道前车保持100米以上的距离。
474,474,这属于哪一种标志？,2,2,3,3,"A:警告标志, B:禁令标志, C:指示标志, D:指路标志",警告标志,禁令标志,指示标志,指路标志,,,,https://wos.58cdn.com.cn/XyVuTsRqXyf/question/474-1693897508117.jpg,,指示标志：表示该道路只供机动车行驶。指示标志的颜色为蓝底、白图案；形状分为圆形、长方形和正方形。
730,730,遇后车发出超车信号，在具备条件时，以下做法正确的是（）。,2,2,3,3,"A:迅速减速或紧急制动, B:让出适当空间加速行驶, C:减速并靠右侧行驶, D:减速并靠左侧行驶",迅速减速或紧急制动,让出适当空间加速行驶,减速并靠右侧行驶,减速并靠左侧行驶,,,,,,本题考点为后车超车当后车发出超车信号时，出于安全考虑，应当在条件允许的情况下主动减速靠右避让，给后车留出超车空间，防止发生相撞
28122,28122,如图所示，驾驶机动车行驶至此路段时，可以直接掉头。,1,2,2,2,"A:正确, B:错误",正确,错误,,,,,,https://wos.58cdn.com.cn/XyVuTsRqXyf/question/28122-1693901618480.jpg,,本题考点为道路交通标志相关内容。红色表示禁止。图中标志表示禁止掉头。机动车行驶至此路段时禁止掉头。所以本题选错误。禁止掉头：表示前方路口禁止一切车辆掉头。此标志设在禁止掉头的路口前适当位置。
219,219,驾驶机动车在高速公路遇到能见度低于100米的气象条件时，最高车速是多少？,2,2,1,1,"A:不得超过40公里/小时, B:不得超过60公里/小时, C:不得超过80公里/小时, D:不得超过90公里/小时",不得超过40公里/小时,不得超过60公里/小时,不得超过80公里/小时,不得超过90公里/小时,,,,,,驾车在高速公路行驶时，遇能见度低于100米时，车速不得超过40km/h，与同车道前车保持50米以上的距离。《道路交通安全法实施条例》第八十一条：机动车在高速公路上行驶，遇有雾、雨、雪、沙尘、冰雹等低能见度气象条件，能见度小于100米时，开启雾灯、近光灯、示廓灯、前后位灯和危险报警闪光灯，车速不得超过每小时40公里，与同车道前车保持50米以上的距离。
475,475,指示标志的作用是什么？,2,2,2,2,"A:限制车辆、行人通行, B:指示车辆、行人行进, C:告知方向信息, D:警告前方危险",限制车辆、行人通行,指示车辆、行人行进,告知方向信息,警告前方危险,,,,,,蓝底白图案的标志，为指示标志。指示标志用于指示车辆和行人按规定方向、地点行驶，是交通标志中主要标志的一种。
13531,13531,驾驶机动车下陡坡时，以下说法正确的是？,2,2,4,4,"A:空挡但不准熄火, B:熄火、空挡, C:熄火但不准空挡, D:不准空挡或熄火",空挡但不准熄火,熄火、空挡,熄火但不准空挡,不准空挡或熄火,,,,,,下陡坡时不准空挡或熄火，因为车辆失去了发动机的牵制，只能靠刹车来控制车速，会造成刹车片温度升高，影响制动效果，有极大的安全隐患
28123,28123,下列哪个交通标志，表示该道路仅供非机动车推行，不准骑行？,2,2,4,4,"A:如图中B所示, B:如图中A所示, C:如图中D所示, D:如图中C所示",如图中B所示,如图中A所示,如图中D所示,如图中C所示,,,,https://wos.58cdn.com.cn/XyVuTsRqXyf/question/28123-1693901620646.jpg,,图A表示非机动车与行人共享空间通行；图B表示步行标志，表示该道路只供步行；图C表示非机动车推行，表示该道路仅供非机动车推行；图D表示应急避难场所。
220,220,驾驶机动车在高速公路遇到能见度低于50米的气象条件时，车速不得超过20公里/小时，还应怎么做？,2,2,2,2,"A:进入应急车道行驶, B:尽快驶离高速公路, C:在路肩低速行驶, D:尽快在路边停车",进入应急车道行驶,尽快驶离高速公路,在路肩低速行驶,尽快在路边停车,,,,,,驾车在高速公路行驶时，遇能见度低于50米时，车速不得超过20km/h，并尽快驶离高速公路。《道路交通安全法实施条例》第八十一条：机动车在高速公路上行驶，遇有雾、雨、雪、沙尘、冰雹等低能见度气象条件，能见度小于50米时，开启雾灯、近光灯、示廓灯、前后位灯和危险报警闪光灯，车速不得超过每小时20公里，并从最近的出口尽快驶离高速公路。
476,476,这个标志是何含义？,2,2,2,2,"A:直行车道, B:只准直行, C:单行路, D:禁止直行",直行车道,只准直行,单行路,禁止直行,,,,https://wos.58cdn.com.cn/XyVuTsRqXyf/question/476-1693897510074.jpg,,图中标志为圆形蓝色底，图案为向上的白色箭头，是指示标志中的只准直行标志，表示一切车辆只准直行。
13532,13532,下面哪种做法能帮助您避免被其他车辆从后方追撞？,2,2,2,2,"A:在任何时候都打开转向灯, B:在转弯前提前打开相应的转向灯, C:一直打开双闪, D:转弯前鸣笛示意",在任何时候都打开转向灯,在转弯前提前打开相应的转向灯,一直打开双闪,转弯前鸣笛示意,,,,,,转弯前提前打开相应的转向灯，告知后车我方即将转弯，便于提前准备，以避免追撞。车辆行驶中，驾驶人要充分借助车辆照明及信号装置向其他交通参与者发出信号，表明自己的行驶意图和行驶状态，让其他车辆和行人及时地注意到自己。
26844,26844,在这个路段，即使后方没有来车，也不可以倒车。,1,2,1,1,"A:正确, B:错误",正确,错误,,,,,,https://wos.58cdn.com.cn/XyVuTsRqXyf/question/26844-1693901200396.jpg,,图中车辆行驶在高速公路入口匝道，匝道上不准超车、掉头、停车和倒车。所以本题选正确。《道路交通安全法实施条例》第八十二条：机动车在高速公路上行驶，不得有下列行为：倒车、逆行、穿越中央分隔带掉头或者在车道内停车；在匝道、加速车道或者减速车道上超车。
221,221,图中车辆驶离高速公路时以下操作正确的是（）。,2,2,4,4,"A:保持高速行驶, B:开启左转向灯, C:驶入左侧车道, D:驶入减速车道",保持高速行驶,开启左转向灯,驶入左侧车道,驶入减速车道,,,,https://wos.58cdn.com.cn/XyVuTsRqXyf/question/221-1715067425469.jpg,,图中机动车要驶离高速公路，右侧是减速车道，应开启右转向灯驶入减速车道《道路交通安全法实施条例》规定：机动车驶离高速公路时，应当开启右转向灯，驶入减速车道，降低车速后驶离
733,733,在堵车的交叉路口绿灯亮时，车辆应怎样做？,2,2,2,2,"A:可直接驶入交叉路口, B:不能驶入交叉路口, C:在保证安全的情况下驶入交叉路口, D:可借对向车道通过路口",可直接驶入交叉路口,不能驶入交叉路口,在保证安全的情况下驶入交叉路口,可借对向车道通过路口,,,,,,本题考点为交叉路口。交叉路口堵塞时，即使绿灯亮起，也要依次在路口外等候，不得直接驶入路口。《道路交通安全法实施条例》第五十三条：机动车遇有前方交叉路口交通阻塞时，应当依次停在路口以外等候，不得进入路口。
13533,13533,夜间行驶，与对向车道车辆交会时，以下做法正确的是？,2,2,3,3,"A:保持使用远光灯, B:远光灯和近光灯之间不断来回切换, C:切换为近光灯, D:关闭灯光",保持使用远光灯,远光灯和近光灯之间不断来回切换,切换为近光灯,关闭灯光,,,,https://wos.58cdn.com.cn/XyVuTsRqXyf/question/13533-1693900321633.jpg,,图中是夜间照明条件不良的路段，在与对向车辆交会时，要将远光灯切换为近光灯。《道路交通安全法实施条例》第四十八条：夜间会车应当在距相对方向来车150米以外改用近光灯。
222,222,可以从这个位置直接驶入高速公路行车道。,1,2,2,2,"A:正确, B:错误",,,,,,,,https://wos.58cdn.com.cn/XyVuTsRqXyf/question/222-1693897282714.jpg,,图中蓝箭头虽然往左进入高速公路，但是压到白色实线，所以选错误。《道路交通安全法实施条例》第七十九条：机动车从匝道驶入高速公路，应当开启左转向灯，在不妨碍已在高速公路内的机动车正常行驶的情况下驶入车道。
478,478,这个标志是何含义？,2,2,4,4,"A:直行车道, B:只准直行, C:单行路, D:向右转弯",直行车道,只准直行,单行路,向右转弯,,,,https://wos.58cdn.com.cn/XyVuTsRqXyf/question/478-1693897513475.jpg,,图中标志为圆形蓝色底，图案为向右的白色箭头，是指示标志中的向右转弯标志，表示只准一切车辆向右转弯。此标志设在车辆必须向右转弯的路口以前适当位置。
26846,26846,牵引故障车时，牵引车和被牵引车均应当开启危险报警闪光灯。,1,2,1,1,"A:正确, B:错误",正确,错误,,,,,,,,《道路交通安全法实施条例》第六十一条：牵引故障车时，牵引车和被牵引车均应当开启危险报警闪光灯。
225502,225502,超车时应确认具备足够的横向距离，不可越实线超车。,1,2,1,1,"A:正确, B:错误",正确,错误,,,,,,,,本题考点为超车超车时要保证足够安全的横向距离，防止发生相撞，实线不可跨越，不得越过实线超车
479,479,这个标志是何含义？,2,2,1,1,"A:直行和向右转弯, B:直行和向左转弯, C:禁止直行和向右转弯, D:只准向左和向右转弯",直行和向右转弯,直行和向左转弯,禁止直行和向右转弯,只准向左和向右转弯,,,,https://wos.58cdn.com.cn/XyVuTsRqXyf/question/479-1693897515263.jpg,,图中标志为圆形蓝色底，图案为向上和向右的白色箭头，是指示标志中的直行和向右转弯标志，表示只准一切车辆直行和向右转弯。此标志设在车辆必须直行和向右转弯的路口以前适当位置。
735,735,驾驶车辆驶入铁路道口前减速降挡，进入道口后，以下做法正确的是什么？,2,2,1,1,"A:不能变换挡位, B:可以变换挡位, C:可换为高挡, D:停车观察",不能变换挡位,可以变换挡位,可换为高挡,停车观察,,,,,,本题考点为铁路道口。铁路道口的道路一般都比较颠簸，通过时速度较慢，如果换挡容易熄火，因此应当提前变换低速挡行驶。想减速降挡的要在铁路道口前完成，进入道口后不能变换挡位，万一熄火，后果很严重。
198111,198111,这个标志的含义是禁止载货汽车驶入。,1,2,2,2,"A:正确, B:错误",,,,,,,,https://wos.58cdn.com.cn/XyVuTsRqXyf/question/198111-1727341659652.jpg,,本题考点为道路交通标志相关内容。图中标志是禁止载客汽车驶入，题中说禁止载货汽车驶入；与题干不符，因此本题选错。
28127,28127,如图所示，驾驶小型载客汽车在高速公路上行驶，同方向有3条车道的，中间车道的最低车速为每小时多少公里？,2,2,1,1,"A:90, B:110, C:100, D:80",90,110,100,80,,,,https://wos.58cdn.com.cn/XyVuTsRqXyf/question/28127-1693901623824.jpg,,同方向有3条以上车道的，最左侧车道的最低车速为每小时110公里，中间车道的最低车速为每小时90公里。《道路交通安全法实施条例》第七十八条：同方向有2条车道的，左侧车道的最低车速为每小时100公里。同方向有3条以上车道的，最左侧车道的最低车速为每小时110公里，中间车道的最低车速为每小时90公里。
224,224,这辆小型载客汽车进入高速公路行车道的行为是正确的。,1,2,2,2,"A:正确, B:错误",,,,,,,,https://wos.58cdn.com.cn/XyVuTsRqXyf/question/224-1693897287677.jpg,,图中车辆在进入高速公路时，压到了左侧白色实线，所以选择错误。进入高速公路时需按照地面的导流标线行驶，进入高速公路行车道。
480,480,这个标志是何含义？,2,2,2,2,"A:直行和向右转弯, B:直行和向左转弯, C:禁止直行和向左转弯, D:只准向右和向左转弯",直行和向右转弯,直行和向左转弯,禁止直行和向左转弯,只准向右和向左转弯,,,,https://wos.58cdn.com.cn/XyVuTsRqXyf/question/480-1693897517047.jpg,,图中标志为圆形蓝色底，图案为向上和向左的白色箭头，是指示标志中的直行和向左转弯标志，表示只准一切车辆直行和向左转弯。此标志设在车辆必须直行和向左转弯的路口以前适当位置。
198112,198112,如图所示，驾驶机动车遇到这种情形时，应停车让行。,1,2,1,1,"A:正确, B:错误",,,,,,,,https://wos.58cdn.com.cn/XyVuTsRqXyf/question/198112-1724658129412.jpg,,本题考点为避让行人和非机动车相关内容。图中车辆前方人行横道上此时正有行人通过，应在人行横道外停车等待行人优先通过。
26848,26848,机动车在道路上行驶不得超过限速标志、标线标明的速度安全行驶。,1,2,1,1,"A:正确, B:错误",正确,错误,,,,,,,,《道路交通安全法实施条例》第四十五条：机动车在道路上行驶不得超过限速标志、标线标明的速度。
225504,225504,后方无来车时，己车可不开转向灯变道。,1,2,2,2,"A:正确, B:错误",正确,错误,,,,,,,,变更车道时应开启左转向灯，就算后方无来车也要提前开启左转向灯，确认安全后变道
225,225,这辆小型载客汽车驶离高速公路行车道的方法是正确的。,1,2,1,1,"A:正确, B:错误",,,,,,,,https://wos.58cdn.com.cn/XyVuTsRqXyf/question/225-1693897290009.jpg,,图中车辆开启了右转向灯，并在虚线处向右驶入减速车道，这种方法是正确的。《道路交通安全法实施条例》第七十九条：机动车驶离高速公路时，应当开启右转向灯，驶入减速车道，降低车速后驶离。
481,481,这个标志是何含义？,2,2,3,3,"A:禁止向右转弯, B:禁止向左转弯, C:向左和向右转弯, D:禁止向左右转弯",禁止向右转弯,禁止向左转弯,向左和向右转弯,禁止向左右转弯,,,,https://wos.58cdn.com.cn/XyVuTsRqXyf/question/481-1693897518690.jpg,,图中标志为圆形蓝色底，图案为向左和向右的白色箭头，是指示标志中的向左和向右转弯标志，表示只准一切车辆向左和向右转弯。此标志设在车辆必须向左和向右转弯的路口以前适当位置。
737,737,驶近没有人行横道的交叉路口时，发现有人横穿道路，应怎样做？,2,2,1,1,"A:减速或停车让行, B:鸣喇叭示意其让道, C:抢在行人之前通过, D:立即变道绕过行人",减速或停车让行,鸣喇叭示意其让道,抢在行人之前通过,立即变道绕过行人,,,,,,本题考点为避让行人。交叉路口交通情况复杂，行车时只要遇到行人横穿道路，就必须减速或停车让行。《道路交通安全法》第四十七条：机动车行经人行横道时，应当减速行驶；遇行人正在通过人行横道，应当停车让行。
198113,198113,这个标志的含义是禁止载货汽车驶入。,1,2,2,2,"A:正确, B:错误",,,,,,,,https://wos.58cdn.com.cn/XyVuTsRqXyf/question/198113-1727341729730.jpg,,本题考点为道路交通标志相关内容。图中标志是货车通行标志。此标志表示货车应在该道路上行驶，其他车辆也可以在该道路上行驶。设在指定的货车通行道路的起点及交叉口的入口处。
225505,225505,机动车在高速公路上发生故障时，应在来车方向150米外设置警告标志。,1,2,1,1,"A:正确, B:错误",正确,错误,,,,,,,,高速路上故障，警告标志应设置在车辆来车方向150米以外所以本题选正确《道路交通安全法》第六十八条：机动车在高速公路上发生故障时，警告标志应当设置在故障车来车方向一百五十米以外，车上人员应当迅速转移到右侧路肩上或者应急车道内，并且迅速报警
226,226,这辆在高速公路上临时停放的故障车，警告标志应该设置在车后多远处？,2,2,1,1,"A:150米以外, B:50～150米, C:50～100米, D:50米以内",150米以外,50～150米,50～100米,50米以内,,,,https://wos.58cdn.com.cn/XyVuTsRqXyf/question/226-1693897292476.jpg,,图中是高速公路，高速上发生故障警告标志要设置在车后150米以外。《道路交通安全法》第六十八条：机动车在高速公路上发生故障时，应当依照本法第五十二条的有关规定办理；但是，警告标志应当设置在故障车来车方向一百五十米以外，车上人员应当迅速转移到右侧路肩上或者应急车道内，并且迅速报警。
482,482,这个标志是什么？,2,2,2,2,"A:多乘员车辆（HOV）专用车道, B:分隔带右侧行驶, C:公交专用车道, D:有轨电车专用车道",多乘员车辆（HOV）专用车道,分隔带右侧行驶,公交专用车道,有轨电车专用车道,,,,https://wos.58cdn.com.cn/XyVuTsRqXyf/question/482-1693897520448.jpg,,图中标志为圆形蓝色底，图案为斜向右下的白色箭头，是指示标志中的分隔带右侧行驶标志，表示只准一切车辆靠右侧道路行驶。
225506,225506,这个标志用以提醒车辆驾驶人注意前方车道数量变少。,1,2,1,1,"A:正确, B:错误",正确,错误,,,,,,https://wos.58cdn.com.cn/XyVuTsRqXyf/question/225506-1760949369237.jpg,,三条车道变成两条车道，代表车道数量变少车道数变少标志，用以提醒车辆驾驶人注意前方车道数量变少
33506,33506,如图所示，驾驶小型载客汽车在高速公路上行驶，同方向有2条车道的，左侧车道的最低车速为每小时多少公里？,2,2,2,2,"A:90, B:100, C:110, D:80",90,100,110,80,,,,https://wos.58cdn.com.cn/XyVuTsRqXyf/question/33506-1716188859190.jpg,,高速公路上行驶，同方向有2条车道的，左侧车道的最低车速为每小时100公里。右侧车道最低车速为每小时60公里。《道路交通安全法实施条例》规定，同方向有2条车道的，左侧车道的最低车速为每小时100公里。道路限速标志标明的车速与上述车道行驶车速的规定不一致的，按照道路限速标志标明的车速行驶。
227,227,机动车在高速公路上发生故障时错误的做法是什么？,2,2,3,3,"A:开启危险报警闪光灯, B:按规定设置警告标志, C:车上人员不能下车, D:迅速报警",开启危险报警闪光灯,按规定设置警告标志,车上人员不能下车,迅速报警,,,,,,注意此题选错误的，发生故障要先将车上人员疏散到安全地带，待在车上会更危险。《道路交通安全法》第六十八条：机动车在高速公路上发生故障时，应当依照本法第五十二条的有关规定办理；但是，警告标志应当设置在故障车来车方向一百五十米以外，车上人员应当迅速转移到右侧路肩上或者应急车道内，并且迅速报警。
483,483,这个标志是何含义？,2,2,1,1,"A:分隔带左侧行驶, B:只准向左转弯, C:左侧是下坡路段, D:靠道路左侧停车",分隔带左侧行驶,只准向左转弯,左侧是下坡路段,靠道路左侧停车,,,,https://wos.58cdn.com.cn/XyVuTsRqXyf/question/483-1693897522206.jpg,,图中标志为圆形蓝色底，图案为斜向左下的白色箭头，是指示标志中的分隔带左侧行驶标志，表示只准一切车辆靠左侧道路行驶。
225507,225507,驾车时，以下哪个地点可以掉头？,2,2,4,4,"A:铁路道口, B:桥梁, C:急弯, D:停车场",铁路道口,桥梁,急弯,停车场,,,,,,驾驶机动车时，若想掉头只能在停车场；其他路段均为禁止掉头路段
228,228,机动车在高速公路上发生故障或交通事故无法正常行驶时由什么车拖拽或牵引？,2,2,4,4,"A:过路车, B:大客车, C:同行车, D:清障车",过路车,大客车,同行车,清障车,,,,,,车辆在高速发生故障需要牵引，应由救援车、清障车拖曳、牵引。过路车、大客车、同行车不具备牵引条件。《道路交通安全法》第六十八条：机动车在高速公路上发生故障或者交通事故，无法正常行驶的，应当由救援车、清障车拖曳、牵引。
740,740,行车中遇抢救伤员的救护车从本车道逆向驶来时，应怎样做？,2,2,1,1,"A:靠边减速或停车让行, B:占用其他车道行驶, C:加速变更车道避让, D:在原车道内继续行驶",靠边减速或停车让行,占用其他车道行驶,加速变更车道避让,在原车道内继续行驶,,,,,,本题考点为避让特种车辆。行车中遇抢救伤员的救护车要靠边减速或停车让行。《道路交通安全法》第五十三条：警车、消防车、救护车、工程救险车执行紧急任务时，可以使用警报器、标志灯具；在确保安全的前提下，不受行驶路线、行驶方向、行驶速度和信号灯的限制，其他车辆和行人应当让行。
28132,28132,驾驶机动车向右变更车道前应仔细观察右侧车道车流情况，判断有无变更车道的条件。,1,2,1,1,"A:正确, B:错误",正确,错误,,,,,,,,驾驶机动车向右变更车道时应当要仔细观察右侧车道情况，判断有无变更车道的条件，确认安全后提前开启右转向灯。所以本题选择正确。《道路交通安全法实施条例》第五十七条：机动车向左转弯、向左变更车道、准备超车、驶离停车地点或者掉头时，应当提前开启左转向灯。向右变更车道时，应当开启右转向灯。
225508,225508,距离隧道50米以内的路段不得停车。,1,2,1,1,"A:正确, B:错误",正确,错误,,,,,,,,《道路交通安全法实施条例》第六十三条：交叉路口、铁路道口、急弯路、宽度不足4米的窄路、桥梁、陡坡、隧道以及距离上述地点50米以内的路段，不得停车
33508,33508,如图所示，在这段道路上可以变更到左侧车道掉头。,1,2,2,2,"A:正确, B:错误",,,,,,,,https://wos.58cdn.com.cn/XyVuTsRqXyf/question/33508-1693901901048.jpg,,变更车道时只能在虚线区域变更，此时变更车道的位置是实线区域，不得变更车道掉头。所以本题选错误。
229,229,机动车在高速公路上发生故障时，在来车方向50至100米处设置警告标志。,1,2,2,2,"A:正确, B:错误",,,,,,,,,,注意题中说的是高速公路，高速公路警告标志要设置在车后150米以外。《道路交通安全法》第六十八条：机动车在高速公路上发生故障时，应当依照本法第五十二条的有关规定办理；但是，警告标志应当设置在故障车来车方向一百五十米以外，车上人员应当迅速转移到右侧路肩上或者应急车道内，并且迅速报警。
485,485,这个标志是何含义？,2,2,3,3,"A:直行和左转弯行驶, B:直行和右转弯行驶, C:立体交叉直行和右转弯行驶, D:立体交叉直行和左转弯行驶",直行和左转弯行驶,直行和右转弯行驶,立体交叉直行和右转弯行驶,立体交叉直行和左转弯行驶,,,,https://wos.58cdn.com.cn/XyVuTsRqXyf/question/485-1693897525617.jpg,,图中标志为圆形蓝色底，图案为交叉的向上和向右白色箭头，并且两箭头由一根弧线连接，是指示标志中的立体交叉直行和右转弯行驶标志，表示车辆在立交处可以直行和按图示路线右转弯行驶。此标志设在立交右转弯出口处适当位置。
193765,193765,驾驶机动车在高速公路上行驶，车速超过每小时100公里时，应当与同车道前车保持多少米以上的距离？,2,2,2,2,"A:50, B:100, C:150, D:200",50,100,150,200,,,,,,本题考点为高速公路上跟车距离的要求。当车速超过每小时100公里时，与同车道前车保持100米及以上的跟车距离。所以本题选择100。《道路交通安全法实施条例》第八十条：机动车在高速公路上行驶，车速超过每小时100公里时，应当与同车道前车保持100米以上的距离，车速低于每小时100公里时，与同车道前车距离可以适当缩短，但最小距离不得少于50米。
230,230,机动车在高速公路上发生故障时，将车上人员迅速转移到右侧路肩上或者应急车道内，并且迅速报警。,1,2,1,1,"A:正确, B:错误",,,,,,,,,,题干中主要说车上人员在发生故障后的做法，并没有提到首先要做什么，因此可以忽略开启危险报警闪光灯一项。选正确。《道路交通安全法》：机动车在高速公路上发生故障时，车上人员应当迅速转移到右侧路肩上或者应急车道内，并且迅速报警。
486,486,这个标志是何含义？,2,2,4,4,"A:右侧通行, B:左侧通行, C:向右行驶, D:环岛行驶",右侧通行,左侧通行,向右行驶,环岛行驶,,,,https://wos.58cdn.com.cn/XyVuTsRqXyf/question/486-1693897527359.jpg,,图中标志为圆形蓝色底，图案为三个首尾连接呈环形的白色箭头，是指示标志中的环岛行驶标志，表示只准一切车辆靠左侧道路行驶。此标志设在环岛面向路口来车方向适当位置。
13542,13542,图中左侧白色轿车，在这种情况下为了保证安全，应适当降低车速。,1,2,1,1,"A:正确, B:错误",,,,,,,,https://wos.58cdn.com.cn/XyVuTsRqXyf/question/13542-1724654673175.jpg,,图中道路右侧有限速标志，说明该路段车速应低于60公里/小时。根据仪表显示，目前车速等于60公里/小时，已超速，所以应适当降低车速。所以本题选正确。
225510,225510,前方有下列哪种车辆可以超车？,2,2,4,4,"A:执行任务的救护车, B:执行任务的警车, C:执行任务的消防车, D:城市公交车",执行任务的救护车,执行任务的警车,执行任务的消防车,城市公交车,,,,,,《道路交通安全法》第四十三条：前车为执行紧急任务的警车、消防车、救护车、工程救险车的，不得超车
231,231,机动车在高速公路上发生交通事故无法正常行驶时，用救援车、清障车拖拽、牵引。,1,2,1,1,"A:正确, B:错误",,,,,,,,,,车辆在高速发生故障需要牵引，应由救援车、清障车拖曳、牵引。《道路交通安全法》第六十八条：机动车在高速公路上发生故障或者交通事故，无法正常行驶的，应当由救援车、清障车拖曳、牵引。
487,487,这个标志是何含义？,2,2,1,1,"A:向左单行路, B:向右单行路, C:直行单行路, D:左转让行",向左单行路,向右单行路,直行单行路,左转让行,,,,https://wos.58cdn.com.cn/XyVuTsRqXyf/question/487-1716189724724.jpg,,图中标志为方形蓝色底，图案为向左的白色箭头，是指示标志中的向左单行路标志，表示该道路为单向行驶，已进入车辆应依标志指示方向行车，图中为向左单行路。
225511,225511,"图中交通标志是指（）。
",2,2,4,4,"A:急弯路, B:反向弯路, C:注意合流, D:环形交叉路口",急弯路,反向弯路,注意合流,环形交叉路口,,,,https://wos.58cdn.com.cn/XyVuTsRqXyf/question/225511-1760949537212.jpg,,黄色三角形里面有黑色的环形，表示前方是环形交叉路口驾车人在进入环形交叉路口前，减速慢行，开左转向灯，注意来自左方已经驶入环岛的车辆；进入环岛后，则应将注意力转到由右侧向环道内驶入的车辆
488,488,这个标志是何含义？,2,2,2,2,"A:向左单行路, B:向右单行路, C:直行单行路, D:右转让行",向左单行路,向右单行路,直行单行路,右转让行,,,,https://wos.58cdn.com.cn/XyVuTsRqXyf/question/488-1716189693049.jpg,,图中标志为方形蓝色底，图案为向右的白色箭头，是指示标志中的向右单行路标志，表示该道路为单向行驶，已进入车辆应依标志指示方向行车，图中为向右单行路
24552,24552,驾驶机动车在高速公路上行驶时，应尽可能避免与其他车辆长时间并行。,1,2,1,1,"A:正确, B:错误",,,,,,,,,,高速上长时间与其他车辆并排行驶，是一件非常危险的事情，要尽可能避免所以本题选正确高速上行驶速度较快，并行时两车之间的横向间距缩小，邻道车辆发生突发情况，另一辆车来不急反应，容易引发碰撞事故
225512,225512,雾天行车可开启远光灯。,1,2,2,2,"A:正确, B:错误",正确,错误,,,,,,,,本题考点为灯光的使用相关内容雾天能见度低，为让其他车辆看到自己，要开启雾灯和危险报警闪光灯《道路交通安全法实施条例》规定：机动车在雾天行驶时，应当开启雾灯和危险报警闪光灯
489,489,这个标志是何含义？,2,2,3,3,"A:靠右侧行驶, B:不允许直行, C:直行单行路, D:直行车让行",靠右侧行驶,不允许直行,直行单行路,直行车让行,,,,https://wos.58cdn.com.cn/XyVuTsRqXyf/question/489-1693897531579.jpg,,图中标志为方形蓝色底，图案为向上的白色箭头，是指示标志中的直行单行路标志，表示该道路为单向行驶，已进入车辆应该按标志指示方向行车，图中为直行单行路。
24553,24553,如图所示，驾驶机动车驶出匝道后可以直接驶入行车道。,1,2,2,2,"A:正确, B:错误",,,,,,,,https://wos.58cdn.com.cn/XyVuTsRqXyf/question/24553-1715072999433.jpg,,图中机动车驶出匝道后，在进入高速公路行车道时，不可直接驶入行车道，必须经过加速车道加速后。打开左转向灯，确认后方无车辆通过后再进入行车道。题中说可以直接驶入是错误的，所以本题选错误。
225513,225513,图中A车想要超车，C车已减速、靠右，此时A车正确的做法是（）。,2,2,1,1,"A:放弃超车, B:鸣喇叭示意B车让行, C:从B、C两车间隙加速超车通过, D:直接向左变道迫使B车让行",放弃超车,鸣喇叭示意B车让行,从B、C两车间隙加速超车通过,直接向左变道迫使B车让行,,,,https://wos.58cdn.com.cn/XyVuTsRqXyf/question/225513-1760951178854.jpg,,图中A车前方行驶的C车已经减速靠右，但是对向车道B车与C车正在会车，此时A车若想超车应放弃超车，等B车与C车安全会车后，再超车
490,490,这个标志是何含义？,2,2,4,4,"A:低速行驶, B:注意行人, C:行人先行, D:步行",低速行驶,注意行人,行人先行,步行,,,,https://wos.58cdn.com.cn/XyVuTsRqXyf/question/490-1693897532748.jpg,,图中标志为圆形蓝色底，图案为一大一小两个白色人形，是指示标志中的步行标志，表示该道路只供步行，任何车辆不准进入。
24554,24554,如图所示，A车若想左转，以下做法正确的是什么？,2,2,1,1,"A:直行通过，重新选择行驶路线, B:从直行车道左转, C:直接变更到左转车道, D:向右转弯，重新选择行驶路线",直行通过，重新选择行驶路线,从直行车道左转,直接变更到左转车道,向右转弯，重新选择行驶路线,,,,https://wos.58cdn.com.cn/XyVuTsRqXyf/question/24554-1693900785237.jpg,,图中A车所在车道是直行车道，向左转弯，只能通过左转弯车道进行转弯。A车已错过转弯机会，只能直行通过，重新选择行驶路线。
491,491,这个标志是何含义？,2,2,1,1,"A:应当鸣喇叭, B:禁止鸣喇叭, C:禁止鸣高音喇叭, D:禁止鸣低音喇叭",应当鸣喇叭,禁止鸣喇叭,禁止鸣高音喇叭,禁止鸣低音喇叭,,,,https://wos.58cdn.com.cn/XyVuTsRqXyf/question/491-1693897534442.jpg,,图中标志为圆形蓝色底，图案为一个白色的喇叭，是指示标志中的鸣喇叭标志，表示机动车行至该标志处应鸣喇叭，以提醒其他道路使用者注意。一般在公路的急转弯处、陡坡等视野不良路段的起点。
24555,24555,图中A车可沿箭头方向驶离高速公路。,1,2,2,2,"A:正确, B:错误",,,,,,,,https://wos.58cdn.com.cn/XyVuTsRqXyf/question/24555-1755054089149.jpg,,图中A车即将错过下高速的出口了，这时候压实线通过是非常危险的所以本题选错误《道路交通安全实施条例》第八十二条：机动车在高速公路上行驶，不得有下列行为：倒车、逆行、穿越中央分隔带掉头或者在车道内停车；在匝道、加速车道或者减速车道上超车；骑、轧车行道分界线或者在路肩上行驶；非紧急情况时在应急车道行驶或者停车；试车或者学习驾驶机动车
492,492,这个标志是何含义？,2,2,1,1,"A:人行横道, B:学生通道, C:儿童通道, D:注意行人",人行横道,学生通道,儿童通道,注意行人,,,,https://wos.58cdn.com.cn/XyVuTsRqXyf/question/492-1693897536115.jpg,,图中标志为方形蓝色底，图案为一个白色三角形中有走在人行横道上的行人，是指示标志中的人行横道标志，表示该处为专供行人横穿马路的道路。此标志设在人行横道的两侧。
748,748,机动车在道路边临时停车时，应怎样做？,2,2,3,3,"A:可逆向停放, B:可并列停放, C:不得逆向或并列停放, D:只要出去方便，可随意停放",可逆向停放,可并列停放,不得逆向或并列停放,只要出去方便，可随意停放,,,,,,本题考点为临时停车。路边临时停车时，不得妨碍其他车辆和行人通行，逆向、并列、随意停放都会妨碍其他车辆和行人通行，所以不能这样停放。《道路交通安全法》第五十六条：机动车应当在规定地点停放。在道路上临时停车的，不得妨碍其他车辆和行人通行。
24556,24556,驾驶机动车在高速公路上遇前方车流缓行时，以下做法正确的是什么？,2,2,1,1,"A:跟随车流行驶，保持安全车距, B:进入应急车道行驶, C:可以倒车, D:立即停车",跟随车流行驶，保持安全车距,进入应急车道行驶,可以倒车,立即停车,,,,,,高速公路上遇前方车流缓行，应跟随车流行驶，保持安全车距。在高速公路上立即停车是非常危险的，容易导致后方车辆追尾；高速公路上倒车是违法行为，而且可能引发重大交通事故；在高速公路上行驶如果没有紧急的情况机动车不得在应急车道上行驶。
27116,27116,车辆在高速公路匝道上倒车时，应打开危险报警闪光灯。,1,2,2,2,"A:正确, B:错误",正确,错误,,,,,,,,在高速公路匝道上，不准超车、掉头、停车和倒车。所以本题选错误。《道路交通安全法实施条例》第八十二条：机动车在高速公路上行驶，不得有下列行为：倒车、逆行、穿越中央分隔带掉头或者在车道内停车；在匝道、加速车道或者减速车道上超车。
225516,225516,停车后应观察前后交通环境确保安全，再打开车门。,1,2,1,1,"A:正确, B:错误",正确,错误,,,,,,,,停车后先确认周围环境，再开车门，开关车门时不得妨碍他人通行所以本题选正确靠边停车时，提前开启右转向灯，观察周围交通情况需要下车的，回头观察左后方交通情况，确认安全后，缓慢打开车门，下车后关闭车门
493,493,这个标志是何含义？,2,2,2,2,"A:高度限速50公里/小时, B:最低限速50公里/小时, C:水平高度50米, D:海拔高度50米",高度限速50公里/小时,最低限速50公里/小时,水平高度50米,海拔高度50米,,,,https://wos.58cdn.com.cn/XyVuTsRqXyf/question/493-1693897538024.jpg,,图中标志为圆形蓝色底，图案为白色的数字，圆形底部为白色，是指示标志中的最低限速50公里/小时标志，表示机动车驶入前方道路的最低时速为50公里/小时。此标志设在高速公路或其他道路限速路段的起点。注意区分最高限速标志为白底红字。
749,749,车辆在雨天临时停车时，应开启什么灯？,2,2,2,2,"A:前后雾灯, B:危险报警闪光灯, C:前大灯, D:倒车灯",前后雾灯,危险报警闪光灯,前大灯,倒车灯,,,,,,本题考点为雨天临时停车。雨天路面湿滑，临时停车时要开启危险报警闪光灯，提醒其他车辆注意，以防止后车反应不及时而造成追尾。
2541,2541,大雾天行车多鸣喇叭是为了（）。,2,2,4,4,"A:准备超车, B:催促前车提速, C:催促前车让行, D:引起交通参与者注意",准备超车,催促前车提速,催促前车让行,引起交通参与者注意,,,,,,本题考点为雾天大雾天能见度低，不易于观察周围环境，鸣喇叭是为了提醒对方引起交通参与者注意，这边有车，能避免发生交通事故
24557,24557,驾驶机动车驶出地下车库时，应按照导向箭头的方向行驶，不得逆行。,1,2,1,1,"A:正确, B:错误",,,,,,,,,,地下车库光线较暗，车辆较多，此时驶出地下车库时应按照导向箭头行驶，如果逆行很容易和对向车发生事故。所以本题选正确。
27117,27117,如图所示，在道路与铁路道口遇到一个红灯亮时要停车等待。,1,2,1,1,"A:正确, B:错误",正确,错误,,,,,,https://wos.58cdn.com.cn/XyVuTsRqXyf/question/27117-1693901483761.jpg,,图中铁路道口红灯亮起，表示禁止通行，车辆需要停车等待。所以本题选正确。《道路交通安全法实施条例》第四十三条：道路与铁路平面交叉道口有两个红灯交替闪烁或者一个红灯亮时，表示禁止车辆、行人通行；红灯熄灭时，表示允许车辆、行人通行。
238,238,在什么情况下不得行车？,2,2,2,2,"A:车窗没关闭, B:车门没关闭, C:音响没关闭, D:顶窗没关闭",车窗没关闭,车门没关闭,音响没关闭,顶窗没关闭,,,,,,驾驶人在行车前要关好车门、系好安全带，确保行车安全后才能上路行驶。《道路交通安全法实施条例》第六十二条：驾驶机动车不得有在车门、车厢没有关好时行车的行为。
494,494,这个标志是何含义？,2,2,3,3,"A:单行路, B:停车让行, C:干路先行, D:两侧街道",单行路,停车让行,干路先行,两侧街道,,,,https://wos.58cdn.com.cn/XyVuTsRqXyf/question/494-1693897539763.jpg,,图中标志为方形蓝色底，图案为腰部有白色横线的向上箭头，是指示标志中的干路先行标志，表示从支路进入干路的机动车在无交通警察指挥和交通信号灯的情况下要避让在干路上行驶的机动车，让干路上行驶的机动车先行。此标志设在车道以前适当位置。
750,750,车辆在雪天临时停车时，应开启什么灯？,2,2,4,4,"A:前后雾灯, B:倒车灯, C:前大灯, D:危险报警闪光灯",前后雾灯,倒车灯,前大灯,危险报警闪光灯,,,,,,本题考点为雪天临时停车。雪天路面湿滑，临时停车时要开启危险报警闪光灯、示廓灯和后位灯，提醒其他车辆注意，以防止后车反应不及时而造成追尾，所以本题选择危险报警闪光灯。
2542,2542,如图所示，在这种情况下通过路口，交替使用远近光灯的目的是什么？,2,2,1,1,"A:提示其他交通参与者注意来车, B:检查灯光是否能正常使用, C:准备变更车道, D:超车前提示前车",提示其他交通参与者注意来车,检查灯光是否能正常使用,准备变更车道,超车前提示前车,,,,https://wos.58cdn.com.cn/XyVuTsRqXyf/question/2542-1693899378456.jpg,,图中情况是夜间通过无交通信号灯的交叉路口。夜间光线不足，不易于观察周围环境，交替使用远近光灯，是为了提示其他交通参与者注意来车，以避免发生交通事故。
24558,24558,如图所示，驾驶机动车在路口遇到这种信号灯亮时，确认安全后通过。,1,2,1,1,"A:正确, B:错误",,,,,,,,https://wos.58cdn.com.cn/XyVuTsRqXyf/question/24558-1693900794541.jpg,,路口信号灯是绿灯，表示准许车辆通行，因此在确认安全后可以通过所以本题选正确《道路交通安全实施条例》第三十八条：绿灯亮时，准许车辆通行，但转弯的车辆不得妨碍被放行的直行车辆、行人通行
239,239,驾驶机动车下陡坡时不得有哪些危险行为？,2,2,2,2,"A:提前减挡, B:空挡滑行, C:低挡行驶, D:制动减速",提前减挡,空挡滑行,低挡行驶,制动减速,,,,,,下长坡熄火或空挡滑行，如遇到突发情况紧急制动，容易导致侧滑，甚至出现制动失效、转向失灵等情况。《道路交通安全法实施条例》第六十二条：驾驶机动车不得有下陡坡时熄火或者空挡滑行的行为。
495,495,这个标志是何含义？,2,2,4,4,"A:对向先行, B:停车让行, C:单行路, D:会车先行",对向先行,停车让行,单行路,会车先行,,,,https://wos.58cdn.com.cn/XyVuTsRqXyf/question/495-1693897541449.jpg,,图中标志为方形蓝色底，图案为一个向下红色细箭头和一个白色向上粗箭头，是指示标志中的会车先行标志，表示车辆在会车时享有优先通行权利。此标志设在车道以前适当位置。
198127,198127,这个标志表示距出口距离200米。,1,2,1,1,"A:正确, B:错误",正确,错误,,,,,,https://wos.58cdn.com.cn/XyVuTsRqXyf/question/198127-1725256556476.jpg,,本题考点为道路交通标志相关内容图中标志为200m出口预告标志，用以预告距离出口200米
2543,2543,机动车向左转弯、向左变更车道，驶离停车地点及掉头时，提前开启左转向灯是为了什么？,2,2,3,3,"A:提示前车，将要向左变更行驶路线, B:提示前车，将要向右变更行驶路线, C:提示后车，将要向左变更行驶路线, D:提示后车，将要向右变更行驶路线",提示前车，将要向左变更行驶路线,提示前车，将要向右变更行驶路线,提示后车，将要向左变更行驶路线,提示后车，将要向右变更行驶路线,,,,,,本题考点为左转向灯。机动车向左转弯、向左变更车道，驶离停车地点及掉头时，提前开启左转向灯是为了提示后车，将要向左变更行驶路线。直到路线变更完毕后，才可关闭左转向灯。
24559,24559,如图所示，驾驶机动车在这种情况下可以左转弯。,1,2,1,1,"A:正确, B:错误",,,,,,,,https://wos.58cdn.com.cn/XyVuTsRqXyf/question/24559-1693900796994.jpg,,图中箭头信号灯直行和右转都是红灯，只有左转是绿灯，此时车辆可以左转弯。所以本题选正确。绿色箭头表示允许车辆沿箭头所指方向通行；红色箭头表示禁止车辆沿箭头所指方向通行；黄色箭头表示对箭头所指方向车辆起黄灯作用。
225519,225519,在高速公路上驾车感觉疲劳时，应立即选择最近的服务区停车休息。,1,2,1,1,"A:正确, B:错误",正确,错误,,,,,,,,在高速公路上行驶感觉疲困时，应该找到最近的服务区停车休息在车道上随意停车休息是违法的，并且非常危险，会影响其他车辆正常行驶
240,240,在这段道路上一定要减少鸣喇叭的频率。,1,2,2,2,"A:正确, B:错误",,,,,,,,https://wos.58cdn.com.cn/XyVuTsRqXyf/question/240-1693897294258.jpg,,图中右侧标志是禁止鸣喇叭，题中说减少鸣喇叭，选错误。《道路交通安全法实施条例》第六十二条：驾驶机动车不得有在禁止鸣喇叭的区域或者路段鸣喇叭的行为。右侧的标志是禁止鸣喇叭，减少不等于禁止。
496,496,这个标志是何含义？,2,2,2,2,"A:分向车道, B:右转车道, C:掉头车道, D:左转车道",分向车道,右转车道,掉头车道,左转车道,,,,https://wos.58cdn.com.cn/XyVuTsRqXyf/question/496-1693897543280.jpg,,图中标志为方形蓝色底，图案为一个向右的白色箭头，同时两侧有虚线，是指示标志中的右转车道标志，表示只准一切车辆向右转弯。两条虚线表示车道。
2544,2544,机动车驶近急弯、坡道顶端等影响安全视距的路段时，减速慢行并鸣喇叭示意是为了什么?,2,2,2,2,"A:提示前车己车准备超车, B:提示对向交通参与者, C:避免行至坡顶动力不足, D:测试喇叭是否正常",提示前车己车准备超车,提示对向交通参与者,避免行至坡顶动力不足,测试喇叭是否正常,,,,,,本题考点为驶近急弯、坡道顶端急弯、坡道环境复杂，视距短，无法很好地观察对向交通情况，这时需鸣喇叭提示对向交通参与者我方有来车
24560,24560,如图所示，前车在行驶过程中存在违法行为。,1,2,1,1,"A:正确, B:错误",,,,,,,,https://wos.58cdn.com.cn/XyVuTsRqXyf/question/24560-1715068241614.jpg,,图中右侧标志可知车辆在高速公路上行驶，图中车辆为教练车，教练车不得上高速本题选择正确《道路交通安全法实施条例》第八十二条：试车或者学习驾驶机动车不得上高速公路行驶
33520,33520,如图所示，驾驶机动车行驶至此路口时，以下做法正确的是什么？,2,2,3,3,"A:交替使用远近光灯警告人, B:连续鸣喇叭催促行人快速通过, C:停车让行, D:加速从行人的身后通过",交替使用远近光灯警告人,连续鸣喇叭催促行人快速通过,停车让行,加速从行人的身后通过,,,,https://wos.58cdn.com.cn/XyVuTsRqXyf/question/33520-1693901903531.jpg,,驾驶机动车行经人行横道时，应减速慢行；遇人行横道上有行人通过的，应停车让行。所以本题选停车让行。《道路交通安全法》第四十七条：机动车行经人行横道时，应当减速行驶；遇行人正在通过人行横道，应当停车让行。
241,241,在车门、车厢没有关好时不要驾驶机动车起步。,1,2,1,1,"A:正确, B:错误",,,,,,,,,,驾驶人在行车前要关好车门、车厢、系好安全带，确保行车安全后才能上路行驶。《道路交通安全法实施条例》第六十二条：驾驶机动车不得有在车门、车厢没有关好时行车的行为。
497,497,这个标志是何含义？,2,2,4,4,"A:分向车道, B:右转车道, C:掉头车道, D:左转车道",分向车道,右转车道,掉头车道,左转车道,,,,https://wos.58cdn.com.cn/XyVuTsRqXyf/question/497-1693897545017.jpg,,图中标志为方形蓝色底，图案为一个向左的白色箭头，同时两侧有虚线，是指示标志中的左转车道标志，表示只准一切车辆向左转弯。两条虚线表示车道。
753,753,雨天行车，遇撑雨伞和穿雨衣的行人在公路上行走时，应怎样做？,2,2,4,4,"A:以正常速度行驶, B:持续鸣喇叭示意其让道, C:加速绕行, D:提前鸣喇叭，并适当降低车速",以正常速度行驶,持续鸣喇叭示意其让道,加速绕行,提前鸣喇叭，并适当降低车速,,,,,,本题考点为雨天避让行人。雨天行人撑伞和穿雨衣，会影响视线，对声音的敏感度也会下降，行车时遇到这样的行人，可以提前鸣喇叭示意，并降低车速，防止发生事故。
2545,2545,路口转弯过程中，持续开启转向灯，主要是因为什么?,2,2,2,2,"A:完成转弯动作前，关闭转向灯是习惯动作, B:让其他驾驶人知道您正在转弯, C:让其他驾驶人知道您正在超车, D:完成转弯动作前，关闭转向灯会对车辆造成损害",完成转弯动作前，关闭转向灯是习惯动作,让其他驾驶人知道您正在转弯,让其他驾驶人知道您正在超车,完成转弯动作前，关闭转向灯会对车辆造成损害,,,,,,本题考点为转向灯使用。转弯时开启转向灯是为了提醒其他驾驶人您正在转弯，因此在转弯过程中要持续开启转向灯，直到转弯完毕后，才可关闭转向灯。
13553,13553,车辆因故障等原因需被牵引时，以下说法正确是什么？,2,2,1,1,"A:前后车均应打开报警灯, B:所有车辆都应让行, C:两车尽量快速行驶, D:不受交通信号限制",前后车均应打开报警灯,所有车辆都应让行,两车尽量快速行驶,不受交通信号限制,,,,https://wos.58cdn.com.cn/XyVuTsRqXyf/question/13553-1715070863447.jpg,,图中前方车辆牵引后方故障车辆时，均应开启报警灯。所以本题选前后车均应打开报警灯。《道路交通安全法实施条例》第六十一条：牵引车和被牵引车均应当开启危险报警闪光灯。
225521,225521,在高速公路遇恶劣天气能见度小于100米时，应与同车道前车保持50米以上的距离。,1,2,1,1,"A:正确, B:错误",正确,错误,,,,,,,,速公路上遇到能见度小于100米的气象条件时，车速不得超过每小时40公里，与同车道前车保持50米以上的距离。《道路交通安全法实施条例》第八十一条：机动车在高速公路上行驶，遇有雾、雨、雪、沙尘、冰雹等低能见度气象条件时，能见度小于100米时，开启雾灯、近光灯、示廓灯、前后位灯和危险报警闪光灯，车速不得超过每小时40公里，与同车道前车保持50米以上的距离。
242,242,不要在驾驶室的前后窗范围内悬挂和放置妨碍驾驶人视线的物品。,1,2,1,1,"A:正确, B:错误",,,,,,,,,,本题考点为安全驾驶相关内容。《道路交通安全法实施条例》第六十二条：驾驶机动车不得有在机动车驾驶室的前后窗范围内悬挂、放置妨碍驾驶人视线的物品的行为。
498,498,这个标志是何含义？,2,2,1,1,"A:直行车道, B:右转车道, C:掉头车道, D:左转车道",直行车道,右转车道,掉头车道,左转车道,,,,https://wos.58cdn.com.cn/XyVuTsRqXyf/question/498-1693897546866.jpg,,图中标志为方形蓝色底，图案为一个向上的白色箭头，同时两侧有虚线，是指示标志中的直行车道标志，表示只准一切车辆直行。两条虚线表示车道。
2546,2546,如图所示，在这种情况下跟车行驶，不能使用远光灯的原因是什么?,2,2,3,3,"A:不利于看清远方的路况, B:不利于看清车前的路况, C:会影响前车驾驶人的视线, D:会影响自己的视线",不利于看清远方的路况,不利于看清车前的路况,会影响前车驾驶人的视线,会影响自己的视线,,,,https://wos.58cdn.com.cn/XyVuTsRqXyf/question/2546-1693899381203.jpg,,本题考点为夜间跟车。夜间驾驶机动车与同方向行驶的前车距离较近时，远光灯容易造成驾驶人眩目，影响前车的视线，使前方驾驶员无法看清周围情况，容易造成事故，所以不能使用远光灯。
22770,22770,停车时，应观察前后交通环境确保安全后，再打开机动车车门。,1,2,1,1,"A:正确, B:错误",,,,,,,,,,停车后先确认周围环境，再开车门，开关车门时不得妨碍他人通行。所以本题选正确。靠边停车时，提前开启右转向灯，观察周围交通情况。需要下车的，回头观察左后方交通情况，确认安全后，缓慢打开车门，下车后关闭车门。
27122,27122,这个标志提示需要注意什么？,2,2,2,2,"A:前方是交通事故易发路段事故, B:前方路段正在进行道路交通事故管理, C:注意前方有障碍物, D:前方道路正在施工",前方是交通事故易发路段事故,前方路段正在进行道路交通事故管理,注意前方有障碍物,前方道路正在施工,,,,https://wos.58cdn.com.cn/XyVuTsRqXyf/question/27122-1693901485878.jpg,,本题考点为道路交通标志相关内容。图中粉红色底三角形里有事故两字，为交通事故管理标志，提醒驾驶人前方路段正在进行道路交通事故管理。交通事故管理：用以警告前方路段正在进行道路交通事故管理，车辆驾驶人应减速慢行、停车等候或绕道行驶。作为临时性标志支设在进行交通事故管理的路段前适当位置。
179954,179954,社会车辆距离消防栓或者消防队（站）门前30米以内的路段不能停车。,1,2,1,1,"A:正确, B:错误",,,,,,,,,,《道路交通安全法实施条例》第六十三条：公共汽车站、急救站、加油站、消防栓或者消防队（站）门前以及距离上述地点30米以内的路段，除使用上述设施的以外，不得停车
243,243,行车中在道路情况良好的条件下可以观看车载视频。,1,2,2,2,"A:正确, B:错误",,,,,,,,,,无论路况是否良好，开车观看视频都会妨碍安全驾驶，易引发事故。《道路交通安全法实施条例》第六十二条：驾驶机动车不得有拨打接听手持电话、观看电视等妨碍安全驾驶的行为。
499,499,这个标志是何含义？,2,2,3,3,"A:直行和左转车道, B:直行和辅路出口车道, C:直行和右转合用车道, D:分向行驶车道",直行和左转车道,直行和辅路出口车道,直行和右转合用车道,分向行驶车道,,,,https://wos.58cdn.com.cn/XyVuTsRqXyf/question/499-1693897548779.jpg,,图中标志为方形蓝色底，图案为向上和向右的白色箭头，同时两侧有虚线，是指示标志中的直行和右转合用车道标志，表示只准一切车辆直行和向右转弯。两条虚线表示车道。
755,755,驾驶车辆变更车道时，应提前开启转向灯，注意观察，保持安全距离，驶入要变更的车道。,1,2,1,1,"A:正确, B:错误",,,,,,,,,,本题考点为变更车道。变更车道时要提前开启转向灯，并且要观察周围情况，保持安全距离，只有在确认安全的情况下才能驶入需要变更的车道，所以本题选择正确。
2547,2547,关于机动车灯光的使用，以下说法正确的是什么?,2,2,2,2,"A:机动车灯光的作用仅仅是为了在夜间照明, B:机动车灯光一个重要的作用是提示其他机动车驾驶人和行人, C:夜间驾驶机动车在照明条件良好的路段可以不使用灯光, D:夜间驾驶机动车在照明条件良好的路段必须使用远光灯",机动车灯光的作用仅仅是为了在夜间照明,机动车灯光一个重要的作用是提示其他机动车驾驶人和行人,夜间驾驶机动车在照明条件良好的路段可以不使用灯光,夜间驾驶机动车在照明条件良好的路段必须使用远光灯,,,,,,本题考点为机动车灯光。车辆的灯光不仅仅是在光线不足的情况下提供照明，更重要的是起到警示与提示作用。因此驾驶人要按照规定合理使用灯光。
22771,22771,驾驶机动车遇到后方有执行任务的紧急车辆时，可以借用无人通行的非机动车道让行。,1,2,1,1,"A:正确, B:错误",,,,,,,,,,遇到执行紧急任务的特种车需要让行时，可以临时借用无人通行的非机动车道。所以本题选正确。《道路交通安全法》第五十三条：警车、消防车、救护车、工程救险车执行紧急任务时，可以使用警报器、标志灯具；在确保安全的前提下，不受行驶路线、行驶方向、行驶速度和信号灯的限制，其他车辆和行人应当让行。
244,244,驾驶小型汽车下陡坡时允许熄火滑行。,1,2,2,2,"A:正确, B:错误",,,,,,,,,,下陡坡熄火滑行非常危险，方向盘会锁死，制动会失灵，所以选错误。《道路交通安全法实施条例》第六十二条：驾驶机动车不得有下陡坡时熄火或者空挡滑行的行为。
500,500,这个标志是何含义？,2,2,1,1,"A:直行和左转合用车道, B:直行和掉头合用车道, C:直行和右转车道, D:分向行驶车道",直行和左转合用车道,直行和掉头合用车道,直行和右转车道,分向行驶车道,,,,https://wos.58cdn.com.cn/XyVuTsRqXyf/question/500-1693897550531.jpg,,图中标志为方形蓝色底，图案为向上和向左的白色箭头，同时两侧有虚线，是指示标志中的直行和左转合用车道标志，表示只准一切车辆直行和向左转弯。两条虚线表示车道。
2548,2548,图中驾车驶近路口时，以下说法错误的是（）。,2,2,3,3,"A:右前方视野受阻，如有车辆冲出易引发事故, B:为避免车辆从路口冲出，应降低车速, C:己车有优先通行权，无需减速, D:因视野受阻，应鸣喇叭提醒侧方来车",右前方视野受阻，如有车辆冲出易引发事故,为避免车辆从路口冲出，应降低车速,己车有优先通行权，无需减速,因视野受阻，应鸣喇叭提醒侧方来车,,,,https://wos.58cdn.com.cn/XyVuTsRqXyf/question/2548-1693899383710.jpg,,本题考点为交叉路口图中是在靠近村庄或者集镇行驶，此时驾驶员应该注意观察路况，注意突发情况，不得加速通过题中问错误的说法是什么，所以选择“己车有优先通行权，无需减速”
218612,218612,夜间驾车在道路发生事故妨碍交通又难以移动时，不应开启的灯光是（ ）。,2,2,1,1,"A:远光灯, B:示廓灯, C:后位灯, D:危险报警闪光灯",远光灯,示廓灯,后位灯,危险报警闪光灯,,,,https://wos.58cdn.com.cn/XyVuTsRqXyf/question/218612-1751511020278.jpg,,图中是夜间，在夜间驾车发生事故妨碍交通又难以移动时，不应开启远光灯
225524,225524,机动车向右变更车道开启左转向灯。,1,2,2,2,"A:正确, B:错误",正确,错误,,,,,,,,《道路交通安全法实施条例》规定：向左转弯、向左变更车道、准备超车、驶离停车地点或者掉头时，应当提前开启左转向灯；向右转弯、向右变更车道、超车完毕驶回原车道、靠路边停车时，应当提前开启右转向灯
245,245,驾驶机动车时可以向道路上抛撒物品。,1,2,2,2,"A:正确, B:错误",,,,,,,,,,驾驶机动车时不得向道路上抛撒物品，题中说可以，所以选错误。《道路交通安全法实施条例》第六十二条：驾驶机动车不得有向道路上抛撒物品的行为。
501,501,这个标志是何含义？,2,2,2,2,"A:左转车道, B:掉头车道, C:绕行车道, D:分向车道",左转车道,掉头车道,绕行车道,分向车道,,,,https://wos.58cdn.com.cn/XyVuTsRqXyf/question/501-1693897552415.jpg,,图中标志为方形蓝色底，图案为向后弯的白色箭头，同时两侧有虚线，是指示标志中的掉头车道标志，表示该车道为掉头车道。两条虚线表示车道。
757,757,变更车道时只需开启转向灯，便可迅速转向驶入相应的行车道。,1,2,2,2,"A:正确, B:错误",,,,,,,,,,本题考点为变更车道。变更车道时要提前开启转向灯，并且要观察周围情况，只有在确认安全的情况下才能驶入需要变更的车道，不得迅速驶入相应车道，所以选择错误。
225525,225525,驾驶拼装机动车上路行驶的，公安交管部门应当予以收缴，强制报废，罚款并吊销驾驶证。,1,2,1,1,"A:正确, B:错误",正确,错误,,,,,,,,《道路交通安全法》第一百条：驾驶拼装的机动车或者已达到报废标准的机动车上道路行驶的，公安机关交通管理部门应当予以收缴，强制报废对驾驶前款所列机动车上道路行驶的驾驶人，处二百元以上二千元以下罚款，并吊销机动车驾驶证
33525,33525,机动车在高速公路上发生故障无法正常行驶时，在确保安全的情况下，可以由同行的其他机动车牵引。,1,2,2,2,"A:正确, B:错误",正确,错误,,,,,,,,高速上发生故障无法正常行驶，应该由专门的救援车、清障车拖拽牵引，其他车辆不能牵引。所以本题选错误。《道路交通安全法》第六十八条：机动车在高速公路上发生故障或者交通事故，无法正常行驶的，应当由救援车、清障车拖曳、牵引。
502,502,这个标志是何含义？,2,2,3,3,"A:直行和左转合用车道, B:禁止左转和掉头车道, C:掉头和左转合用车道, D:分向行驶车道",直行和左转合用车道,禁止左转和掉头车道,掉头和左转合用车道,分向行驶车道,,,,https://wos.58cdn.com.cn/XyVuTsRqXyf/question/502-1693897554247.jpg,,图中标志为方形蓝色底，图案为向左和向后弯的白色箭头，同时两侧有虚线，是指示标志中的左转和掉头合用车道标志，表示只准一切车辆左转和掉头。两条虚线表示车道。
225526,225526,照明条件不良时，为了让其他驾驶人发现己车，要提前开启的灯光是（ ）。,2,2,1,1,"A:前照灯和示廓灯, B:危险报警闪光灯, C:前雾灯, D:远光灯",前照灯和示廓灯,危险报警闪光灯,前雾灯,远光灯,,,,,,《道路交通安全法实施条例》第五十八条，机动车在夜间没有路灯、照明不良或者遇有雾、雨、雪、沙尘、冰雹等低能见度情况下行驶时，应当开启前照灯、示廓灯和后位灯，但同方向行驶的后车与前车近距离行驶时，不得使用远光灯
503,503,这个标志是何含义？,2,2,4,4,"A:直线行驶车道, B:左转行驶车道, C:右转行驶车道, D:分向行驶车道",直线行驶车道,左转行驶车道,右转行驶车道,分向行驶车道,,,,https://wos.58cdn.com.cn/XyVuTsRqXyf/question/503-1693897556062.jpg,,图中标志为方形蓝色底，图案为三个指向不同方向的箭头，被虚线分隔成三个车道，是指示标志中的分向行驶车道标志，表示只准一切车辆左转和掉头。同向多车道的公路一般都设计了分向行驶车道，正常行驶过程中可以变更车道，当你行驶至路口时要变换到你要行驶的车道。两条虚线表示车道。
2551,2551,牵引与被牵引的机动车，在行驶中都要开启危险报警闪光灯。,1,2,1,1,"A:正确, B:错误",正确,错误,,,,,,,,本题考点为牵引车和被牵引车。《道路交通安全法实施条例》第六十一条：牵引车和被牵引车均应当开启危险报警闪光灯。
225527,225527,准备超车时，应提前开启右转向灯。,1,2,2,2,"A:正确, B:错误",正确,错误,,,,,,,,《道路交通安全法实施条例》第四十七条：机动车超车时，应当提前开启左转向灯、变换使用远、近光灯或者鸣喇叭
504,504,这个标志是何含义？,2,2,1,1,"A:公交专用车道, B:大型客车专用车道, C:快速公交系统专用车道, D:多乘员车辆专用车道",公交专用车道,大型客车专用车道,快速公交系统专用车道,多乘员车辆专用车道,,,,https://wos.58cdn.com.cn/XyVuTsRqXyf/question/504-1693897558767.jpg,,图中标志为方形蓝色底，两侧有虚线，图中有公交车图案和文字“公交”，是指示标志中的公交专用车道标志，表示该车道仅供公交车辆、通勤班车等大型载客汽车通行此标志设在进入该车道的起点及各交叉口的入口，宜设置在车道的正上方两条虚线表示车道
2552,2552,超车时，提前变换远、近光灯是为了提示前车。,1,2,1,1,"A:正确, B:错误",正确,错误,,,,,,,,本题考点为超车超车时应当变换远近光灯，用来提示前车注意，防止发生危险
27128,27128,下列哪个交通标志，表示多乘员车辆（HOV）专用车道？,2,2,1,1,"A:如图中D所示, B:如图中B所示, C:如图中C所示, D:如图中A所示",如图中D所示,如图中B所示,如图中C所示,如图中A所示,,,,https://wos.58cdn.com.cn/XyVuTsRqXyf/question/27128-1693901487299.jpg,,图A是小型客车车道标志；图B是公交线路专用车道标志；图C是有轨电车专用车道；图D是多乘员车辆（HOV）专用车道标志。
225528,225528,如图所示，驾车通过人行横道线时，应注意礼让行人。,1,2,1,1,"A:正确, B:错误",正确,错误,,,,,,https://wos.58cdn.com.cn/XyVuTsRqXyf/question/225528-1760950383816.jpg,,驾驶机动车行经人行横道时，应减速慢行；遇人行横道上有行人通过的，应停车让行《道路交通安全法》第四十七条：机动车行经人行横道时，应当减速行驶；遇行人正在通过人行横道，应当停车让行
505,505,这个标志是何含义？,2,2,2,2,"A:禁止小型车行驶, B:机动车行驶, C:只准小型车行驶, D:不准小型车通行",禁止小型车行驶,机动车行驶,只准小型车行驶,不准小型车通行,,,,https://wos.58cdn.com.cn/XyVuTsRqXyf/question/505-1693897560202.jpg,,图中标志为圆形蓝色底，图案为白色的小汽车车头，是指示标志中的机动车行驶标志，表示该道路只供机动车行驶。图中虽然是小汽车，但表示机动车的含义。
761,761,驾驶车辆通过人行横道线时，应注意礼让行人。,1,2,1,1,"A:正确, B:错误",,,,,,,,,,本题考点为礼让行人。驾驶车辆通过人行横道时，要礼让行人，减速慢行，必要时停车让行，所以选择正确。《道路交通安全法》第四十七条：机动车行经人行横道时，应当减速行驶。
2553,2553,雾天行车为了提高能见度，应该开启远光灯。,1,2,2,2,"A:正确, B:错误",正确,错误,,,,,,,,本题考点为雾天。雾天能见度低，应当开启雾灯和危险报警闪光灯，不得使用远光灯，所以选择错误。《道路交通安全法实施条例》第五十八条：机动车在夜间没有路灯、照明不良或者遇有雾、雨、雪、沙尘、冰雹等低能见度情况下行驶时，应当开启前照灯、示廓灯和后位灯，但同方向行驶的后车与前车近距离行驶时，不得使用远光灯。机动车雾天行驶应当开启雾灯和危险报警闪光灯。
225529,225529,在同方向只有1条机动车道的城市道路行驶，最高车速是（）。,2,2,4,4,"A:60km/h, B:40km/h, C:70km/h, D:50km/h",60km/h,40km/h,70km/h,50km/h,,,,https://wos.58cdn.com.cn/XyVuTsRqXyf/question/225529-1760949601833.jpg,,在没有中心线的道路，城市道路限速30，公路限速40；有中心线的道路上，城市道路限速50，公路限速70所以本题选50公里/小时《道路交通安全法实施条例》第四十五条：同方向只有1条机动车道的道路，城市道路为每小时50公里，公路为每小时70公里
506,506,这个标志是何含义？,2,2,3,3,"A:小型车车道, B:小型车专用车道, C:机动车车道, D:多乘员车辆专用车道",小型车车道,小型车专用车道,机动车车道,多乘员车辆专用车道,,,,https://wos.58cdn.com.cn/XyVuTsRqXyf/question/506-1693897562272.jpg,,图中标志为方形蓝色底，图案为白色的小汽车车头，两侧有虚线，是指示标志中的机动车车道标志，表示该道路只供机动车行驶。图中虽然是小汽车，但表示机动车的含义。多乘员车辆专用车道标志上有“3+”。
2554,2554,雾天行车听到对方鸣喇叭，也应该鸣喇叭回应，以提示对方车辆。,1,2,1,1,"A:正确, B:错误",正确,错误,,,,,,,,本题考点为雾天。雾天行车能见度低，不易于观察周围环境。所以听到对方鸣喇叭也应当鸣喇叭回应，利用喇叭提示对方车辆。
225530,225530,如图所示，驾车遇到漫水桥时应加速冲过漫水路段。,1,2,2,2,"A:正确, B:错误",正确,错误,,,,,,https://wos.58cdn.com.cn/XyVuTsRqXyf/question/225530-1760950353739.jpg,,机动车行经漫水路时，要一停、二看、三通过，确认安全后低速通过涉水路段《道路交通安全法实施条例》第六十四条：机动车行经漫水路或者漫水桥时，应当停车察明水情，确认安全后，低速通过
507,507,这个标志是何含义？,2,2,4,4,"A:非机动车停车位, B:电动自行车行驶, C:非机动车停放区, D:非机动车行驶",非机动车停车位,电动自行车行驶,非机动车停放区,非机动车行驶,,,,https://wos.58cdn.com.cn/XyVuTsRqXyf/question/507-1693897564327.jpg,,图中标志为圆形蓝色底，图案为白色的自行车，是指示标志中的非机动车行驶标志，表示该道路只供非机动车行驶。图中虽然是自行车，但表示非机动车的含义。非机动车停车位的标志上应有字母P。
2555,2555,雾天通过交叉路口时，要开灯、鸣喇叭、加速通过。,1,2,2,2,"A:正确, B:错误",正确,错误,,,,,,https://wos.58cdn.com.cn/XyVuTsRqXyf/question/2555-1693899393184.jpg,,本题考点为雾天图中是雾天，能见度低容易发生事故，通过交叉路口时，要开启雾灯和危险报警闪光灯，减速慢行，并适当鸣喇叭示意，不得加速通过，所以选择错误
225531,225531,驾车遇图中前方交叉路口交通拥堵时，应依次停在路口外等候，不得进入路口。,1,2,1,1,"A:正确, B:错误",正确,错误,,,,,,https://wos.58cdn.com.cn/XyVuTsRqXyf/question/225531-1760950324680.jpg,,图中遇前方路段拥堵、车辆行驶缓慢时，应当依次跟车行驶《道路交通安全法实施条例》第五十三条：机动车在遇有前方机动车停车排队等候或者缓慢行驶时，应当依次排队，不得从前方车辆两侧穿插或者超越行驶，不得在人行横道、网状线区域内停车等候
508,508,这个标志是何含义？,2,2,1,1,"A:非机动车车道, B:禁止自行车通行车道, C:自行车专用车道, D:停放自行车路段",非机动车车道,禁止自行车通行车道,自行车专用车道,停放自行车路段,,,,https://wos.58cdn.com.cn/XyVuTsRqXyf/question/508-1693897566301.jpg,,图中标志为方形蓝色底，图案为白色的自行车，两侧有虚线，是指示标志中的非机动车车道标志，表示该道路只供非机动车行驶两侧有虚线表示车道图中虽然是自行车，但表示非机动车的含义此标志设在该车道的起点及交叉路口和入口前适当位置
764,764,倒车过程中要缓慢行驶，注意观察车辆两侧和后方的情况，随时做好停车准备。,1,2,1,1,"A:正确, B:错误",,,,,,,,,,本题考点为倒车。倒车过程中视野不良，要缓慢行驶，注意观察车辆周边交通情况，随时做好停车准备，所以选择正确。
2556,2556,如图所示，A车在这种情况下应适当减速。,1,2,1,1,"A:正确, B:错误",正确,错误,,,,,,https://wos.58cdn.com.cn/XyVuTsRqXyf/question/2556-1726737970834.jpg,,本题考点为减速避让。图中A车在B车后行驶，B车打开了右转向灯，示意其将要右转，此时A车应当适当减速，与B车保持安全距离，所以选择正确。
225532,225532,在没有中心线的公路行驶，最高车速是（）。,2,2,3,3,"A:30km/h, B:50km/h, C:40km/h, D:70km/h",30km/h,50km/h,40km/h,70km/h,,,,https://wos.58cdn.com.cn/XyVuTsRqXyf/question/225532-1760949655534.jpg,,在没有中心线的道路，城市道路限速30，公路限速40；有中心线的道路上，城市道路限速50，公路限速70图中是公路，所以本题选40《道路交通安全法实施条例》第四十五条：没有道路中心线的道路，城市道路为每小时30公里，公路为每小时40公里
509,509,这个标志是何含义？,2,2,2,2,"A:公交车专用车道, B:快速公交系统（BRT）车辆专用车道, C:大型客车专用车道, D:多乘员车专用车道",公交车专用车道,快速公交系统（BRT）车辆专用车道,大型客车专用车道,多乘员车专用车道,,,,https://wos.58cdn.com.cn/XyVuTsRqXyf/question/509-1693897568297.jpg,,图中标志为方形蓝色底，图案为白色的公交车，有文字“快速公交”，两侧有虚线，是指示标志中的快速公交系统（BRT）车辆专用车道标志，表示该车道专供BRT（快速公交）车辆行驶，BRT为快速公交的英文缩写。两侧有虚线表示车道。图中有文字标注时，选择与文字相同的选项。
765,765,预计在超车过程中与对面来车有会车可能时，应提前加速超越。,1,2,2,2,"A:正确, B:错误",,,,,,,,,,超车过程中如果对向可能有来车，说明不具备超车条件，要放弃超车，不可加速超越，应当另寻合适时机超车题中说应提前加速超越，所以选择错误《道路交通安全法》第四十三条：与对面来车有会车可能时，不得超车
2557,2557,在图中所示，同向三车道高速公路上行车，车速高于每小时110公里的车辆应在哪条车道上行驶？,2,2,4,4,"A:最右侧车道, B:哪条都行, C:中间车道, D:最左侧车道",最右侧车道,哪条都行,中间车道,最左侧车道,,,,https://wos.58cdn.com.cn/XyVuTsRqXyf/question/2557-1693899399080.jpg,,图中车道上方绿牌标注了最左侧车道限速100公里/小时~120公里/小时，中间车道限速80公里/小时~100公里/小时，最右侧车道限速60公里/小时~80公里/小时。因此车速高于每小时110公里应当在最左侧车道行驶。
225533,225533,在高速公路遇图中所示情况时，以下做法正确的是（）。,2,2,1,1,"A:增大跟车距离, B:加速行驶, C:停在应急车道, D:紧跟前车",增大跟车距离,加速行驶,停在应急车道,紧跟前车,,,,https://wos.58cdn.com.cn/XyVuTsRqXyf/question/225533-1760949694021.jpg,,图中机动车在高速公路雾天行驶，雾天的能见度很低，应该打开雾灯、近光灯、示廓灯、前后位灯、危险报警灯光；与同车道前车间距保持一定安全距离；减低车速，防止紧急情况下无法及时制动
510,510,这个标志是何含义？,2,2,1,1,"A:多乘员车辆专用车道, B:小型汽车专用车道, C:机动车专用车道, D:出租汽车专用车道",多乘员车辆专用车道,小型汽车专用车道,机动车专用车道,出租汽车专用车道,,,,https://wos.58cdn.com.cn/XyVuTsRqXyf/question/510-1716189759234.jpg,,图中标志为方形蓝色底，图案为白色的小汽车车头，有数字“3+”，两侧有虚线，是指示标志中的多乘员车辆专用车道标志，表示该车道只供多乘员的车辆行驶。两侧有虚线表示车道，机动车车道标志上没有“3+”字样。
2558,2558,机动车、非机动车和行人实行分道行驶，是为了规范交通秩序，提高通行效率。,1,2,1,1,"A:正确, B:错误",正确,错误,,,,,,,,本题考点为分道行驶。机动车、非机动车和行人行进速度不同，在同一车道行驶效率不高且容易发生事故，实行分道行驶可以提高通行效率，更加安全，所以选择正确。
7678,7678,驾驶机动车下长坡时，利用惯性滑行可以减少燃油消耗，值得提倡。,1,2,2,2,"A:正确, B:错误",,,,,,,,,,利用惯性滑行虽然会减少燃油消耗，但此举是危险动作，下坡时，不准熄火或用空挡利用惯性滑行。如果下坡滑行，只靠刹车来控制车速，遇到连续下坡的时候可能会造成刹车负担过重，刹车片过热而失灵。
225534,225534,遇右侧车辆变更车道时，己车应提高车速，尽快超越。,1,2,2,2,"A:正确, B:错误",正确,错误,,,,,,https://wos.58cdn.com.cn/XyVuTsRqXyf/question/225534-1760949768587.jpg,,图中右侧车辆开启左转向灯，表示右侧车辆即将要变更车道进入我方车道，因此出于安全考虑，我方车辆应当保持间距，注意避让，题中说提高车速是错误的
33534,33534,下列高速公路交通标志含义正确的是什么？,2,2,4,4,"A:如图中A所示, B:如图中D所示, C:如图中B所示, D:如图中C所示",如图中A所示,如图中D所示,如图中B所示,如图中C所示,,,,https://wos.58cdn.com.cn/XyVuTsRqXyf/question/33534-1693901906232.jpg,,图A是高速公路终点标志，而不是起点预告；图B是高速公路服务区预告，而不是停车场预告；图D是紧急电话标志而不是公用电话标志；图C是高速公路紧急停车带标志，与图中标志含义一致。所以本题选如图中C所示。
511,511,这个标志是何含义？,2,2,1,1,"A:掉头, B:倒车, C:左转, D:绕行",掉头,倒车,左转,绕行,,,,https://wos.58cdn.com.cn/XyVuTsRqXyf/question/511-1693897571268.jpg,,图中标志为方形蓝色底。图案为向后弯的白色箭头，是指示标志中的掉头标志，表示允许掉头。此标志设在允许机动车掉头路段的起点和路口以前适当位置。左转标志的箭头指向左边。
2559,2559,其他车辆不准进入专用车道行驶，其目的是为了不影响专用车的正常通行。,1,2,1,1,"A:正确, B:错误",正确,错误,,,,,,,,本题考点为专用车道。专用车道在规定时间内只准许规定的车辆通行，其他车辆不得进入，是为了保证专用车辆的正常通行，所以选择正确。《道路交通安全法》第三十七条：道路划设专用车道的，在专用车道内，只准许规定的车辆通行，其他车辆不得进入专用车道内行驶。
7679,7679,驾驶机动车超车时，前方车辆不减速让路，应停止超车并适当减速，与前方车辆保持安全距离。,1,2,1,1,"A:正确, B:错误",,,,,,,,,,超车时遇前方车辆不让路的，应停止超车并适当减速，所以本题选正确。超车时遇前方车辆不减速让路，如果再强行超越，容易造成事故，所以要停止超车，并适当减速，保持安全车距。
225535,225535,以下做法正确的是（）。,2,2,2,2,"A:加速通过, B:减速避让, C:鸣笛催促, D:保持速度通过",加速通过,减速避让,鸣笛催促,保持速度通过,,,,https://wos.58cdn.com.cn/XyVuTsRqXyf/question/225535-1760949810915.jpg,,图中机动车遇到前方行人正在横过道路，应降低行驶速度，避让行人《道路交通安全法》第四十七条：机动车行经没有交通信号的道路时，遇行人横过道路，应当避让
1,1,驾驶机动车在道路上违反道路交通安全法的行为，属于什么行为？,2,3,2,2,"A:违章行为, B:违法行为, C:过失行为, D:违规行为",违章行为,违法行为,过失行为,违规行为,,,,,,本题考点为违法行为。违反《道路交通安全法》，违反法律法规即为违法行为。现在官方已无违章、违规的说法。
2,2,机动车驾驶人违法驾驶造成重大交通事故构成犯罪的，依法追究什么责任？,2,3,1,1,"A:刑事责任, B:民事责任, C:经济责任, D:直接责任",刑事责任,民事责任,经济责任,直接责任,,,,,,本题考点为刑事责任。《中华人民共和国道路交通安全法》第一百零一条：违反道路交通安全法律、法规的规定，发生重大交通事故，构成犯罪的，依法追究刑事责任，并由公安机关交通管理部门吊销机动车驾驶证。
3,3,机动车驾驶人造成事故后逃逸构成犯罪的，吊销驾驶证且多长时间不得重新取得驾驶证？,2,3,3,3,"A:5年内, B:10年内, C:终生, D:20年内",5年内,10年内,终生,20年内,,,,,,本题考点为肇事逃逸。肇事逃逸构成犯罪的，终生不得重新取得机动车驾驶证。《中华人民共和国道路交通安全法》第一百零一条：造成交通事故后逃逸的，由公安机关交通管理部门吊销机动车驾驶证，且终生不得重新取得机动车驾驶证。
4,4,驾驶机动车违反道路交通安全法律法规发生交通事故属于交通违章行为。,1,3,2,2,"A:正确, B:错误",,,,,,,,,,本题考点为违法行为。违反《道路交通安全法》，违反法律法规即为违法行为。现在官方已无违章、违规的说法。题中说属于违章行为，所以选择错误。
5,5,驾驶机动车在道路上违反道路通行规定应当接受相应的处罚。,1,3,1,1,"A:正确, B:错误",,,,,,,,,,本题考点为违法处罚。《中华人民共和国道路交通安全法》第八十七条：公安机关交通管理部门及其交通警察应当依据事实和本法的有关规定对道路交通安全违法行为予以处罚。
7,7,对违法驾驶发生重大交通事故且构成犯罪的，不追究其刑事责任。,1,3,2,2,"A:正确, B:错误",,,,,,,,,,本题考点为肇事犯罪。重大事故且构成犯罪的，都将依法追究刑事责任。《道路交通安全法》第一百零一条：违反道路交通安全法律、法规的规定，发生重大交通事故，构成犯罪的，依法追究刑事责任，并由公安机关交通管理部门吊销机动车驾驶证。
8,8,造成交通事故后逃逸且构成犯罪的驾驶人，将吊销驾驶证且终生不得重新取得驾驶证。,1,3,1,1,"A:正确, B:错误",,,,,,,,,,本题考点为肇事逃逸。肇事逃逸构成犯罪的，终生不得重新取得机动车驾驶证。《中华人民共和国道路交通安全法》第一百零一条：造成交通事故后逃逸的，由公安机关交通管理部门吊销机动车驾驶证，且终生不得重新取得机动车驾驶证。
9,9,驾驶机动车在道路上违反交通安全法规的行为属于违法行为。,1,3,1,1,"A:正确, B:错误",,,,,,,,,,本题考点为违法行为。违反《道路交通安全法》，违反法律法规即为违法行为。现在官方已无违章、违规的说法。
33546,33546,申请人隐瞒有关情况或者提供虚假材料申请校车驾驶资格的，公安机关交通管理部门不予受理或者不予办理，处五百元以下罚款。,1,3,1,1,"A:正确, B:错误",,,,,,,,,,隐瞒情况或提供虚假资料获得的校车资格是违法的，会被取消驾驶资格，处五百元以下罚款《机动车驾驶证申领和使用规定》第九十三条：申请人隐瞒有关情况或者提供虚假材料申请校车驾驶资格的，公安机关交通管理部门不予受理或者不予办理，处五百元以下罚款
16,16,上路行驶的机动车未随车携带身份证的，交通警察可依法扣留机动车。,1,3,2,2,"A:正确, B:错误",,,,,,,,,,上道路行驶的机动车必须随车携带行驶证、驾驶证，没有规定必须携带身份证。题中说未携带身份证可以扣留机动车，是错误的。《道路交通安全法》第九十五条：上道路行驶的机动车未悬挂机动车号牌，未放置检验合格标志、保险标志，或者未随车携带行驶证、驾驶证的，公安机关交通管理部门应当扣留机动车。
17,17,上路行驶的机动车未放置检验合格标志的，交通警察可依法扣留机动车。,1,3,1,1,"A:正确, B:错误",,,,,,,,,,本题考点为机动车上路携带证件。《道路交通安全法》第九十五条：上道路行驶的机动车未悬挂机动车号牌，未放置检验合格标志、保险标志，或者未随车携带行驶证、驾驶证的，公安机关交通管理部门应当扣留机动车。
33553,33553,机动车驾驶人在参加接受交通安全教育扣减交通违法行为记分中弄虚作假的，由公安机关交通管理部门撤销相应记分扣减记录，恢复相应记分，处多少元以下罚款？,2,3,1,1,"A:一千, B:五百, C:两千, D:三千",一千,五百,两千,三千,,,,,,参加交通安全教育扣减交通违法行为记分中弄虚作假的，由公安机关交通管理部门撤销扣减记录并处一千元以下罚款《道路交通安全违法行为记分管理办法》第三十一条：机动车驾驶人参加满分教育时在签注学习记录、满分学习考试中弄虚作假的，相应学习记录、考试成绩无效，由公安机关交通管理部门处一千元以下罚款
18,18,伪造、变造机动车驾驶证构成犯罪的将被依法追究刑事责任。,1,3,1,1,"A:正确, B:错误",,,,,,,,,,本题考点为伪造、变造驾驶证。《道路交通安全法》第九十六条：伪造、变造或者使用伪造、变造的机动车登记证书、号牌、行驶证、驾驶证的，由公安机关交通管理部门予以收缴，扣留该机动车，处十五日以下拘留，并处二千元以上五千元以下罚款；构成犯罪的，依法追究刑事责任。
274,274,驾驶人违反交通运输管理法规发生重大事故致人重伤、死亡，可能会受到什么刑罚？,2,3,1,1,"A:处3年以下徒刑或者拘役, B:处3年以上7年以下徒刑, C:处5年以上徒刑, D:处7年以上徒刑",处3年以下徒刑或者拘役,处3年以上7年以下徒刑,处5年以上徒刑,处7年以上徒刑,,,,,,本题考点为肇事刑罚。《中华人民共和国刑法》第一百三十三条：违反交通运输管理法规，因而发生重大事故，致人重伤、死亡或者使公私财产遭受重大损失的，处三年以下有期徒刑或者拘役。
275,275,驾驶人违反交通运输管理法规发生重大事故使公私财产遭受重大损失，可能会受到什么刑罚？,2,3,2,2,"A:处5年以上徒刑, B:处3年以下徒刑或者拘役, C:处3年以上徒刑, D:处3年以上7年以下徒刑",处5年以上徒刑,处3年以下徒刑或者拘役,处3年以上徒刑,处3年以上7年以下徒刑,,,,,,本题考点为肇事刑罚。《中华人民共和国刑法》第一百三十三条：违反交通运输管理法规，因而发生重大事故，致人重伤、死亡或者使公私财产遭受重大损失的，处三年以下有期徒刑或者拘役。
20,20,驾驶拼装、报废机动车上路行驶的驾驶人，除按规定接受罚款、收缴车辆外，还要受到哪种处理？,2,3,3,3,"A:处10日以下拘留, B:暂扣驾驶证, C:吊销驾驶证, D:追究刑事责任",处10日以下拘留,暂扣驾驶证,吊销驾驶证,追究刑事责任,,,,,,本题考点为驾驶拼装、报废车。《道路交通安全法》第一百条：驾驶拼装的机动车或者已达到报废标准的机动车上道路行驶的，公安机关交通管理部门应当予以收缴，强制报废。对驾驶前款所列机动车上道路行驶的驾驶人，处二百元以上二千元以下罚款，并吊销机动车驾驶证。
276,276,驾驶人违反交通运输管理法规发生重大事故致人重伤的可能判处3年以下徒刑或拘役。,1,3,1,1,"A:正确, B:错误",,,,,,,,,,本题考点为肇事刑罚。《中华人民共和国刑法》第一百三十三条：违反交通运输管理法规，因而发生重大事故，致人重伤、死亡或者使公私财产遭受重大损失的，处三年以下有期徒刑或者拘役。
277,277,驾驶人违反交通运输管理法规发生重大事故致人死亡的处3年以上有期徒刑。,1,3,2,2,"A:正确, B:错误",,,,,,,,,,本题考点为肇事刑罚。发生重大事故致人死亡的处3年以下有期徒刑。题中说3年以上，所以选择错误。《中华人民共和国刑法》第一百三十三条：违反交通运输管理法规，因而发生重大事故，致人重伤、死亡或者使公私财产遭受重大损失的，处三年以下有期徒刑或者拘役。
278,278,驾驶人违反交通运输管理法规发生重大事故使公私财产遭受重大损失的可能处3年以下徒刑或拘役。,1,3,1,1,"A:正确, B:错误",,,,,,,,,,本题考点为肇事刑罚。《中华人民共和国刑法》第一百三十三条：违反交通运输管理法规，因而发生重大事故，致人重伤、死亡或者使公私财产遭受重大损失的，处三年以下有期徒刑或者拘役。
280,280,驾驶人违反交通运输管理法规发生重大事故后，因逃逸致人死亡的，处多少年有期徒刑？,2,3,4,4,"A:2年以下, B:3年以下, C:7年以下, D:7年以上",2年以下,3年以下,7年以下,7年以上,,,,,,本题考点为肇事刑罚。因逃逸致人死亡，处七年以上有期徒刑。《中华人民共和国刑法》第一百三十三条：因逃逸致人死亡的，处七年以上有期徒刑。发生事故未逃逸：选3年以下；逃逸或情节特别恶劣：选3-7年；因逃逸致人死亡：选7年以上。
281,281,驾驶人违反交通运输管理法规发生重大事故后，逃逸或者有其他特别恶劣情节的，处7年以上有期徒刑。,1,3,2,2,"A:正确, B:错误",,,,,,,,,,发生重大事故后，逃逸或者有其他特别恶劣情节的，处三年以上七年以下有期徒刑，题中说处7年以上，所以选择错误。《中华人民共和国刑法》第一百三十三条：交通运输肇事后逃逸或者有其他特别恶劣情节的，处三年以上七年以下有期徒刑。发生事故未逃逸：选3年以下；逃逸或情节特别恶劣：选3-7年；因逃逸致人死亡：选7年以上。
282,282,驾驶人违反交通运输管理法规发生重大事故后，因逃逸致人死亡的，处3年以上7年以下有期徒刑。,1,3,2,2,"A:正确, B:错误",,,,,,,,,,发生重大事故后，因逃逸致人死亡的，处七年以上有期徒刑，题中说3年以上7年以下，所以选择错误。《中华人民共和国刑法》规定：因逃逸致人死亡的，处7年以上有期徒刑。发生事故未逃逸：选3年以下；逃逸或情节特别恶劣：选3-7年；因逃逸致人死亡：选7年以上。
13594,13594,在道路上驾驶机动车追逐竞驶，情节恶劣的，或者在道路上醉酒驾驶机动车的如何处罚？,2,3,3,3,"A:3年以下有期徒刑, B:7年以下有期徒刑, C:处拘役，并处罚金, D:10年以下有期徒刑",3年以下有期徒刑,7年以下有期徒刑,处拘役，并处罚金,10年以下有期徒刑,,,,,,本题考点为危险驾驶罪相关内容。《刑法》第一百三十三条：在道路上驾驶机动车追逐竞驶，情节恶劣的，或者在道路上醉酒驾驶机动车的，处拘役，并处罚金。
283,283,驾驶机动车在道路上追逐竞驶，情节恶劣，会受到什么处罚？,2,3,1,1,"A:处拘役，并处罚金, B:处管制，并处罚金, C:处1年以上徒刑, D:处6个月徒刑",处拘役，并处罚金,处管制，并处罚金,处1年以上徒刑,处6个月徒刑,,,,,,本题考点为危险驾驶罪。《中华人民共和国刑法》第一百三十三条：在道路上驾驶机动车追逐竞驶，情节恶劣的，或者在道路上醉酒驾驶机动车的，处拘役，并处罚金。
13595,13595,以下哪种情形不会被扣留车辆？,2,3,3,3,"A:没有按规定悬挂号牌, B:未按规定购买第三者责任强制保险, C:未随车携带灭火器, D:未随车携带行驶证",没有按规定悬挂号牌,未按规定购买第三者责任强制保险,未随车携带灭火器,未随车携带行驶证,,,,,,本题考点为扣留机动车相关内容。未随车携带灭火器不会被扣留车辆，其他三种情形都会被扣留。《道路交通安全法》第九十五条：上道路行驶的机动车未悬挂机动车号牌，未放置检验合格标志、保险标志，或者未随车携带行驶证、驾驶证的，公安机关交通管理部门应当扣留机动车。
284,284,驾驶人在道路上驾驶机动车追逐竞驶，情节恶劣的处3年以下有期徒刑。,1,3,2,2,"A:正确, B:错误",,,,,,,,,,本题考点为危险驾驶罪。追逐竞驶，情节恶劣的，处拘役，并处罚金。题中说处3年以下有期徒刑，所以选择错误。《中华人民共和国刑法》第一百三十三条：在道路上驾驶机动车追逐竞驶，情节恶劣的，或者在道路上醉酒驾驶机动车的，处拘役，并处罚金。
13596,13596,以下哪种情形会被扣留车辆？,2,3,1,1,"A:未放置检验合格标志, B:车内装饰过多, C:驾驶人开车打电话, D:未安装防撞装置",未放置检验合格标志,车内装饰过多,驾驶人开车打电话,未安装防撞装置,,,,,,本题考点为扣留机动车相关内容。未放置检验合格标志会被扣留车辆，其他三种情形不会。《道路交通安全法》第九十五条：上道路行驶的机动车未悬挂机动车号牌，未放置检验合格标志、保险标志，或者未随车携带行驶证、驾驶证的，公安机关交通管理部门应当扣留机动车。
29,29,驾驶这种机动车上路行驶属于什么行为？,2,3,3,3,"A:违规行为, B:违章行为, C:违法行为, D:犯罪行为",违规行为,违章行为,违法行为,犯罪行为,,,,https://wos.58cdn.com.cn/XyVuTsRqXyf/question/29-1693897057603.jpg,,图中机动车故意遮挡号牌，违反《道路交通安全法》是违法行为。现在官方已无违章、违规的说法。《道路交通安全法》第十一条：机动车号牌应当按照规定悬挂并保持清晰、完整，不得故意遮挡、污损。
285,285,醉酒驾驶机动车在道路上行驶会受到什么处罚？,2,3,2,2,"A:处2年以下徒刑, B:处拘役，并处罚金, C:处2年以上徒刑, D:处管制，并处罚金",处2年以下徒刑,处拘役，并处罚金,处2年以上徒刑,处管制，并处罚金,,,,,,本题考点为危险驾驶罪。《中华人民共和国刑法》第一百三十三条：醉酒驾驶机动车的，处拘役，并处罚金。
325917,325917,图中机动车有哪种违法行为？,2,3,2,2,"A:未按规定悬挂号牌, B:故意遮挡号牌, C:占用非机动车道, D:逆向行驶",未按规定悬挂号牌,故意遮挡号牌,占用非机动车道,逆向行驶,,,,https://wos.58cdn.com.cn/XyVuTsRqXyf/question/325917-1775122787955.jpg,,图中机动车故意遮挡号牌，违反《道路交通安全法》《道路交通安全法》第十一条：机动车号牌应当按照规定悬挂并保持清晰、完整，不得故意遮挡、污损
286,286,驾驶人在道路上醉酒驾驶机动车的处3年以上有期徒刑。,1,3,2,2,"A:正确, B:错误",,,,,,,,,,本题考点为危险驾驶罪。醉酒驾驶机动车的，处拘役，并处罚金。题中说处3年以上有期徒刑，所以选择错误。《中华人民共和国刑法》第一百三十三条：醉酒驾驶机动车的，处拘役，并处罚金。
31,31,驾驶人在下列哪种情况下不能驾驶机动车？,2,3,1,1,"A:饮酒后, B:喝茶后, C:喝咖啡后, D:喝牛奶后",饮酒后,喝茶后,喝咖啡后,喝牛奶后,,,,,,饮酒后不得驾驶机动车。《道路交通安全法》第二十二条：饮酒、服用国家管制的精神药品或者麻醉药品，或者患有妨碍安全驾驶机动车的疾病，或者过度疲劳影响安全驾驶的，不得驾驶机动车。
287,287,上道路行驶的机动车有哪种情形交通警察可依法扣留车辆？,2,3,1,1,"A:未悬挂机动车号牌, B:未携带身份证, C:未携带保险合同, D:未放置城市环保标志",未悬挂机动车号牌,未携带身份证,未携带保险合同,未放置城市环保标志,,,,,,本题考点为扣留机动车。《道路交通安全法》第九十五条：上道路行驶的机动车未悬挂机动车号牌，未放置检验合格标志、保险标志，或者未随车携带行驶证、驾驶证的，公安机关交通管理部门应当扣留机动车。法规没有规定上路携带身份证、保险合同、城市环保标志，这些证件未携带时并不会扣留机动车。
32,32,这辆在道路上行驶的机动车有下列哪种违法行为？,2,3,3,3,"A:逆向行驶, B:未按规定悬挂号牌, C:故意遮挡号牌, D:占用非机动车道",逆向行驶,未按规定悬挂号牌,故意遮挡号牌,占用非机动车道,,,,https://wos.58cdn.com.cn/XyVuTsRqXyf/question/32-1693897063539.jpg,,图中机动车故意遮挡号牌，违反《道路交通安全法》。《道路交通安全法》第十一条：机动车号牌应当按照规定悬挂并保持清晰、完整，不得故意遮挡、污损。
33568,33568,以下哪种情形会被扣留车辆？,2,3,2,2,"A:车内装饰过多，影响驾驶人视线, B:未携带行驶证, C:驾驶人开车打电话, D:未安装防撞装置",车内装饰过多，影响驾驶人视线,未携带行驶证,驾驶人开车打电话,未安装防撞装置,,,,,,本题考点为扣留机动车相关内容。驾驶机动车未携带行驶证、未悬挂机动车号牌；未放置检验合格标志、保险标志；驾驶证等行为，会被扣留机动车。《道路交通安全法》第九十五条：上道路行驶的机动车未悬挂机动车号牌，未放置检验合格标志、保险标志，或者未随车携带行驶证、驾驶证的，公安机关交通管理部门应当扣留机动车。
290,290,驾驶人未携带哪种证件驾驶机动车上路，交通警察可依法扣留车辆？,2,3,1,1,"A:机动车驾驶证, B:居民身份证, C:从业资格证, D:机动车通行证",机动车驾驶证,居民身份证,从业资格证,机动车通行证,,,,,,本题考点为扣留机动车。《道路交通安全法》第九十五条：上道路行驶的机动车未悬挂机动车号牌，未放置检验合格标志、保险标志，或者未随车携带行驶证、驾驶证的，公安机关交通管理部门应当扣留机动车。法规没有规定上路携带身份证、从业资格证、机动车通行证，这些证件未携带时并不会扣留机动车。
35,35,服用国家管制的精神药品可以短途驾驶机动车。,1,3,2,2,"A:正确, B:错误",,,,,,,,,,服用管制精神药品后不得驾驶机动车上路，题中说可以短途驾驶，所以选择错误。《道路交通安全法》第二十二条：饮酒、服用国家管制的精神药品或者麻醉药品，或者患有妨碍安全驾驶机动车的疾病，或者过度疲劳影响安全驾驶的，不得驾驶机动车。
291,291,驾驶人未携带哪种证件驾驶机动车上路，交通警察可依法扣留车辆？,2,3,4,4,"A:机动车通行证, B:居民身份证, C:从业资格证, D:机动车行驶证",机动车通行证,居民身份证,从业资格证,机动车行驶证,,,,,,本题考点为扣留机动车。《道路交通安全法》第九十五条：上道路行驶的机动车未悬挂机动车号牌，未放置检验合格标志、保险标志，或者未随车携带行驶证、驾驶证的，公安机关交通管理部门应当扣留机动车。法规没有规定上路携带身份证、从业资格证、机动车通行证，这些证件未携带时并不会扣留机动车。
36,36,饮酒后只要不影响驾驶操作可以短距离驾驶机动车。,1,3,2,2,"A:正确, B:错误",,,,,,,,,,饮酒后不得驾驶机动车上路，题中说可以短距离驾驶，所以选择错误。《道路交通安全法》第二十二条：饮酒、服用国家管制的精神药品或者麻醉药品，或者患有妨碍安全驾驶机动车的疾病，或者过度疲劳影响安全驾驶的，不得驾驶机动车。
292,292,对未放置检验合格标志上道路行驶的车辆，交通警察可依法予以扣留。,1,3,1,1,"A:正确, B:错误",,,,,,,,,,本题考点为扣留机动车。《道路交通安全法》第九十五条：上道路行驶的机动车未悬挂机动车号牌，未放置检验合格标志、保险标志，或者未随车携带行驶证、驾驶证的，公安机关交通管理部门应当扣留机动车。
7716,7716,当驾驶人的血液中酒精含量为100毫克/100毫升时，属于醉酒驾驶。,1,3,1,1,"A:正确, B:错误",,,,,,,,,,本题考点为醉驾相关内容。机动车驾驶人血液中酒精含量大于或者等于80毫克/100毫升会被判定为醉驾。
13604,13604,交通肇事致一人以上重伤，负事故全部或者主要责任，并具有下列哪种行为的，构成交通肇事罪?,2,3,3,3,"A:未带驾驶证, B:未报警, C:明知是安全装置不全或者安全机件失灵的机动车辆而驾驶的, D:未抢救受伤人员",未带驾驶证,未报警,明知是安全装置不全或者安全机件失灵的机动车辆而驾驶的,未抢救受伤人员,,,,,,本题考点为交通肇事罪相关内容。《最高人民法院关于审理交通肇事刑事案件具体应用法律若干问题的解释》第二条：交通肇事致一人以上重伤，负事故全部或者主要责任，并具有下列情形之一的，以交通肇事罪定罪处罚：（一）酒后、吸食毒品后驾驶机动车辆的；（二）无驾驶资格驾驶机动车辆的；（三）明知是安全装置不全或者安全机件失灵的机动车辆而驾驶的；（四）明知是无牌证或者已报废的机动车辆而驾驶的；（五）严重超载驾驶的；（六）为逃避法律追究逃离事故现场的。
293,293,交通警察对未放置保险标志上道路行驶的车辆可依法扣留行驶证。,1,3,2,2,"A:正确, B:错误",,,,,,,,,,本题考点为扣留机动车。未放置保险标志上道路行驶，交警应当扣留机动车，而不是扣留行驶证，所以选择错误。《道路交通安全法》第九十五条：上道路行驶的机动车未悬挂机动车号牌，未放置检验合格标志、保险标志，或者未随车携带行驶证、驾驶证的，公安机关交通管理部门应当扣留机动车。
13605,13605,交通肇事致一人以上重伤，负事故全部或者主要责任，并具有下列哪种行为的，构成交通肇事罪?,2,3,3,3,"A:未带驾驶证, B:未报警, C:明知是无牌证或者已报废的机动车辆而驾驶的, D:未抢救受伤人员",未带驾驶证,未报警,明知是无牌证或者已报废的机动车辆而驾驶的,未抢救受伤人员,,,,,,本题考点为交通肇事罪相关内容。《最高人民法院关于审理交通肇事刑事案件具体应用法律若干问题的解释》第二条：交通肇事致一人以上重伤，负事故全部或者主要责任，并具有下列情形之一的，以交通肇事罪定罪处罚：（一）酒后、吸食毒品后驾驶机动车辆的；（二）无驾驶资格驾驶机动车辆的；（三）明知是安全装置不全或者安全机件失灵的机动车辆而驾驶的；（四）明知是无牌证或者已报废的机动车辆而驾驶的；（五）严重超载驾驶的；（六）为逃避法律追究逃离事故现场的。
294,294,对有伪造或变造号牌、行驶证嫌疑的车辆，交通警察可依法予以扣留。,1,3,1,1,"A:正确, B:错误",,,,,,,,,,本题考点为伪造变造号牌行驶证《道路交通安全法》第九十六条：伪造、变造或者使用伪造、变造的机动车登记证书、号牌、行驶证、驾驶证的，由公安机关交通管理部门予以收缴，扣留该机动车，处十五日以下拘留，并处2000元以上5000元以下罚款；构成犯罪的，依法追究刑事责任
295,295,对有使用伪造或变造检验合格标志嫌疑的车辆，交通警察只进行罚款处罚。,1,3,2,2,"A:正确, B:错误",,,,,,,,,,除了处1000-3000元罚款以外，还将由公安机关交通管理部门收缴伪造合格标志、扣留该机动车，处十日以下拘留，构成犯罪的，依法追究刑事责任，题中说只进行罚款，所以选择错误。《道路交通安全法》第九十六条：伪造、变造或者使用伪造、变造的检验合格标志、保险标志的，由公安机关交通管理部门予以收缴，扣留该机动车，处十日以下拘留，并处一千元以上三千元以下罚款；构成犯罪的，依法追究刑事责任。
296,296,对使用其他车辆号牌、行驶证的车辆，交通警察可依法予以扣留。,1,3,1,1,"A:正确, B:错误",,,,,,,,,,使用其他车辆号牌、行驶证，由交警扣留该机动车，所以选择正确。《道路交通安全法》第九十六条：使用其他车辆的机动车登记证书、号牌、行驶证、检验合格标志、保险标志的，由公安机关交通管理部门予以收缴，扣留该机动车，处二千元以上五千元以下罚款。
297,297,对未按照国家规定投保交强险的车辆，交通警察可依法予以扣留。,1,3,1,1,"A:正确, B:错误",,,,,,,,,,本题考点为未按规定交强险处罚。《道路交通安全法》第九十八条：机动车所有人、管理人未按照国家规定投保机动车第三者责任强制保险的，由公安机关交通管理部门扣留车辆至依照规定投保后，并处依照规定投保最低责任限额应缴纳的保险费的二倍罚款。
298,298,对发生道路交通事故需要收集证据的事故车，交通警察可以依法扣留。,1,3,1,1,"A:正确, B:错误",,,,,,,,,,因收集证据的需要，交通警察可以扣留事故车辆，但是应当妥善保管，以备核查，所以选择正确。《道路交通安全法》第七十二条：交通警察应当对交通事故现场进行勘验、检查，收集证据；因收集证据的需要，可以扣留事故车辆，但是应当妥善保管，以备核查。
299,299,驾驶人有使用其他车辆号牌、行驶证嫌疑的，交通警察可依法扣留车辆。,1,3,1,1,"A:正确, B:错误",,,,,,,,,,本题考点为扣留机动车。《道路交通安全法》第九十六条：使用其他车辆的机动车登记证书、号牌、行驶证、检验合格标志、保险标志的，由公安机关交通管理部门予以收缴，扣留该机动车，处二千元以上五千元以下罚款。
7723,7723,上道路行驶的机动车驾驶人未携带机动车驾驶证、行驶证的，除扣留机动车外，并受到什么处罚？,2,3,2,2,"A:警告, B:罚款, C:拘留, D:吊销驾驶证",警告,罚款,拘留,吊销驾驶证,,,,,,未携带驾驶证、行驶证上路行驶，会被扣留机动车、处罚款。《道路交通安全法》第九十条：机动车驾驶人违反道路交通安全法律、法规关于道路通行规定的，处警告或者20元以上200元以下罚款。本法另有规定的，依照规定处罚。第九十五条：上道路行驶的机动车未悬挂机动车号牌，未放置检验合格标志、保险标志，或者未随车携带行驶证、驾驶证的，公安机关交通管理部门应当扣留机动车。
300,300,驾驶人有使用其他车辆检验合格标志嫌疑的，交通警察可依法扣留车辆。,1,3,1,1,"A:正确, B:错误",,,,,,,,,,本题考点为扣留机动车。《道路交通安全法》第九十六条：使用其他车辆的机动车登记证书、号牌、行驶证、检验合格标志、保险标志的，由公安机关交通管理部门予以收缴，扣留该机动车，处二千元以上五千元以下罚款。
7724,7724,以下哪种行为处十日以下拘留，并处一千元以上二千元以下罚款，吊销机动车驾驶证？,2,3,4,4,"A:醉酒驾驶机动车的, B:故意遮挡机动车号牌的, C:使用其他车辆保险标志的, D:因饮酒后驾驶机动车被处罚，再次饮酒后驾驶机动车的",醉酒驾驶机动车的,故意遮挡机动车号牌的,使用其他车辆保险标志的,因饮酒后驾驶机动车被处罚，再次饮酒后驾驶机动车的,,,,,,初次饮酒后驾驶机动车，暂扣6个月驾驶证，罚款1000-2000元。再次饮酒驾驶，处十日以下拘留，并处1000元以上2000元以下罚款，吊销驾驶证。《道路交通安全法》第九十一条：因饮酒后驾驶机动车被处罚，再次饮酒后驾驶机动车的，处10日以下拘留，并处1000元以上2000元以下罚款，吊销机动车驾驶证。
301,301,驾驶人有使用其他车辆保险标志嫌疑的，交通警察可依法扣留车辆。,1,3,1,1,"A:正确, B:错误",,,,,,,,,,本题考点为扣留机动车。《道路交通安全法》第九十六条：使用其他车辆的机动车登记证书、号牌、行驶证、检验合格标志、保险标志的，由公安机关交通管理部门予以收缴，扣留该机动车，处二千元以上五千元以下罚款。
302,302,驾驶人有哪种情形，交通警察可依法扣留机动车驾驶证？,2,3,1,1,"A:饮酒后驾驶机动车, B:超过规定速度10%, C:疲劳后驾驶机动车, D:行车中未系安全带",饮酒后驾驶机动车,超过规定速度10%,疲劳后驾驶机动车,行车中未系安全带,,,,,,本题考点为酒驾相关内容。饮酒后驾车会被扣留驾驶证，其他选项的行为不会被扣留驾驶证。《道路交通安全法》第九十一条：饮酒后驾驶机动车的，处暂扣6个月机动车驾驶证，并处1000元以上2000元以下罚款。
7726,7726,驾驶机动车造成重大交通事故后逃逸，构成犯罪的，由公安机关交通管理部门吊销机动车驾驶证，且终生不得重新取得机动车驾驶证。,1,3,1,1,"A:正确, B:错误",,,,,,,,,,本题考点为肇事逃逸相关内容。事故后逃逸构成犯罪的，终生不得申请驾驶证。《道路交通安全法》第一百零一条：造成交通事故后逃逸的，由公安机关交通管理部门吊销机动车驾驶证，且终生不得重新取得机动车驾驶证。
305,305,驾驶人将机动车交给驾驶证被暂扣的人驾驶的，交通警察给予口头警告。,1,3,2,2,"A:正确, B:错误",,,,,,,,,,本题考点为将机动车交给无证人员驾驶的处罚相关内容。驾驶证被暂扣属于无证。把机动车交给驾驶证被暂扣的人驾驶，会追究连带责任，处200-2000元罚款。题中说口头警告，所以选错误。《道路交通安全法》第九十九条：将机动车交由未取得机动车驾驶证或者机动车驾驶证被吊销、暂扣的人驾驶的，由公安机关交通管理部门处二百元以上二千元以下罚款，可以并处吊销机动车驾驶证。
307,307,驾驶人在一个记分周期内累积记分达到12分的，交通警察依法扣留驾驶证。,1,3,1,1,"A:正确, B:错误",,,,,,,,,,本题考点为扣留驾驶证情形相关内容。《道路交通安全法实施条例》第二十三条：对在一个记分周期内记分达到12分的，由公安机关交通管理部门扣留其机动车驾驶证。
319,319,酒后驾驶发生重大交通事故被依法追究刑事责任的人不能申请机动车驾驶证。,1,3,1,1,"A:正确, B:错误",,,,,,,,,,酒后驾驶发生重大交通事故被依法追究刑事责任的人不能申请机动车驾驶证，所以选择正确《机动车驾驶证申领和使用规定》第十五条：饮酒后或者醉酒驾驶机动车发生重大交通事故构成犯罪的，不得申请机动车驾驶证
33855,33855,机动车驾驶人有以下哪种违法行为的，暂扣六个月机动车驾驶证？,2,3,3,3,"A:醉酒后驾驶机动车的, B:伪造、变造机动车驾驶证的, C:饮酒后驾驶机动车的, D:使用伪造、变造机动车驾驶证的",醉酒后驾驶机动车的,伪造、变造机动车驾驶证的,饮酒后驾驶机动车的,使用伪造、变造机动车驾驶证的,,,,,,饮酒后驾驶机动车的处暂扣6个月机动车驾驶证，并处1000元以上2000元以下罚款醉酒后驾驶机动车的吊销驾照，5年内不得重新获取驾照，处以拘役，并处罚金伪造、变造机动车驾驶证的会被一次记12分使用伪造、变造机动车驾驶证的一次记12分《道路交通安全法》规定：饮酒后驾驶机动车的，处暂扣6个月机动车驾驶证，并处1000元以上2000元以下罚款
7753,7753,以下哪项行为可构成危险驾驶罪？,2,3,4,4,"A:闯红灯, B:无证驾驶, C:疲劳驾驶, D:醉驾",闯红灯,无证驾驶,疲劳驾驶,醉驾,,,,,,本题考点为醉驾相关内容。醉驾是非常危险的，构成危险驾驶罪。《刑法》规定：如有以下情形定为危险驾驶罪：（一）追逐竞驶，情节恶劣的；（二）醉酒驾驶机动车的；（三）从事校车业务或者旅客运输，严重超过额定乘员载客，或者严重超过规定时速行驶的；（四）违反危险化学品安全管理规定运输危险化学品，危及公共安全。
2637,2637,交通肇事致一人以上重伤，负事故全部或者主要责任，并具有下列哪种行为的，构成交通肇事罪?,2,3,2,2,"A:未带驾驶证, B:酒后、吸食毒品后驾驶机动车辆的, C:未报警, D:未抢救受伤人员",未带驾驶证,酒后、吸食毒品后驾驶机动车辆的,未报警,未抢救受伤人员,,,,,,本题考点为交通肇事罪相关内容。《最高人民法院关于审理交通肇事刑事案件具体应用法律若干问题的解释》第二条：交通肇事致一人以上重伤，负事故全部或者主要责任，并具有下列情形之一的，以交通肇事罪定罪处罚：（一）酒后、吸食毒品后驾驶机动车辆的；（二）无驾驶资格驾驶机动车辆的；（三）明知是安全装置不全或者安全机件失灵的机动车辆而驾驶的；（四）明知是无牌证或者已报废的机动车辆而驾驶的；（五）严重超载驾驶的；（六）为逃避法律追究逃离事故现场的。
2638,2638,交通肇事致一人以上重伤，负事故全部或者主要责任，并具有下列哪种行为的，构成交通肇事罪?,2,3,3,3,"A:未带驾驶证, B:未报警, C:无驾驶资格驾驶机动车辆的, D:未抢救受伤人员",未带驾驶证,未报警,无驾驶资格驾驶机动车辆的,未抢救受伤人员,,,,,,本题考点为交通肇事罪相关内容。《最高人民法院关于审理交通肇事刑事案件具体应用法律若干问题的解释》第二条：交通肇事致一人以上重伤，负事故全部或者主要责任，并具有下列情形之一的，以交通肇事罪定罪处罚：（一）酒后、吸食毒品后驾驶机动车辆的；（二）无驾驶资格驾驶机动车辆的；（三）明知是安全装置不全或者安全机件失灵的机动车辆而驾驶的；（四）明知是无牌证或者已报废的机动车辆而驾驶的；（五）严重超载驾驶的；（六）为逃避法律追究逃离事故现场的。
2639,2639,交通肇事致一人以上重伤，负事故全部或者主要责任，并具有下列哪种行为的，构成交通肇事罪?,2,3,3,3,"A:未带驾驶证, B:未及时报警, C:严重超载驾驶的, D:未抢救受伤人员",未带驾驶证,未及时报警,严重超载驾驶的,未抢救受伤人员,,,,,,本题考点为交通肇事罪相关内容。《最高人民法院关于审理交通肇事刑事案件具体应用法律若干问题的解释》第二条：交通肇事致一人以上重伤，负事故全部或者主要责任，并具有下列情形之一的，以交通肇事罪定罪处罚：（一）酒后、吸食毒品后驾驶机动车辆的；（二）无驾驶资格驾驶机动车辆的；（三）明知是安全装置不全或者安全机件失灵的机动车辆而驾驶的；（四）明知是无牌证或者已报废的机动车辆而驾驶的；（五）严重超载驾驶的；（六）为逃避法律追究逃离事故现场的。
2640,2640,交通肇事致一人以上重伤，负事故全部或者主要责任，并具有下列哪种行为的，构成交通肇事罪?,2,3,3,3,"A:未带驾驶证, B:未报警, C:为逃避法律追究逃离事故现场的, D:未抢救受伤人员",未带驾驶证,未报警,为逃避法律追究逃离事故现场的,未抢救受伤人员,,,,,,本题考点为交通肇事罪相关内容。《最高人民法院关于审理交通肇事刑事案件具体应用法律若干问题的解释》第二条：交通肇事致一人以上重伤，负事故全部或者主要责任，并具有下列情形之一的，以交通肇事罪定罪处罚：（一）酒后、吸食毒品后驾驶机动车辆的；（二）无驾驶资格驾驶机动车辆的；（三）明知是安全装置不全或者安全机件失灵的机动车辆而驾驶的；（四）明知是无牌证或者已报废的机动车辆而驾驶的；（五）严重超载驾驶的；（六）为逃避法律追究逃离事故现场的。
339,339,伪造、变造或者使用伪造、变造驾驶证的驾驶人构成犯罪的，将依法追究刑事责任。,1,3,1,1,"A:正确, B:错误",,,,,,,,,,本题考点为伪造、变造驾驶证相关内容。《道路交通安全法》第九十六条：伪造、变造或者使用伪造、变造的机动车登记证书、号牌、行驶证、驾驶证的，由公安机关交通管理部门予以收缴，扣留该机动车，处十五日以下拘留，并处二千元以上五千元以下罚款；构成犯罪的，依法追究刑事责任。
84,84,下列哪种行为会受到200元以上2000元以下罚款，并处吊销机动车驾驶证？,2,3,2,2,"A:违反道路通行规定, B:超过规定时速50%, C:造成交通事故后逃逸, D:驾车没带驾驶证",违反道路通行规定,超过规定时速50%,造成交通事故后逃逸,驾车没带驾驶证,,,,,,机动车行驶超过超过规定时速50%，由公安交通管理部门处二百元以上二千元以下罚款，可以并处吊销机动车驾驶证《道路交通安全法》第九十九条：机动车行驶超过规定时速百分之五十的由公安交通管理部门处二百元以上二千元以下罚款，可以并处吊销机动车驾驶证
221542,221542,以下不属于依法扣留车辆情形的是（）。,2,3,3,3,"A:未投保机动车交通事故责任强制保险, B:变造机动车行驶证, C:未携带机动车登记证书, D:伪造机动车号牌",未投保机动车交通事故责任强制保险,变造机动车行驶证,未携带机动车登记证书,伪造机动车号牌,,,,,,《道路交通安全法》第九十六条，伪造、变造或者使用伪造、变造的机动车登记证书、号牌、行驶证、驾驶证的，由公安机关交通管理部门予以收缴，扣留该机动车，处十五日以下拘留，并处二千元以上五千元以下罚款；构成犯罪的，依法追究刑事责任
7788,7788,醉酒驾驶营运机动车依法被吊销机动车驾驶证未满十年的，不得申请机动车驾驶证。,1,3,1,1,"A:正确, B:错误",,,,,,,,,,本题考点为醉驾相关内容。《机动车驾驶证申领和使用规定》：醉酒驾驶营运机动车依法被吊销机动车驾驶证未满十年的，不得申请机动车驾驶证。饮酒驾驶运营机动车的，五年不得申请机动车驾驶证。
7790,7790,驾驶达到报废标准机动车上路的，公安交管部门依法应当予以收缴，强制报废，对驾驶人处罚款并吊销驾驶证。,1,3,1,1,"A:正确, B:错误",,,,,,,,,,本题考点为拼驾驶拼装报废机动车的处罚相关内容驾驶拼装车上路是非常危险的《道路交通安全法》第一百条：驾驶拼装的机动车或者已达到报废标准的机动车上道路行驶的，公安机关交通管理部门应当予以收缴，强制报废对驾驶前款所列机动车上道路行驶的驾驶人，处二百元以上二千元以下罚款，并吊销机动车驾驶证
7791,7791,机动车驾驶人造成重大交通事故后逃逸，构成犯罪的，十年内不能申请机动车驾驶证。,1,3,2,2,"A:正确, B:错误",,,,,,,,,,本题考点为肇事逃逸相关内容。事故后逃逸构成犯罪的，终生不得申请驾驶证。《道路交通安全法》第一百零一条：违反道路交通安全法律、法规的规定，发生重大交通事故，构成犯罪的，依法追究刑事责任，并由公安机关交通管理部门吊销机动车驾驶证。造成交通事故后逃逸的，由公安机关交通管理部门吊销机动车驾驶证，且终生不得重新取得机动车驾驶证。
221295,221295,公路客运车辆载客超过额定乘员的，由公安交管部门扣留机动车至违法状态消除。,1,3,1,1,"A:正确, B:错误",正确,错误,,,,,,,,公路客运车辆载客超过额定乘员的，处200元以上500元以下的罚款；超过额定乘员20%或者违反规定载货的，处500元以上2000元以下的罚款，并由公安机关交通管理部门扣留机动车至违法状态消除。
221296,221296,以下属于依法扣留车辆情形的是（）。,2,3,3,3,"A:驾驶人未按规定系安全带, B:在高速公路低于规定最低时速行驶, C:未投保机动车交通事故责任强制保险, D:连续驾车超过4小时未停车休息",驾驶人未按规定系安全带,在高速公路低于规定最低时速行驶,未投保机动车交通事故责任强制保险,连续驾车超过4小时未停车休息,,,,,,《中华人民共和国道路交通安全法》第九十八条：机动车所有人、管理人未按照国家规定投保机动车第三者责任强制保险的，由公安机关交通管理部门扣留车辆至依照规定投保后，并处依照规定投保最低责任限额应缴纳的保险费的二倍罚款。
33658,33658,组织、参与实施欺骗、贿赂等不正当手段取得机动车驾驶证牟取经济利益的，由公安机关交通管理部门处违法所得三倍以上五倍以下罚款，但最高不超过十万元。,1,3,1,1,"A:正确, B:错误",正确,错误,,,,,,,,本题考点为不正当取得驾驶证行为相关内容注意题中说的是组织、参与实施欺骗、贿赂等不正当手段取得机动车驾驶证牟取经济利益的，以上行为的处罚与本人通过不正当手段取得驾驶证是不一样的《机动车驾驶证申领和使用规定》：组织、参与实施申请人以欺骗、贿赂等不正当手段取得机动车驾驶证的，并牟取经济利益的，由公安机关交通管理部门处违法所得三倍以上五倍以下罚款，但最高不超过十万元
33665,33665,组织他人代替实际机动车驾驶人参加审验教育的，有违法所得的，由公安机关交通管理部门处违法所得三倍以下罚款，但最高不超过二万元。,1,3,1,1,"A:正确, B:错误",正确,错误,,,,,,,,本题考点为组织审验教育弄虚作假的罚款的相关内容注意本人、代替他人和组织他人的处罚是不同的题中说的是组织他人代替实际机动车驾驶人参加审验教育，会被处以违法所得三倍以下罚款，最高不超二万元《机动车驾驶证申领和使用规定》第一百条：组织他人实施代替实际机动车驾驶人参加审验教育的，有违法所得的，由公安机关交通管理部门处违法所得三倍以下罚款，但最高不超过二万元；没有违法所得的，由公安机关交通管理部门处二万元以下罚款
7810,7810,驾驶人血液中酒精含量大于或者等于多少可认定为醉驾？,2,3,3,3,"A:20mg/100ml, B:60mg/100ml, C:80mg/100ml, D:50mg/100ml",20mg/100ml,60mg/100ml,80mg/100ml,50mg/100ml,,,,,,本题考点为醉驾相关内容机动车驾驶人血液中酒精含量大于或者等于80mg/100ml会被判定为醉驾
29315,29315,上道路行驶的机动车有哪种情形交通警察可依法扣留车辆？,2,3,2,2,"A:未放置城市环保标志, B:未携带行驶证, C:未携带机动车登记证书, D:未携带身份证",未放置城市环保标志,未携带行驶证,未携带机动车登记证书,未携带身份证,,,,,,本题考点为扣留机动车相关内容。《道路交通安全法》第九十五条：上道路行驶的机动车未悬挂机动车号牌，未放置检验合格标志、保险标志，或者未随车携带行驶证、驾驶证的，公安机关交通管理部门应当扣留机动车。
33667,33667,驾驶这种机动车上路行驶的做法，是一种轻微的违规行为。,1,3,2,2,"A:正确, B:错误",正确,错误,,,,,,https://wos.58cdn.com.cn/XyVuTsRqXyf/question/33667-1693901938353.jpg,,图中机动车遮挡号牌，故意遮挡、污损机动车号牌会被记9分。是违反了道路安全法的行为。注意：《道路交通安全法》中只有违法行为，没有违规行为的说法。《道路交通安全法》第十一条，驾驶机动车上道路行驶，应当悬挂机动车号牌，放置检验合格标志、保险标志，并随车携带机动车行驶证。机动车号牌应当按照规定悬挂并保持清晰、完整，不得故意遮挡、污损。
7820,7820,关于醉酒驾车的处罚，以下说法错误的是（）。,2,3,4,4,"A:罚款、吊销驾驶证, B:5年内不得重新取得驾驶证, C:公安交管部门约束至酒醒, D:记6分",罚款、吊销驾驶证,5年内不得重新取得驾驶证,公安交管部门约束至酒醒,记6分,,,,,,本题考点为醉驾相关内容注意题中问的是，哪个选项是错误的《道路交通安全法》第九十一条：醉酒驾驶机动车的，由公安机关交通管理部门约束至酒醒，吊销机动车驾驶证，依法追究刑事责任；5年内不得重新取得机动车驾驶证饮酒后驾驶机动车，一次记12分醉酒直接吊销机动车驾驶证，无扣分的说法，说扣6分的选项是错误的
33690,33690,组织他人参加审验教育时在签注学习记录、学习过程中弄虚作假的，没有违法所得的，由公安机关交通管理部门处二万元以下罚款。,1,3,1,1,"A:正确, B:错误",,,,,,,,,,题中说的是组织他人，本人、代替他人和组织他人的处罚是不一样的组织他人在参加审验教育时在学习过程中弄虚作假，会被处以二万元以下的罚款《机动车驾驶证申领和使用规定》规定：组织他人参加审验教育时在签注学习记录、学习过程中弄虚作假的，有违法所得的，由公安机关交通管理部门处违法所得三倍以下罚款，但最高不超过二万元；没有违法所得的，由公安机关交通管理部门处二万元以下罚款
24733,24733,对未放置保险标志上道路行驶的机动车，交通警察可以扣留机动车。,1,3,1,1,"A:正确, B:错误",,,,,,,,,,本题考点为扣留机动车相关内容。《道路交通安全法》最新规定：上道路行驶的机动车未放置保险标志的，公安机关交通管理部门应当扣留机动车。
33695,33695,饮酒后驾驶营运机动车依法被吊销机动车驾驶证未满五年的，不得申请机动车驾驶证。,1,3,1,1,"A:正确, B:错误",,,,,,,,,,本题考点为饮酒后不得申请驾驶证相关情形。《机动车驾驶证申领和使用规定》规定：醉酒驾驶机动车或者饮酒后驾驶营运机动车依法被吊销机动车驾驶证未满五年的，不得申请机动车驾驶证。
33697,33697,组织他人代替实际机动车驾驶人参加审验教育的，没有违法所得的，由公安机关交通管理部门处二万元以下罚款。,1,3,1,1,"A:正确, B:错误",,,,,,,,,,本题考点为组织审验罚款的相关内容。《道路交通安全违法行为记分管理办法》规定：组织他人代替实际机动车驾驶人参加审验教育的，①有违法所得的，由公安机关交通管理部门处违法所得三倍以下罚款，但最高不超过二万元；②没有违法所得的，由公安机关交通管理部门处二万元以下罚款。
33710,33710,对行驶中的公共交通工具的驾驶人员使用暴力或者抢控驾驶操纵装置，干扰公共交通工具正常行驶，危及公共安全，构成犯罪的，处一年以下有期徒刑、拘役或者管制，并处或者单处罚金。,1,3,1,1,"A:正确, B:错误",,,,,,,,,,本题考点为交通违法行为的处罚相关内容。题中行为是非常危险的。《刑法》第一百三十三条之二：妨害安全驾驶罪：对行驶中的公共交通工具的驾驶人员使用暴力或者抢控驾驶操纵装置，干扰公共交通工具正常行驶，危及公共安全的，处一年以下有期徒刑、拘役或者管制，并处或者单处罚金。
33712,33712,驾驶人员在行驶的公共交通工具上擅离职守，与他人互殴或者殴打他人，危及公共安全，构成犯罪的，处一年以下有期徒刑、拘役或者管制，并处或者单处罚金。,1,3,1,1,"A:正确, B:错误",,,,,,,,,,本题考点为交通违法行为的处罚相关内容。《刑法》第一百三十三条之二：妨害安全驾驶罪：对行驶中的公共交通工具的驾驶人员使用暴力或者抢控驾驶操纵装置，干扰公共交通工具正常行驶，危及公共安全的，处一年以下有期徒刑、拘役或者管制，并处或者单处罚金。前款规定的驾驶人员在行驶的公共交通工具上擅离职守，与他人互殴或者殴打他人，危及公共安全的，依照前款的规定处罚。
33458,33458,饮酒后或者醉酒驾驶机动车发生重大交通事故构成犯罪的，依法追究刑事责任，吊销机动车驾驶证，将多少年内不得申请机动车驾驶证?,2,3,4,4,"A:五年, B:二十年, C:十年, D:终生",五年,二十年,十年,终生,,,,,,饮酒后或者醉酒驾驶机动车发生重大交通事故，构成犯罪的，依法追究刑事责任，并由公安机关交通管理部门吊销机动车驾驶证，终生不得重新取得机动车驾驶证饮酒驾驶机动车辆，罚款1000元-2000元、记12分并暂扣驾照6个月；饮酒驾驶营运机动车，罚款5000元，记12分，处以15日以下拘留，并且5年内不得重新获得驾照醉酒驾驶机动车辆，吊销驾照，5年内不得重新获取驾照，经过判决后处以拘役，并处罚金；醉酒驾驶营运机动车辆，吊销驾照，10年内不得重新获取驾照，终生不得驾驶营运车辆，经过判决后处以拘役，并处罚金
33715,33715,代替他人或者让他人代替自己参加机动车驾驶人考试，构成犯罪的，处拘役或者管制，并处或者单处罚金。,1,3,1,1,"A:正确, B:错误",,,,,,,,,,本题考点为不正当取得驾驶证行为相关内容。《刑法》第二百八十四条：代替考试罪：代替他人或者让他人代替自己参加第一款规定的考试的，处拘役或者管制，并处或者单处罚金。
33466,33466,以下属于依法扣留车辆情形的是（）。,2,3,3,3,"A:未携带保险合同, B:未放置城市环保标志, C:悬挂变造的机动车号牌, D:未携带机动车登记证书",未携带保险合同,未放置城市环保标志,悬挂变造的机动车号牌,未携带机动车登记证书,,,,,,本题考点为扣留机动车相关内容驾驶机动车上路都要悬挂机动车号牌，悬挂变造、伪造的号牌是违法行为，会被扣留机动车《道路交通安全法》第九十六条，伪造、变造或者使用伪造、变造的机动车登记证书、号牌、行驶证、驾驶证的，由公安机关交通管理部门予以收缴，扣留该机动车，处十五日以下拘留，并处二千元以上五千元以下罚款；构成犯罪的，依法追究刑事责任
33726,33726,机动车驾驶人请他人代为接受交通违法行为处罚和记分并支付经济利益的，由公安机关交通管理部门处所支付经济利益多少倍以下罚款，但最高不超过多少万元？,2,3,4,4,"A:两，两, B:三、三, C:两，五, D:三、五",两，两,三、三,两，五,三、五,,,,,,本题考点为交通违法行为的处罚相关内容。《道路交通安全违法行为记分管理办法》第三十条：机动车驾驶人请他人代为接受交通违法行为处罚和记分并支付经济利益的，由公安机关交通管理部门处所支付经济利益三倍以下罚款，但最高不超过五万元；同时，依法对原交通违法行为作出处罚。
33735,33735,在驾驶人考试过程中组织作弊，情节严重构成犯罪的，会受到什么处罚？,2,3,2,2,"A:处三年以下有期徒刑，并处罚金, B:处三年以上七年以下有期徒刑，并处罚金, C:处七年以上有期徒刑，并处罚金, D:处管制，并处罚金",处三年以下有期徒刑，并处罚金,处三年以上七年以下有期徒刑，并处罚金,处七年以上有期徒刑，并处罚金,处管制，并处罚金,,,,,,本题考点为考试过程中作弊受到处罚相关内容《刑法》规定：在法律规定的国家考试中，组织作弊且情节严重的，处三年以上七年以下有期徒刑，并处罚金
33746,33746,关于机动车驾驶人参加审验教育时在签注学习记录、学习过程中弄虚作假的会受到处罚，以下说法错误的是什么？,2,3,1,1,"A:暂扣机动车驾驶证, B:处一千元以下罚款, C:相应学习记录无效, D:重新参加审验学习",暂扣机动车驾驶证,处一千元以下罚款,相应学习记录无效,重新参加审验学习,,,,,,注意题中问的是哪个选项是错误的。驾驶人参加审验教育时，已经被暂扣驾驶证，无法再次被暂扣机动车驾驶证。《机动车驾驶证申领和使用规定》第一百条：机动车驾驶人参加审验教育时在签注学习记录、学习过程中弄虚作假的，相应学习记录无效，重新参加审验学习，由公安机关交通管理部门处一千元以下罚款。
225503,225503,关于因饮酒后驾车被处罚，再次酒后驾车可能受到的处罚，说法错误的是（）。,2,3,2,2,"A:吊销驾驶证, B:暂扣驾驶证, C:拘留, D:罚款",吊销驾驶证,暂扣驾驶证,拘留,罚款,,,,,,《道路交通安全法》第九十一条：因饮酒后驾驶机动车被处罚，再次饮酒后驾驶机动车的，处10日以下拘留，并处1000元以上2000元以下罚款，吊销机动车驾驶证
180192,180192,醉酒驾车的，由公安交管部门约束至酒醒，吊销其驾驶证，依法追究刑事责任，5年内不得重新取得驾驶证。,1,3,1,1,"A:正确, B:错误",,,,,,,,,,《道路交通安全法》第九十一条：醉酒驾驶机动车的，由公安机关交通管理部门约束至酒醒，吊销机动车驾驶证，依法追究刑事责任；五年内不得重新取得机动车驾驶证
27105,27105,在驾驶人考试过程中组织作弊，构成犯罪的，处3年以下有期徒刑或者拘役。,1,3,1,1,"A:正确, B:错误",正确,错误,,,,,,,,申请人在机动车驾驶人考试过程中组织作弊的，构成犯罪的，处三年以下有期徒刑或者拘役，并处或单处罚金，所以选择正确《刑法》中规定：在法律规定的国家考试中，组织作弊的，处三年以下有期徒刑或者拘役，并处或者单处罚金
82147,82147,饮酒后不得驾驶机动车。,1,3,1,1,"A:正确, B:错误",,,,,,,,,,《道路交通安全违法行为记分管理办法》规定：饮酒后驾驶机动车的，一次记12分
28131,28131,"驾驶拼装机动车上路行驶的驾驶人，除按规定接受罚款外，还要受到哪种处理？
",2,3,1,1,"A:吊销驾驶证, B:暂扣驾驶证, C:追究刑事责任, D:处10日以下拘留",吊销驾驶证,暂扣驾驶证,追究刑事责任,处10日以下拘留,,,,,,本题考点为拼驾驶拼装报废机动车的处罚相关内容驾驶拼装车上路是非常危险的《道路交通安全法》第一百条：驾驶拼装的机动车或者已达到报废标准的机动车上道路行驶的，公安机关交通管理部门应当予以收缴，强制报废对驾驶前款所列机动车上道路行驶的驾驶人，处二百元以上二千元以下罚款，并吊销机动车驾驶证
225517,225517,饮酒后驾车，除罚款外，将暂扣驾驶证6个月。,1,3,1,1,"A:正确, B:错误",正确,错误,,,,,,,,饮酒后驾驶机动车的，处暂扣六个月机动车驾驶证，并处一千元以上二千元以下罚款
28922,28922,组织他人参加审验教育时签注学习记录、学习过程中弄虚作假的，有违法所得的，由公安机关交通管理部门处违法所得三倍以下罚款，但最高不超过二万。,1,3,1,1,"A:正确, B:错误",正确,错误,,,,,,,,题中说的是组织他人，本人、代替他人和组织他人的处罚是不一样的组织他人在参加审验教育时在学习过程中弄虚作假，会被处以三倍以下，但不超二万元的罚款《机动车驾驶证申领和使用规定》规定：组织他人参加审验教育时在签注学习记录、学习过程中弄虚作假的，有违法所得的，由公安机关交通管理部门处违法所得三倍以下罚款，但最高不超过二万元；没有违法所得的，由公安机关交通管理部门处二万元以下罚款
7680,7680,如图所示，A车货物掉落，导致B车与掉落货物发生碰撞，以下说法正确的是什么？,2,4,2,2,"A:B车自负责任, B:A车负全部责任, C:各负一半责任, D:偶然事件，不可避免",B车自负责任,A车负全部责任,各负一半责任,偶然事件，不可避免,,,,https://wos.58cdn.com.cn/XyVuTsRqXyf/question/7680-1693899829827.jpg,,因货物掉落、遗撒物与后车碰撞引发交通事故，由货物运输方负全责。图中A车没有对货物捆绑牢固，使货物掉落，导致后方的B车与掉落物发生碰撞，所以A车全责。此题选A车负全部责任。
225539,225539,图中交通事故，A车负次要责任。,1,4,2,2,"A:正确, B:错误",正确,错误,,,,,,https://wos.58cdn.com.cn/XyVuTsRqXyf/question/225539-1760950109375.jpg,,图中B车已在环岛内正常行驶，此时A车强行驶入，导致事故发生，所以是A车全责《道路交通安全法实施条例》第五十一条：机动车通过有交通信号灯控制的交叉路口，应当按照下列规定通行：准备进入环形路口的让已在路口内的机动车先行
33544,33544,交通事故造成人员重伤但驾驶人愿意承担全部责任的，可以自行协商处理。,1,4,2,2,"A:正确, B:错误",,,,,,,,,,事故中造成人员重伤，应报警处理，不可以自行协商，所以本题错误。《道路交通安全法》第七十条：在道路上发生交通事故，车辆驾驶人应当立即停车，保护现场；造成人身伤亡的，车辆驾驶人应当立即抢救受伤人员，并迅速报告执勤的交通警察或者公安机关交通管理部门。因抢救受伤人员变动现场的，应当标明位置。
7689,7689,驾驶机动车发生交通事故未造成人身伤亡的，责任明确双方无争议时，应当如何处置？,2,4,4,4,"A:保护好现场再协商, B:不要移动车辆, C:疏导其他车辆绕行, D:撤离现场自行协商",保护好现场再协商,不要移动车辆,疏导其他车辆绕行,撤离现场自行协商,,,,,,发生没有人员伤亡且责任明确的交通事故时，可以撤离现场自行协商。《道路交通安全法》第七十条：在道路上发生交通事故，未造成人身伤亡，当事人对事实及成因无争议的，可以即行撤离现场，恢复交通，自行协商处理损害赔偿事宜；不即行撤离现场的，应当迅速报告执勤的交通警察或者公安机关交通管理部门。
7690,7690,驾驶机动车发生交通事故后当事人故意破坏、伪造现场、毁灭证据的，应当承担什么责任？,2,4,4,4,"A:主要责任, B:次要责任, C:同等责任, D:全部责任",主要责任,次要责任,同等责任,全部责任,,,,,,发生交通事故后当事人逃逸的，故意破坏、伪造现场、毁灭证据的，均承担全部责任。所以选全部责任。《道路交通安全法实施条例》第九十二条：发生交通事故后当事人故意破坏、伪造现场、毁灭证据的，承担全部责任。
7691,7691,非机动车驾驶人、行人故意碰撞机动车造成交通事故的，机动车一方不承担赔偿责任。,1,4,1,1,"A:正确, B:错误",,,,,,,,,,非机动车驾驶人、行人故意碰撞机动车造成交通事故的，机动车一方不承担赔偿责任。所以本题选正确。《道路交通安全法》第七十六条：交通事故的损失是由非机动车驾驶人、行人故意碰撞机动车造成的，机动车一方不承担赔偿责任。
7700,7700,发生交通事故后，当事人故意破坏、伪造现场、毁灭证据的，承担全部责任。,1,4,1,1,"A:正确, B:错误",,,,,,,,,,发生交通事故后当事人逃逸的，故意破坏、伪造现场、毁灭证据的，均承担全部责任。所以选正确。《道路交通安全法实施条例》第九十二条：发生交通事故后当事人故意破坏、伪造现场、毁灭证据的，承担全部责任。
13598,13598,机动车之间发生交通事故造成轻微财产损失，当事人对事实及成因无争议时，在确保安全的原则下，对现场拍照或标划事故车辆现场位置后，可自行撤离现场处理损害赔偿事宜，主要目的是什么？,2,4,3,3,"A:双方互有损失, B:找现场证人就行了，不必报警, C:为了及时恢复交通，避免造成交通拥堵, D:事故后果很小，无需赔偿",双方互有损失,找现场证人就行了，不必报警,为了及时恢复交通，避免造成交通拥堵,事故后果很小，无需赔偿,,,,,,发生轻微财产损失的交通事故，且没有人员伤亡也无争议的可自行撤离，避免造成交通拥堵。所以本题选为了及时恢复交通，避免造成交通拥堵。《道路交通安全法实施条例》第八十六条：机动车与机动车、机动车与非机动车在道路上发生未造成人身伤亡的交通事故，当事人对事实及成因无争议的，在记录交通事故的时间、地点、对方当事人的姓名和联系方式、机动车牌号、驾驶证号、保险凭证号、碰撞部位，并共同签名后，撤离现场，自行协商损害赔偿事宜。当事人对交通事故事实及成因有争议的，应当迅速报警。
13599,13599,发生人身伤亡、后果严重的交通事故，可自行撤离现场。,1,4,2,2,"A:正确, B:错误",,,,,,,,,,发生人身伤亡、事故后果非常严重的交通事故，不可以自行撤离，应该立即报警所以本题选择错误《道路交通安全法》第七十条：在道路上发生交通事故，车辆驾驶人应当立即停车，保护现场；造成人身伤亡的，车辆驾驶人应当立即抢救受伤人员，并迅速报告执勤的交通警察或者公安机关交通管理部门因抢救受伤人员变动现场的，应当标明位置
13600,13600,车辆发生轻微剐蹭事故，双方驾驶人争执不下，坚持在原地等待警察来处理，造成路面堵塞，该行为会受到罚款的处罚。,1,4,1,1,"A:正确, B:错误",,,,,,,,,,车辆发生轻微剐蹭事故，双方争执不下，坚持在原地等待警察来处理，造成路面堵塞，这种行为会受到罚款200的处罚。《道路交通事故处理程序规定》第十九条：对应当自行撤离现场而未撤离的，交通警察应当责令当事人撤离现场；造成交通堵塞的，对驾驶人处以200元罚款。
7717,7717,驾驶机动车在道路上发生交通事故，任何情况下都应标明现场位置后，先行撤离现场。,1,4,2,2,"A:正确, B:错误",,,,,,,,,,在道路上发生事故应当依照事故情况而定，如果只是轻微财产损失，双方当事人无争议的可以移动车辆，但如果有人员伤亡，一方当事人有违法行为的，不得移动车辆，应当立刻保护现场并报警。题中说任何情况的说法太绝对，所以本题选错。
322603,322603,雾天通过交叉路口时，要开灯、鸣喇叭、减速慢行。,1,4,1,1,"A:正确, B:错误",对,错,,,,,,https://wos.58cdn.com.cn/XyVuTsRqXyf/question/322603-1774506212690.jpg,,本题考点为雾天雾天能见度低，加速通过路口可能会引发交通事故，应开灯、鸣喇叭、减速慢行
7729,7729,驾驶机动车在道路上发生交通事故，当事人不能自行移动车辆的，应当保护现场并立即报警。,1,4,1,1,"A:正确, B:错误",,,,,,,,,,在道路上发生交通事故，车辆驾驶人应保护现场，立即停车处理，当事人不能自行移动车辆的，应报警处理。所以选择正确。《道路交通事故处理程序规定》第十三条：发生死亡事故、伤人事故的，或者发生财产损失事故且有下列情形之一的，当事人应当保护现场并立即报警：当事人不能自行移动车辆的。
7731,7731,如图所示，在这起交通事故中，以下说法正确的是什么？,2,4,1,1,"A:A车负全部责任, B:B车负全部责任, C:各负一半的责任, D:B车负主要责任",A车负全部责任,B车负全部责任,各负一半的责任,B车负主要责任,,,,https://wos.58cdn.com.cn/XyVuTsRqXyf/question/7731-1693899868266.jpg,,图中A车前方有障碍物要优先避让无障碍的B车一方。所以选择A车负全部责任。《道路交通安全法实施条例》第四十八条：在有障碍的路段，无障碍的一方先行；但有障碍的一方已驶入障碍路段而无障碍的一方未驶入时，有障碍的一方先行。
308,308,驾驶机动车碰撞建筑物、公共设施后可即行撤离现场。,1,4,2,2,"A:正确, B:错误",,,,,,,,,,碰撞建筑物、公共设施的，要保护现场并报警等待处理，不得撤离。所以本题选错误。《道路交通事故处理程序规定》第十四条：发生财产损失事故且有碰撞建筑物、公共设施或者其他设施的，车辆可以移动的，当事人应当组织车上人员疏散到路外安全地点，在确保安全的原则下，采取现场拍照或者标划事故车辆现场位置等方式固定证据，将车辆移至不妨碍交通的地点后报警。
309,309,发生交通事故造成人员受伤时，要保护现场并立即报警。,1,4,1,1,"A:正确, B:错误",,,,,,,,,,发生人员受伤的交通事故，不得自行撤离，应当保护现场并迅速报警。所以本题选择正确。《道路交通安全法》第七十条：在道路上发生交通事故，车辆驾驶人应当立即停车，保护现场；造成人身伤亡的，车辆驾驶人应当立即抢救受伤人员，并迅速报告执勤的交通警察或者公安机关交通管理部门。因抢救受伤人员变动现场的，应当标明位置。
310,310,道路交通事故中，驾驶人有饮酒、醉酒嫌疑时，要保护现场并立即报警。,1,4,1,1,"A:正确, B:错误",,,,,,,,,,事故中驾驶人有饮酒、醉酒嫌疑时，要保护现场并立即报警《道路交通事故处理程序规定》第十三条：发生死亡事故、伤人事故的，或者发生财产损失事故且驾驶人有饮酒、服用国家管制的精神药品或者麻醉药品嫌疑的，当事人应当保护现场并立即报警
311,311,道路交通事故中，机动车无号牌、检验合格标志、保险标志时，要保护现场并立即报警。,1,4,1,1,"A:正确, B:错误",,,,,,,,,,在交通事故中，机动车无号牌、检验合格标志、保险标志，要保护现场并立即报警。《道路交通事故处理程序规定》第十三条：发生死亡事故、伤人事故的，或者发生财产损失事故有机动车无号牌或者使用伪造、变造的号牌的，当事人应当保护现场并立即报警。
312,312,驾驶机动车发生财产损失交通事故，当事人对事实及成因无争议的可先撤离现场。,1,4,1,1,"A:正确, B:错误",,,,,,,,,,发生轻微财产损失事故的交通事故，双方当事人无争议的，可以自行撤离现场协商。《道路交通安全法》第七十条：在道路上发生交通事故，仅造成轻微财产损失，并且基本事实清楚的，当事人应当先撤离现场再进行协商处理。
313,313,驾驶机动车发生财产损失交通事故后，当事人对事实及成因无争议移动车辆时需要对现场拍照或者标划停车位置。,1,4,1,1,"A:正确, B:错误",,,,,,,,,,发生财产损失事故，自行协商撤离现场前，应对现场进行拍照或标划停车位，作为证据。所以本题选择正确。《道路交通事故处理程序规定》第十九条：机动车与机动车、机动车与非机动车发生财产损失事故，当事人应当在确保安全的原则下，采取现场拍照或者标划事故车辆现场位置等方式固定证据后，立即撤离现场，将车辆移至不妨碍交通的地点，再协商处理损害赔偿事宜。
315,315,机动车发生财产损失交通事故，对应当自行撤离现场而未撤离造成交通堵塞的，可以对驾驶人处以200元罚款。,1,4,1,1,"A:正确, B:错误",,,,,,,,,,发生财产损失的交通事故，应当撤离现场而未撤离的，并造成交通拥堵，处罚款200。所以本题选择正确。《道路交通事故处理程序规定》第十九条：对应当自行撤离现场而未撤离的，交通警察应当责令当事人撤离现场。造成交通堵塞的，对驾驶人处以200元罚款。
7739,7739,驾驶机动车发生以下交通事故，哪种情况适用自行协商解决？,2,4,3,3,"A:对方饮酒的, B:对事实及成因有争议的, C:未造成人身伤亡，对事实及成因无争议的, D:造成人身伤亡的",对方饮酒的,对事实及成因有争议的,未造成人身伤亡，对事实及成因无争议的,造成人身伤亡的,,,,,,在交通事故中只有未造成人身伤亡，对事实及成因无争议的，才可以自行协商处理。其他有违法行为或者双方对交通事故有争议的，应迅速报警处理。所以选择未造成人身伤亡，对事实及成因无争议的。《道路交通安全法实施条例》第八十六条：机动车与机动车、机动车与非机动车在道路上发生未造成人身伤亡的交通事故，当事人对事实及成因无争议的，在记录交通事故的时间、地点、对方当事人的姓名和联系方式、机动车牌号、驾驶证号、保险凭证号、碰撞部位，并共同签名后，撤离现场，自行协商损害赔偿事宜。
7754,7754,机动车发生轻微财产损失的交通事故，对应当自行撤离现场而未撤离的，交通警察有权责令当事人撤离现场。,1,4,1,1,"A:正确, B:错误",,,,,,,,,,发生财产损失的交通事故，应当撤离现场而未撤离的会对交通造成阻碍，应尽快撤离。所以本题选择正确。《道路交通事故处理程序规定》第十九条：对应当自行撤离现场而未撤离的，交通警察应当责令当事人撤离现场。造成交通堵塞的，对驾驶人处以200元罚款。
26448,26448,机动车发生财产损失交通事故，对应当自行撤离现场而未撤离的，交通警察可以责令当事人撤离现场。,1,4,1,1,"A:正确, B:错误",,,,,,,,,,发生财产损失的交通事故，应当撤离现场而未撤离的会对交通造成阻碍，应尽快撤离。所以本题选择正确。《道路交通事故处理程序规定》第十九条：对应当自行撤离现场而未撤离的，交通警察应当责令当事人撤离现场。造成交通堵塞的，对驾驶人处以200元罚款。
7764,7764,关于图中交通事故，以下说法正确的是（）,2,4,2,2,"A:A车负全部责任, B:B车负全部责任, C:都无责任，后果自行承担, D:各负一半责任",A车负全部责任,B车负全部责任,都无责任，后果自行承担,各负一半责任,,,,https://wos.58cdn.com.cn/XyVuTsRqXyf/question/7764-1693899894432.jpg,,图中B车沿虚线掉头时没有注意到正常行驶的A车造成了交通事故所以选择B车负全部责任《道路交通安全法实施条例》第四十九条：机动车在没有禁止掉头或者没有禁止左转弯标志、标线的地点可以掉头，但不得妨碍正常行驶的其他车辆和行人的通行
7765,7765,图中交通事故，A车负全部责任。,1,4,1,1,"A:正确, B:错误",,,,,,,,https://wos.58cdn.com.cn/XyVuTsRqXyf/question/7765-1757561273433.jpg,,图中B车已在环岛内正常行驶，此时A车强行驶入，导致事故发生，所以是A车全责本题选正确《道路交通安全法实施条例》第五十一条：机动车通过有交通信号灯控制的交叉路口，应当按照下列规定通行：准备进入环形路口的让已在路口内的机动车先行
205399,205399,如图所示，A车负事故全部责任。,1,4,1,1,"A:正确, B:错误",正确,错误,,,,,,https://wos.58cdn.com.cn/XyVuTsRqXyf/question/205399-1735539136437.jpg,,图中B车直行享有优先通行权，A车左转应该避让直行的B车转弯让直行，所以A车负事故全部责任《道路交通安全法实施条例》第五十一条：机动车通过有交通信号灯控制的交叉路口，应当按照下列规定通行；在没有方向指示信号灯的交叉路口，转弯的机动车让直行的车辆、行人先行相对方向行驶的右转弯机动车让左转弯车辆先行
7773,7773,发生无人员伤亡事故，当事人对事故事实及成因有争议时，以下做法正确的是（）。,2,4,1,1,"A:迅速报警, B:找人帮忙解决, C:逃离现场, D:占道继续和对方争辩",迅速报警,找人帮忙解决,逃离现场,占道继续和对方争辩,,,,,,当事人一方对于事故成因有争议的，应及时报警处理本题选迅速报警《道路交通安全法实施条例》第八十六条：机动车与机动车、机动车与非机动车在道路上发生未造成人身伤亡的交通事故，当事人对交通事故事实及成因有争议的，应当迅速报警
221283,221283,发生交通事故后，发现机动车无号牌时，应保护现场并立即报警。,1,4,1,1,"A:正确, B:错误",正确,错误,,,,,,,,在交通事故中，机动车无号牌、检验合格标志、保险标志，要保护现场并立即报警。《道路交通事故处理程序规定》第十三条：发生死亡事故、伤人事故的，或者发生财产损失事故有机动车无号牌或者使用伪造、变造的号牌的，当事人应当保护现场并立即报警。
7781,7781,发生交通事故时，下列哪种情况下当事人应当保护现场并立即报警？,2,4,4,4,"A:未造成人员伤亡的, B:未发生财产损失事故, C:未损害公共设施及建筑物的, D:驾驶人有酒后驾驶嫌疑的",未造成人员伤亡的,未发生财产损失事故,未损害公共设施及建筑物的,驾驶人有酒后驾驶嫌疑的,,,,,,事故中驾驶人有酒后驾驶嫌疑时，要保护现场并立即报警《道路交通事故处理程序规定》第十三条：发生死亡事故、伤人事故的，或者发生财产损失事故且驾驶人有饮酒、服用国家管制的精神药品或者麻醉药品嫌疑的，当事人应当保护现场并立即报警
221290,221290,驾车发生故障难以移动时，以下做法正确的是（）。,2,4,3,3,"A:禁止车上人员下车, B:站在车后示警, C:开启危险报警闪光灯, D:在相邻车道设置警告标志",禁止车上人员下车,站在车后示警,开启危险报警闪光灯,在相邻车道设置警告标志,,,,,,车辆出现故障无法移动时，应第一时间开启危险报警闪光灯《道路交通安全法实施条例》第六十条：机动车在道路上发生故障或者发生交通事故，妨碍交通又难以移动的，应当按照规定开启危险报警闪光灯并在车后50米至100米处设置警告标志，夜间还应当同时开启示廓灯和后位灯
221291,221291,车辆在高速公路上发生故障停在应急车道后，可以不开启危险报警闪光灯。,1,4,2,2,"A:正确, B:错误",正确,错误,,,,,,,,车辆出现故障无法移动时，应第一时间开启危险报警闪光灯。《道路交通安全法》第六十八条：机动车在高速公路上发生故障时，应当依照本法第五十二条的有关规定办理；但是，警告标志应当设置在故障车来车方向一百五十米以外，车上人员应当迅速转移到右侧路肩上或者应急车道内，并且迅速报警。
26743,26743,机动车在道路上发生的造成财产损失、尚未造成人员伤亡，且车辆可以移动的交通事故，必须等待交通警察处理。,1,4,2,2,"A:正确, B:错误",正确,错误,,,,,,,,发生财产损失无人员伤亡的事故，且车辆可以移动的，先撤离现场再协商，避免造成交通拥堵。所以本题选错误。《道路交通安全法》第七十条：在道路上发生交通事故，仅造成轻微财产损失，并且基本事实清楚的，当事人应当先撤离现场再进行协商处理。
7800,7800,驾驶机动车与行人之间发生交通事故造成人身伤亡、财产损失的，机动车一方没有过错的，不承担赔偿责任。,1,4,2,2,"A:正确, B:错误",,,,,,,,,,机动车与行人之间发生交通事故，机动车一方无过错，也要承担不超10%的赔偿责任。所以选择错误。《道路交通安全法》第七十六条：机动车与非机动车驾驶人、行人之间发生交通事故，机动车一方没有过错的，承担不超过百分之十的赔偿责任。
7802,7802,发生无人员伤亡的、财产轻微损失的交通事故后，以下做法正确的是什么？,2,4,3,3,"A:必须报警，等候警察处理, B:开车离开现场, C:确保安全的情况下，对现场拍照，然后将车辆移至路边等不妨碍交通的地点, D:停在现场保持不动",必须报警，等候警察处理,开车离开现场,确保安全的情况下，对现场拍照，然后将车辆移至路边等不妨碍交通的地点,停在现场保持不动,,,,,,发生无人身伤亡，并且无争议的，可以对现场拍照，然后将车辆移至路边等不妨碍交通的地点。本题选择确保安全的情况下，对现场拍照，然后将车辆移至路边等不妨碍交通的地点。《道路交通安全法实施条例》第八十六条：机动车与机动车、机动车与非机动车在道路上发生未造成人身伤亡的交通事故，当事人对事实及成因无争议的，在记录交通事故的时间、地点、对方当事人的姓名和联系方式、机动车牌号、驾驶证号、保险凭证号、碰撞部位，并共同签名后，撤离现场，自行协商损害赔偿事宜。
221317,221317,如图所示，驾车撞毁道路隔离护栏后应立即报警。,1,4,1,1,"A:正确, B:错误",正确,错误,,,,,,https://wos.58cdn.com.cn/XyVuTsRqXyf/question/221317-1755053515879.jpg,,碰撞建筑物、公共设施的，要保护现场并报警等待处理，不得撤离《道路交通事故处理程序规定》第十四条：发生财产损失事故且有碰撞建筑物、公共设施或者其他设施的，车辆可以移动的，当事人应当组织车上人员疏散到路外安全地点，在确保安全的原则下，采取现场拍照或者标划事故车辆现场位置等方式固定证据，将车辆移至不妨碍交通的地点后报警
7821,7821,驾车发生道路交通事故造成人身伤亡的，应当立即停车，必须报警。,1,4,1,1,"A:正确, B:错误",,,,,,,,,,《道路交通事故处理程序规定》第十三条：发生死亡事故、伤人事故的，或者发生财产损失事故有机动车无号牌或者使用伪造、变造的号牌的，当事人应当保护现场并立即报警
7822,7822,两辆机动车发生轻微碰擦事故后，为保证理赔，必须等保险公司人员到场鉴定后才能撤离现场。,1,4,2,2,"A:正确, B:错误",,,,,,,,,,发生未造成人身伤亡的交通事故，没有争议的可以撤离现场自行协商所以本题选择错误《道路交通安全法》第七十条：在道路上发生交通事故，仅造成轻微财产损失，并且基本事实清楚的，当事人应当先撤离现场再进行协商处理
221331,221331,驾车遇其他车辆发生交通事故受伤者需要抢救时，应予以协助。,1,4,1,1,"A:正确, B:错误",正确,错误,,,,,,,,遇到事故中有人员受伤需要抢救时，应予以协助，及时将伤者送医院抢救或拨打急救电话《道路交通安全法》第七十条：在道路上发生交通事故，车辆驾驶人应当立即停车，保护现场；造成人身伤亡的，车辆驾驶人应当立即抢救受伤人员，并迅速报告执勤的交通警察或者公安机关交通管理部门因抢救受伤人员变动现场的，应当标明位置乘车人、过往车辆驾驶人、过往行人应当予以协助
221333,221333,在道路上发生交通事故，仅造成轻微财产损失，并且基本事实清楚的，应当先撤离现场再进行协商处理。,1,4,1,1,"A:正确, B:错误",正确,错误,,,,,,,,驾驶人在道路上发生交通事故时，仅造成轻微财产损失，且基本事实清楚的，应先撤离现场再进行协商处理
33686,33686,驾驶机动车发生未造成人身伤亡的交通事故后，当事人对事实及成因有争议的，应当立即报警。,1,4,1,1,"A:正确, B:错误",,,,,,,,,,发生未造成人身伤亡的交通事故，没有争议的可以撤离现场自行协商；有争议的可以报警等待警察处理。所以本题选择正确。《道路交通安全法实施条例》第八十六条：机动车与机动车、机动车与非机动车在道路上发生未造成人身伤亡的交通事故，当事人对事实及成因无争议的，在记录交通事故的时间、地点、对方当事人的姓名和联系方式、机动车牌号、驾驶证号、保险凭证号、碰撞部位，并共同签名后，撤离现场，自行协商损害赔偿事宜。当事人对交通事故事实及成因有争议的，应当迅速报警。
13474,13474,如图所示，遇到这种单方交通事故，应当如何处理？,2,4,3,3,"A:不用报警, B:直接联系绿化部门, C:报警, D:直接联系路政部门进行理赔",不用报警,直接联系绿化部门,报警,直接联系路政部门进行理赔,,,,https://wos.58cdn.com.cn/XyVuTsRqXyf/question/13474-1693900242165.jpg,,碰撞建筑物、公共设施的，要保护现场并报警等待处理，不得撤离。所以本题选报警。《道路交通事故处理程序规定》第十四条：发生财产损失事故且有碰撞建筑物、公共设施或者其他设施的，车辆可以移动的，当事人应当组织车上人员疏散到路外安全地点，在确保安全的原则下，采取现场拍照或者标划事故车辆现场位置等方式固定证据，将车辆移至不妨碍交通的地点后报警。
13475,13475,机动车之间发生交通事故，不管是否有人员伤亡，只要双方当事人同意，都可自行协商解决。,1,4,2,2,"A:正确, B:错误",,,,,,,,,,发生交通事故，如果事故中有一方有违法行为的不可以自行协商。所以本题选错误。《道路交通安全法》第七十条：在道路上发生交通事故，造成人身伤亡的，车辆驾驶人应当立即抢救受伤人员，并迅速报告执勤的交通警察或者公安机关交通管理部门。
13476,13476,事故报警时，要向交警提供事故地点、人员伤情、车辆号牌等信息，协助交警快速定位到达现场。,1,4,1,1,"A:正确, B:错误",,,,,,,,,,发生交通事故报警时，应提供详细的报警信息，便于交警尽快抵达现场协助处理所以本题正确《道路交通事故处理程序规定》第十六条：公安机关及其交通管理部门接到报警的，应当受理，制作受案登记表并记录下列内容：报警方式、时间，报警人姓名、联系方式，电话报警的，还应当记录报警电话；发生或者发现道路交通事故的时间、地点；人员伤亡情况；车辆类型、车辆号牌号码，是否载有危险物品以及危险物品的种类、是否发生泄漏等；涉嫌交通肇事逃逸的，还应当询问并记录肇事车辆的车型、颜色、特征及其逃逸方向、逃逸驾驶人的体貌特征等有关情况
33463,33463,如图所示，A车负事故全部责任。,1,4,1,1,"A:正确, B:错误, C:6分, D:12分",1分,3分,6分,12分,,,,https://wos.58cdn.com.cn/XyVuTsRqXyf/question/33463-1693901876080.jpg,,因货物掉落、遗撒物与后车碰撞引发交通事故，由货物运输方负全责。图中A车没有对货物捆绑牢固，使货物掉落，导致后方的B车与掉落物发生碰撞，所以A车全责，此题选正确。
696,696,行车中遇有前方发生交通事故，需要帮助时，应怎样做？,2,4,3,3,"A:尽量绕道躲避, B:立即报警，停车观望, C:协助保护现场，并立即报警, D:加速通过，不予理睬",尽量绕道躲避,立即报警，停车观望,协助保护现场，并立即报警,加速通过，不予理睬,,,,,,遇到事故需要帮助时，应协助报警。所以本题选择协助保护现场，并立即报警。《道路交通安全法》第七十条：在道路上发生交通事故，车辆驾驶人应当立即停车，保护现场；造成人身伤亡的，车辆驾驶人应当立即抢救受伤人员，并迅速报告执勤的交通警察或者公安机关交通管理部门。因抢救受伤人员变动现场的，应当标明位置。乘车人、过往车辆驾驶人、过往行人应当予以协助。
697,697,行车中遇交通事故受伤者需要抢救时，应怎样做？,2,4,1,1,"A:及时将伤者送医院抢救或拨打急救电话, B:尽量避开，少惹麻烦, C:绕过现场行驶, D:借故避开现场",及时将伤者送医院抢救或拨打急救电话,尽量避开，少惹麻烦,绕过现场行驶,借故避开现场,,,,,,遇到事故中有人员受伤需要抢救时，应及时将伤者送医院抢救或拨打急救电话。《道路交通安全法》第七十条：在道路上发生交通事故，车辆驾驶人应当立即停车，保护现场；造成人身伤亡的，车辆驾驶人应当立即抢救受伤人员，并迅速报告执勤的交通警察或者公安机关交通管理部门。因抢救受伤人员变动现场的，应当标明位置。乘车人、过往车辆驾驶人、过往行人应当予以协助。
187,187,机动车在道路上发生轻微交通事故且妨碍交通时，不需移动。,1,4,2,2,"A:正确, B:错误",,,,,,,,,,发生轻微的交通事故，没有人员伤亡的，且基本事实清楚双方没有争议的，应当先撤离现场再协商处理避免造成交通拥堵；题中说不需移动，因此本题选错误。《道路交通安全法》第七十条：在道路上发生交通事故，仅造成轻微财产损失，并且基本事实清楚的，当事人应当先撤离现场再进行协商处理。
13525,13525,如下图所示的交通事故中，有关事故责任认定，正确的说法是什么？,2,4,2,2,"A:B车闯红灯，所以B负全责, B:B车可以右转，但不得妨碍被放行的直行车辆，所以B车负全责, C:直行车辆不得妨碍右转车辆，所以A车负全责, D:右侧方向的车辆具有优先通行权，故A车负全责",B车闯红灯，所以B负全责,B车可以右转，但不得妨碍被放行的直行车辆，所以B车负全责,直行车辆不得妨碍右转车辆，所以A车负全责,右侧方向的车辆具有优先通行权，故A车负全责,,,,https://wos.58cdn.com.cn/XyVuTsRqXyf/question/13525-1716189407000.jpg,,图中A车直行且信号灯为绿灯，享有优先通行权，B车右转应该避让直行的A车。转弯让直行，所以本题选B车可以右转，但不得妨碍被放行的直行车辆，所以B车负全责。《道路交通安全法实施条例》第三十八条：红灯亮时，右转弯的车辆在不妨碍被放行的车辆、行人通行的情况下，可以通行。
13526,13526,如下图所示的交通事故中，有关事故责任认定，正确的说法是什么？,2,4,2,2,"A:B车违反交通信号，所以B负全责, B:B车不得妨碍被放行的车辆，所以B车负全责, C:直行车辆不得妨碍左转车辆，所以A车负全责, D:右侧方向的车辆具有优先通行权，故B车负全责",B车违反交通信号，所以B负全责,B车不得妨碍被放行的车辆，所以B车负全责,直行车辆不得妨碍左转车辆，所以A车负全责,右侧方向的车辆具有优先通行权，故B车负全责,,,,https://wos.58cdn.com.cn/XyVuTsRqXyf/question/13526-1715068374844.jpg,,图中路口信号灯是绿灯，虽然B车可以左转，但应当避让路口直行的A车。转弯让直行，所以本题选择B车不得妨碍被放行的车辆，所以B车负全责。《道路交通安全法实施条例》第五十一条：机动车通过有交通信号灯控制的交叉路口，应当按照下列规定通行；在没有方向指示信号灯的交叉路口，转弯的机动车让直行的车辆、行人先行。相对方向行驶的右转弯机动车让左转弯车辆先行。
232,232,在道路上发生未造成人员伤亡且无争议的轻微交通事故如何处置？,2,4,4,4,"A:保护好现场再协商, B:不要移动车辆, C:疏导其他车辆绕行, D:撤离现场自行协商",保护好现场再协商,不要移动车辆,疏导其他车辆绕行,撤离现场自行协商,,,,,,发生轻微的交通事故，没有造成人员伤亡的，且基本事实清楚双方没有争议的，应当先撤离现场再协商处理；所以本题选择撤离现场自行协商。《道路交通安全法》第七十条：在道路上发生交通事故，仅造成轻微财产损失，并且基本事实清楚的，当事人应当先撤离现场再进行协商处理。
233,233,驾驶机动车在道路上发生交通事故要立即将车移到路边。,1,4,2,2,"A:正确, B:错误",,,,,,,,,,在道路上发生事故应当依照事故情况而定，如果只是轻微财产损失，双方当事人无争议的可以移动车辆，但如果有人员伤亡，一方当事人有违法行为的，不得移动车辆，应当立刻保护现场并报警，所以本题选错误。《道路交通安全法》第七十条：在道路上发生交通事故，未造成人身伤亡，当事人对事实及成因无争议的，可以即行撤离现场，恢复交通，自行协商处理损害赔偿事宜；不即行撤离现场的，应当迅速报告执勤的交通警察或者公安机关交通管理部门。
234,234,驾驶人在发生交通事故后因抢救伤员变动现场时要标明位置。,1,4,1,1,"A:正确, B:错误",,,,,,,,,,发生人员伤亡的交通事故，因抢救受伤人员导致现场位置变动的，要标明现场位置，所以本题选正确。《道路交通安全法》第七十条：在道路上发生交通事故，车辆驾驶人应当立即停车，保护现场；造成人身伤亡的，车辆驾驶人应当立即抢救受伤人员，并迅速报告执勤的交通警察或者公安机关交通管理部门。因抢救受伤人员变动现场的，应当标明位置。
235,235,在道路上发生交通事故造成人身伤亡时，要立即抢救受伤人员并迅速报警。,1,4,1,1,"A:正确, B:错误",,,,,,,,,,发生人员伤亡的交通事故，情节严重，不得自行撤离，应当立即抢救受伤人员并迅速报警。所以本题选择正确。《道路交通安全法》第七十条：在道路上发生交通事故，车辆驾驶人应当立即停车，保护现场；造成人身伤亡的，车辆驾驶人应当立即抢救受伤人员，并迅速报告执勤的交通警察或者公安机关交通管理部门。因抢救受伤人员变动现场的，应当标明位置。
24561,24561,机动车之间发生的造成财产损失、尚未造成人员伤亡，且车辆可以移动的交通事故，双方驾驶人对交通事故无争议，但其中一方使用伪造、变造的号牌，不可以自行协商解决。,1,4,1,1,"A:正确, B:错误",,,,,,,,,,发生财产损失事故，且双方无争议的可以自行协商解决，但如果事故中有使用伪造、变造的号牌的不可以自行协商，使用伪造、变造的号牌的行为是违法的，所以本题选正确。《道路交通事故处理程序规定》第十三条：发生死亡事故、伤人事故的，或者发生财产损失事故有机动车无号牌或者使用伪造、变造的号牌的，当事人应当保护现场并立即报警。
225540,225540,图中箭头所指仪表是（）。,2,7,2,2,"A:百公里油耗表, B:发动机转速表, C:区间里程表, D:行驶速度表",百公里油耗表,发动机转速表,区间里程表,行驶速度表,,,,https://wos.58cdn.com.cn/XyVuTsRqXyf/question/225540-1760950145754.jpg,,本题考点为发动机转速表表盘上面有转速单位：x1000r/min，指针指示的数字乘以一千就是当时的转速
33800,33800,机动车仪表板上如图所示指示灯亮，提示发动机舱开启。,1,7,1,1,"A:正确, B:错误, C:6分, D:3分",12分,9分,6分,3分,,,,https://wos.58cdn.com.cn/XyVuTsRqXyf/question/33800-1693901948298.jpg,,机动车前盖表示发动机舱，后盖表示行李舱。图中前盖开启，该指示灯亮起时提示发动机舱开启，驾驶员要关好后再起步，选正确。
225547,225547,打开右转向灯开关，图中指示灯亮起。,1,7,1,1,"A:正确, B:错误",正确,错误,,,,,,https://wos.58cdn.com.cn/XyVuTsRqXyf/question/225547-1761033168839.jpg,,哪个箭头亮就是哪边的转向灯图中是右转向灯当车主点亮转向灯时，该指示灯会同时点亮左转向指示灯，转向灯熄灭后，该指示灯自动熄灭
33803,33803,开启前照灯近光时仪表板上如下图所示指示灯亮起。,1,7,1,1,"A:正确, B:错误, C:2分, D:1分",6分,3分,2分,1分,,,,https://wos.58cdn.com.cn/XyVuTsRqXyf/question/33803-1693901953547.jpg,,本题考点为仪表指示灯。蓝色光束直射向左是远光，绿色光束向下在左是近光。图中是前照近光灯，选正确。
210700,210700,驾驶电动汽车，如下图所示指示灯亮表示什么？,2,7,2,2,"A:驱动功率限制, B:电机过热警告, C:动力蓄电池故障, D:驱动电机故障",驱动功率限制,电机过热警告,动力蓄电池故障,驱动电机故障,,,,https://wos.58cdn.com.cn/XyVuTsRqXyf/question/210700-1747192283745.jpg,,本题考点为新能源汽车仪表指示灯该指示灯亮起表示电机过热警告图中标志有波浪线和电池，选项中找电机过热因此本题选电机过热警告
210701,210701,驾驶电动汽车，如下图所示指示灯亮表示什么？,2,7,3,3,"A:驱动电机故障, B:低荷电状态警告, C:胎压故障警告, D:系统故障",驱动电机故障,低荷电状态警告,胎压故障警告,系统故障,,,,https://wos.58cdn.com.cn/XyVuTsRqXyf/question/210701-1747192421025.jpg,,本题考点为新能源汽车仪表指示灯该指示灯亮起表示胎压故障警告图中标志有一个黄色的！和轮胎的轮廓，选项中找胎压故障因此本题选胎压故障警告
210702,210702,驾驶电动汽车，如下图所示指示灯亮表示什么？,2,7,1,1,"A:低荷电状态警告, B:正在充电, C:动力蓄电池故障, D:驱动功率限制",低荷电状态警告,正在充电,动力蓄电池故障,驱动功率限制,,,,https://wos.58cdn.com.cn/XyVuTsRqXyf/question/210702-1747192492770.jpg,,本题考点为新能源汽车仪表指示灯该指示灯亮起表示低荷电状态警告图中看到橙色加减号图标选项中找低荷电状态，因此本题选低荷电状态警告
210703,210703,驾驶电动汽车，如下图所示指示灯亮表示什么？,2,7,4,4,"A:动力蓄电池故障, B:低荷电状态警告, C:正在充电, D:充电系统故障",动力蓄电池故障,低荷电状态警告,正在充电,充电系统故障,,,,https://wos.58cdn.com.cn/XyVuTsRqXyf/question/210703-1747192540649.jpg,,本题考点为新能源汽车仪表指示灯该指示灯亮起表示充电系统故障图中看到红色加减号图标选项中找充电系统，因此本题选充电系统故障
210704,210704,驾驶电动汽车，如下图所示指示灯亮表示什么？,2,7,2,2,"A:低荷电状态警告, B:动力蓄电池故障, C:正在充电, D:驱动功率限制",低荷电状态警告,动力蓄电池故障,正在充电,驱动功率限制,,,,https://wos.58cdn.com.cn/XyVuTsRqXyf/question/210704-1747192598341.jpg,,本题考点为新能源汽车仪表指示灯该指示灯亮起表示动力蓄电池故障图中标志中有一个红色！和加减号选项中找电池故障，因此本题选动力蓄电池故障
325910,325910,带有图中符号的开关控制（）。,2,7,4,4,"A:儿童安全锁, B:两侧车窗玻璃, C:电动车门, D:车门锁住开锁",儿童安全锁,两侧车窗玻璃,电动车门,车门锁住开锁,,,,https://wos.58cdn.com.cn/XyVuTsRqXyf/question/325910-1775122593404.jpg,,本题考点为仪表指示灯图中盒子里有一把钥匙，表示车门锁住开锁标志
325911,325911,新能源电动汽车电池着火时，以下说法错误的是什么？,2,7,3,3,"A:注意防高温、毒气, B:报警时告知起火汽车的品牌和型号, C:灭火时，电池不再有明火即可, D:火势刚起能够断电时，立即断电",注意防高温、毒气,报警时告知起火汽车的品牌和型号,灭火时，电池不再有明火即可,火势刚起能够断电时，立即断电,,,,,,一、新能源车着火之后，要立即报警，告知消防队，汽车的品牌型号，使救援人员能够快速的了解车的动力电池；二、在着火的时候立刻断电；三、起火的时候要注意高温和毒气，电动汽车起火，除了高压电的保护，还要注意起火之后的高温
325912,325912,新能源车电路起火燃烧时，应该采用的灭火方式是什么？,2,7,2,2,"A:喷洒大量的水灭火, B:用干粉灭火剂灭火, C:用沙土覆盖灭火, D:用泡沫灭火剂灭火",喷洒大量的水灭火,用干粉灭火剂灭火,用沙土覆盖灭火,用泡沫灭火剂灭火,,,,,,本题主要考察起火的应急处置注意电路起火里面有电，不能用水灭火，应使用干粉灭火器灭火因此选择“用干粉灭火剂灭火”
27161,27161,点火开关在ON位置，发动机工作。,1,7,1,1,"A:正确, B:错误",正确,错误,,,,,,https://wos.58cdn.com.cn/XyVuTsRqXyf/question/27161-1761033252289.jpg,,点火开关在ON位置时，表示接通电源，发动机工作点火开关4个档位的功能是：LOCK：发动机关闭，拔出钥匙，转向盘会锁止；ACC：发动机关闭，其他车用电器可正常使用；ON：接通电源，发动机工作；START：起动发动机
325913,325913,新能源车电池起火燃烧时，应该采用的灭火方式是什么？,2,7,3,3,"A:用沙土覆盖灭火, B:用干粉灭火剂灭火, C:喷洒大量的水灭火, D:泡沫灭火剂灭火",用沙土覆盖灭火,用干粉灭火剂灭火,喷洒大量的水灭火,泡沫灭火剂灭火,,,,,,本题主要考察起火的应急处置新能源车电池起火迅猛，温度极高，蔓延速度快，只有持续的喷洒大量水才能灭火因此选择“喷洒大量的水灭火”
27163,27163,机动车仪表板上如图所示指示灯亮，提示右侧车门未关闭。,1,7,1,1,"A:正确, B:错误",正确,错误,,,,,,https://wos.58cdn.com.cn/XyVuTsRqXyf/question/27163-1693901500344.jpg,,图中仪表板上黄色车辆右侧车门未关闭，提醒驾驶员要关好车门再起步此指示灯用来显示车辆各车门情况，任意车门未关上或未关好，该指示灯都会点亮相应的车门指示灯
27173,27173,灯光开关在该位置时，前雾灯点亮。,1,7,2,2,"A:正确, B:错误",正确,错误,,,,,,https://wos.58cdn.com.cn/XyVuTsRqXyf/question/27173-1715067954616.jpg,,图标中的光线线条方向向左，是前雾灯；方向向右，是后雾灯。判断哪个灯光亮，就看白点对准哪个图标。本题中白点对准的是后雾灯，所以选择“错误”。
224046,224046,红圈内的符号表示（ ）。,2,7,3,3,"A:后风窗玻璃刮水器, B:前风窗玻璃除霜, C:前风窗玻璃刮水器, D:后风窗玻璃除霜",后风窗玻璃刮水器,前风窗玻璃除霜,前风窗玻璃刮水器,后风窗玻璃除霜,,,,https://wos.58cdn.com.cn/XyVuTsRqXyf/question/224046-1757560639334.jpg,,本题考点为指示灯图中为扇形图标且只有一根白棍，表示前风窗玻璃刮水器扇形图标是前风窗，方形的图标就是后风窗
224047,224047,将此开关向下拨动，左转向灯亮。,1,7,1,1,"A:正确, B:错误",正确,错误,,,,,,https://wos.58cdn.com.cn/XyVuTsRqXyf/question/224047-1757560751738.jpg,,转向灯操作：上提时右转向灯亮起，下压时左转向灯亮起
224048,224048,打开右转向灯开关，图中指示灯亮起。,1,7,2,2,"A:正确, B:错误",正确,错误,,,,,,https://wos.58cdn.com.cn/XyVuTsRqXyf/question/224048-1757561155813.jpg,,本题考点为指示灯图中为绿色向左箭头，是左转向指示灯哪边箭头亮就是哪边的转向灯，所以此图为左转向指示灯闪烁题中说打开右转向开关，所以选择错误
322097,322097,新能源汽车充电时，可以打开车辆前舱盖进行日常养护操作。,1,7,2,2,"A:正确, B:错误",正确,错误,,,,,,,,本题考点为新能源汽车基础知识新能源车充电时不能打开前舱盖进行日常养护，有触电危险因此本题选错
224051,224051,红圈内开关控制（）。,2,7,2,2,"A:儿童安全锁, B:车门锁住、开锁, C:电动车门, D:两侧车窗玻璃",儿童安全锁,车门锁住、开锁,电动车门,两侧车窗玻璃,,,,https://wos.58cdn.com.cn/XyVuTsRqXyf/question/224051-1757561240053.jpg,,本题考点为仪表指示灯图中图标为一把小锁，表示车门已锁定当图中小锁呈打开状时，表示开锁
7732,7732,驾驶机动车前，以下说法错误的是什么？,2,7,4,4,"A:调整驾驶座椅，保证踩踏踏板舒适, B:调整安全带的松紧与高低, C:调整适合驾驶的方向盘位置, D:调整安全头枕高度，使头枕正对驾驶人的颈椎",调整驾驶座椅，保证踩踏踏板舒适,调整安全带的松紧与高低,调整适合驾驶的方向盘位置,调整安全头枕高度，使头枕正对驾驶人的颈椎,,,,,,安全头枕是用来保护驾驶员颈椎的，头枕顶部要与头平齐，中央对准脑后部，而不是颈椎。驾驶机动车前需要：1、调整驾驶座椅，保证踩踏踏板舒适；2、调整安全带的松紧与高低；3、调整适合驾驶的方向盘位置；4、安全头枕需要对准后脑勺来保护驾驶员的颈椎。
224052,224052,"图中指示灯亮时，提醒驾驶人未正确系好安全带。
",1,7,1,1,"A:正确, B:错误",正确,错误,,,,,,https://wos.58cdn.com.cn/XyVuTsRqXyf/question/224052-1757560789321.jpg,,本题考点为指示灯图中仪表板上为红色被斜线分割的人形，是安全带指示灯该灯一直亮起，说明没系好安全带，安全带插头未插入锁扣，所以选择正确
211520,211520,新能源汽车充电过程中，如遇电池出现异味、异响时，应立即停止充电。,1,7,1,1,"A:正确, B:错误",正确,错误,,,,,,,,本题考点为新能源汽车相关内容新能源汽车充电时若电池出现异味、异响，属于明显异常现象，必须立即停止充电，以避免引发热失控
211521,211521,新能源汽车充电时应选择使用符合国家标准的充电桩。,1,7,1,1,"A:正确, B:错误",正确,错误,,,,,,,,本题考点为新能源汽车相关内容新能源汽车充电时必须选择符合国家标准的充电桩，这样可以保证充电安全，以及电池的寿命
211522,211522,高温天气时，若电动汽车电池温度报警，应避免进行充电及驾驶。,1,7,1,1,"A:正确, B:错误",正确,错误,,,,,,,,本题考点为高温天气下新能源汽车电池温度异常时应如何处置当新能源汽车电池温度报警时，应立即停止充电和行驶因为高温会加剧电池内部化学反应，容易引发危险
211523,211523,关于电动汽车，说法错误的是（）？,2,7,2,2,"A:雨雪天充电，应做好充电口防雨水措施, B:为省电应尽量将电量耗尽再充电, C:禁止触摸、拆卸车辆上带有高压警示标识的零部件, D:充电过程中，电池出现异味、异响，应立即停止充电",雨雪天充电，应做好充电口防雨水措施,为省电应尽量将电量耗尽再充电,禁止触摸、拆卸车辆上带有高压警示标识的零部件,充电过程中，电池出现异味、异响，应立即停止充电,,,,,,本题考点为新能源汽车相关内容为省电应尽量将电量耗尽再充电是错误的关于电动汽车正确的说法是雨雪天充电，应做好充电口防雨水措施；禁止触摸、拆卸车辆上带有高压警示标识的零部件；充电过程中，电池出现异味、异响，应立即停止充电
33864,33864,打开前雾灯开关，如下图所示指示灯亮起。,1,7,1,1,"A:正确, B:错误, C:行驶证, D:驾驶证",登记证书,号牌,行驶证,驾驶证,,,,https://wos.58cdn.com.cn/XyVuTsRqXyf/question/33864-1693901963760.jpg,,本题考点为仪表指示灯。绿色光线向左是前雾灯，黄色光线向右是后雾灯。图中是前雾灯，选正确。
33866,33866,打开后雾灯开关，如下图所示指示灯亮起。,1,7,1,1,"A:正确, B:错误",,,,,,,,https://wos.58cdn.com.cn/XyVuTsRqXyf/question/33866-1693901966060.jpg,,本题考点为仪表指示灯。绿色光线向左是前雾灯，黄色光线向右是后雾灯。图中是后雾灯，选正确。
865,865,这个仪表是何含义？,2,7,1,1,"A:发动机转速表, B:行驶速度表, C:区间里程表, D:百公里油耗表",发动机转速表,行驶速度表,区间里程表,百公里油耗表,,,,https://wos.58cdn.com.cn/XyVuTsRqXyf/question/865-1735009480088.jpg,,本题考点为发动机转速表表盘上面有转速单位：x1000r/min，指针指示的数字乘以一千就是当时的转速
866,866,这个仪表是何含义？,2,7,2,2,"A:百公里油耗表, B:速度和里程表, C:发动机转速表, D:最高时速值表",百公里油耗表,速度和里程表,发动机转速表,最高时速值表,,,,https://wos.58cdn.com.cn/XyVuTsRqXyf/question/866-1693897936768.jpg,,本题考点为速度和里程表。表盘上面有km/h，显示的是汽车的速度和里程。
867,867,这个仪表是何含义？,2,7,3,3,"A:电流表, B:压力表, C:水温表, D:燃油表",电流表,压力表,水温表,燃油表,,,,https://wos.58cdn.com.cn/XyVuTsRqXyf/question/867-1693897939444.jpg,,本题考点为水温表。表盘上面有温度计，表示发动机水温。
868,868,这个仪表是何含义？,2,7,4,4,"A:电流表, B:压力表, C:水温表, D:燃油表",电流表,压力表,水温表,燃油表,,,,https://wos.58cdn.com.cn/XyVuTsRqXyf/question/868-1693897943212.jpg,,本题考点为燃油表。表盘上有加油机，表示油量。蓝色区域为油量充足，红色表示油量不足油箱的一半。
869,869,仪表显示当前车速是20公里/小时。,1,7,2,2,"A:正确, B:错误",,,,,,,,https://wos.58cdn.com.cn/XyVuTsRqXyf/question/869-1693897947312.jpg,,图中仪表盘左下位置有x1000r/min的显示，说明这是发动机转速表，题目中说仪表显示车速，所以选择错误。
870,870,仪表显示当前发动机转速是6000转/分钟。,1,7,2,2,"A:正确, B:错误",,,,,,,,https://wos.58cdn.com.cn/XyVuTsRqXyf/question/870-1693897949576.jpg,,图中仪表盘上有km，是速度和里程表，指针指向60，代表车速是60km/h。题中说仪表显示发动机转速，所以选择错误。
871,871,仪表显示当前冷却液的温度是90度。,1,7,1,1,"A:正确, B:错误",,,,,,,,https://wos.58cdn.com.cn/XyVuTsRqXyf/question/871-1715067485409.jpg,,本题考点为水温表。图中仪表盘上有温度计是水温表，表示冷却液的温度。指针指向90，代表冷却液温度是90摄氏度，所以选择正确。
872,872,仪表显示油箱内存油量已在警告线以内。,1,7,1,1,"A:正确, B:错误",,,,,,,,https://wos.58cdn.com.cn/XyVuTsRqXyf/question/872-1715067617158.jpg,,本题考点为燃油表。图中仪表盘有个加油机，是燃油表。指针指向红色区域，已经接近0，表示油箱内油量已在警告线以内，要尽快加油，所以选择正确。
873,873,机动车仪表板上如图所示指示灯亮表示什么？,2,7,1,1,"A:前雾灯打开, B:后雾灯打开, C:前照灯近光打开, D:前照灯远光打开",前雾灯打开,后雾灯打开,前照灯近光打开,前照灯远光打开,,,,https://wos.58cdn.com.cn/XyVuTsRqXyf/question/873-1693897953690.jpg,,本题考点为辨认前后雾灯。图中仪表板上的灯，有纵向线且绿色光线向左，是前雾灯。前雾灯绿色朝左，后雾灯黄色朝右。
221545,221545,红圈内符号表示（）。,2,7,4,4,"A:电动车门, B:车门锁住开锁, C:两侧车窗玻璃, D:儿童安全锁",电动车门,车门锁住开锁,两侧车窗玻璃,儿童安全锁,,,,https://wos.58cdn.com.cn/XyVuTsRqXyf/question/221545-1755685801348.jpg,,红圈内标有儿童图形和锁形图标的符号为儿童安全锁，启用后会锁定后排车门内开关，防止儿童行驶中误开车门
874,874,机动车仪表板上如图所示指示灯亮表示什么？,2,7,2,2,"A:前雾灯打开, B:后雾灯打开, C:前照灯近光打开, D:前照灯远光打开",前雾灯打开,后雾灯打开,前照灯近光打开,前照灯远光打开,,,,https://wos.58cdn.com.cn/XyVuTsRqXyf/question/874-1760950630174.jpg,,本题考点为辨认前后雾灯图中仪表板上的灯，有纵向线且黄色光线向右，是后雾灯前雾灯绿色朝左，后雾灯黄色朝右
221546,221546,图中箭头所指仪表是（）。,2,7,3,3,"A:百公里油耗表, B:里程表, C:速度表, D:发动机转速表",百公里油耗表,里程表,速度表,发动机转速表,,,,https://wos.58cdn.com.cn/XyVuTsRqXyf/question/221546-1755684652739.jpg,,本题考点为速度仪表表盘上面有km/h，显示的是汽车的速度
875,875,机动车仪表板上如图所示指示灯亮表示什么？,2,7,3,3,"A:危险报警闪光灯开启, B:前照灯开启, C:前后位置灯开启, D:前后雾灯开启",危险报警闪光灯开启,前照灯开启,前后位置灯开启,前后雾灯开启,,,,https://wos.58cdn.com.cn/XyVuTsRqXyf/question/875-1693897958351.jpg,,本题考点为辨认前后位置灯仪表板上的灯像个蝴蝶结，是前后位置灯位置灯就是车辆示廓灯，是对称的绿色标志
876,876,打开前雾灯开关，（如图所示）亮起。,1,7,2,2,"A:正确, B:错误",,,,,,,,https://wos.58cdn.com.cn/XyVuTsRqXyf/question/876-1693897961134.jpg,,图中仪表板上的灯，有纵向线且黄色光线向右，是后雾灯。题中说是前雾灯，所以选择错误。前雾灯绿色光朝左，后雾灯黄色光朝右。
877,877,打开后雾灯开关，（如图所示）亮起。,1,7,2,2,"A:正确, B:错误",,,,,,,,https://wos.58cdn.com.cn/XyVuTsRqXyf/question/877-1693897963529.jpg,,图中仪表板上的灯，有纵向线且绿色光线向左，是前雾灯。题中说是后雾灯，所以选择错误。前雾灯绿色光朝左，后雾灯黄色光朝右。
879,879,发动机起动后仪表板上如图所示指示灯亮表示什么？,2,7,3,3,"A:发动机机油压力过高, B:发动机主油道堵塞, C:发动机机油压力过低, D:发动机曲轴箱漏气",发动机机油压力过高,发动机主油道堵塞,发动机机油压力过低,发动机曲轴箱漏气,,,,https://wos.58cdn.com.cn/XyVuTsRqXyf/question/879-1693897968469.jpg,,图中仪表板上的灯为红色，像个在滴油的油壶，表示该车发动机机油压力过低。该指示灯常亮，说明该车发动机机油压力低于规定标准，需要维修。
880,880,机动车仪表板上如下图所示指示灯亮表示发动机可能机油量不足。,1,7,1,1,"A:正确, B:错误",,,,,,,,https://wos.58cdn.com.cn/XyVuTsRqXyf/question/880-1693897970838.jpg,,图中仪表板上的灯为红色，像个在滴油的油壶。该指示灯常亮，说明该车发动机机油压力过低或机油量不足，所以选择正确。
881,881,机动车仪表板上如下图所示指示灯亮表示发动机可能机油压力过高。,1,7,2,2,"A:正确, B:错误",,,,,,,,https://wos.58cdn.com.cn/XyVuTsRqXyf/question/881-1693897973224.jpg,,图中仪表板上的灯为红色，像个在滴油的油壶。该指示灯常亮，说明该车发动机机油压力过低或机油量不足。题中说表示机油压力过高，所以选择错误。
882,882,机动车仪表板上如图所示指示灯亮表示什么？,2,7,4,4,"A:制动踏板没回位, B:驻车制动解除, C:行车制动器失效, D:制动系统出现异常",制动踏板没回位,驻车制动解除,行车制动器失效,制动系统出现异常,,,,https://wos.58cdn.com.cn/XyVuTsRqXyf/question/882-1761033291855.jpg,,本题考点为指示灯图中仪表板上的灯，圆圈里有个！是制动系统出现异常标志注意区分圆圈里面是P的，表示驻车制动器处于制动状态，即手刹没松开
883,883,图中指示灯亮表示（）。,2,7,1,1,"A:防抱死制动系统故障, B:驻车制动解除, C:防抱死制动系统开启, D:行车制动系统故障",防抱死制动系统故障,驻车制动解除,防抱死制动系统开启,行车制动系统故障,,,,https://wos.58cdn.com.cn/XyVuTsRqXyf/question/883-1760949310621.jpg,,本题考点为指示灯图中仪表板上的灯，圆圈里有个ABS是防抱死制动系统故障标志此指示灯亮表示防抱死制动系统故障，此时应停车检查防抱死系统
221299,221299,图中指示灯亮，表示蓄电池充电故障。,1,7,1,1,"A:正确, B:错误",正确,错误,,,,,,https://wos.58cdn.com.cn/XyVuTsRqXyf/question/221299-1754389625641.jpg,,本题考点为仪表指示灯图中仪表板上像个电池有加减号，是电瓶指示灯，一直亮起，说明充电电路故障
884,884,机动车仪表板上如图所示指示灯亮表示什么？,2,7,2,2,"A:行车制动系统出现故障, B:驻车制动器处于制动状态, C:防抱死制动系统出现故障, D:驻车制动器处于解除状态",行车制动系统出现故障,驻车制动器处于制动状态,防抱死制动系统出现故障,驻车制动器处于解除状态,,,,https://wos.58cdn.com.cn/XyVuTsRqXyf/question/884-1693897981173.jpg,,本题考点为指示灯。图中仪表板上的灯，圆圈里有个P是驻车制动器处于制动状态标志。注意区分圆圈里面是！的，表示制动系统异常或故障。
221300,221300,图中指示灯亮时，不影响正常行驶。,1,7,2,2,"A:正确, B:错误",正确,错误,,,,,,https://wos.58cdn.com.cn/XyVuTsRqXyf/question/221300-1754389665617.jpg,,本题考点为指示灯图中仪表板上的灯，圆圈里有个！是制动系统出现异常标志注意区分圆圈里面是P的，表示驻车制动器处于制动状态，即手刹没松开
885,885,机动车仪表板上如下图所示指示灯亮，表示驻车制动器操纵杆可能没松到底。,1,7,2,2,"A:正确, B:错误",,,,,,,,https://wos.58cdn.com.cn/XyVuTsRqXyf/question/885-1693897983725.jpg,,本题考点为指示灯。图中仪表板上的灯，圆圈里有个！表示制动系统出现异常，而题中说表示驻车制动器操纵杆可能没松到底（圆圈里有P），所以选择错误。
886,886,机动车仪表板上如图所示指示灯亮，表示行车制动系统可能出现故障。,1,7,1,1,"A:正确, B:错误",,,,,,,,https://wos.58cdn.com.cn/XyVuTsRqXyf/question/886-1693897986208.jpg,,本题考点为指示灯。图中仪表板上的灯，圆圈里有个！表示制动系统出现故障，所以选择正确。
887,887,机动车仪表板上如图所示指示灯亮时，不影响正常行驶。,1,7,2,2,"A:正确, B:错误",,,,,,,,https://wos.58cdn.com.cn/XyVuTsRqXyf/question/887-1693897988758.jpg,,图中仪表板上的灯，圆圈里有个！是制动系统出现异常标志，行车中亮此灯需要尽快维修。题中说不影响正常行驶，所以选择错误。
33655,33655,以下缩写中，表示车道偏离预警系统缩写的是什么？,2,7,3,3,"A:TSR, B:TMC, C:LDW, D:ALC",TSR,TMC,LDW,ALC,,,,,,车道偏离预警系统LDW（LaneDepartureWarning），是一种通过报警的方式辅助驾驶员减少汽车因车道偏离而发生交通事故的系统。TSR是汽车安全系统的交通标志识别系统（TrafficSignRecognition），TMC是交通信息频道（TrafficMessageChannel），ALC是（AutoLaneChange）是车辆提供的一种辅助驾驶系统。
888,888,机动车仪表板上如图所示指示灯亮时，防抱死制动系统处于打开状态。,1,7,2,2,"A:正确, B:错误",,,,,,,,https://wos.58cdn.com.cn/XyVuTsRqXyf/question/888-1693897991374.jpg,,本题考点为指示灯防抱死制动系统亮起说明出现故障，应停车检查防抱死系统题中说亮起表示处于打开状态，所以选择错误
33656,33656,以下缩写中，表示车辆自适应巡航系统缩写的是什么？,2,7,3,3,"A:FCW, B:BSD, C:ACC, D:AEB",FCW,BSD,ACC,AEB,,,,,,自适应巡航ACC（AdaptiveCruiseControl），又称车辆主动巡航系统。自适应巡航系统能自动锁定前车车速，随前车加速而加速，当然，前车减速也会随之减速。FCW是前方碰撞预警系统（ForwardCollisionWarning），BSD是盲点监测系统（BlindSpotDetection），AEB是（AutonomousEmergencyBraking）自动紧急制动系统。
889,889,机动车仪表板上如图所示指示灯亮时，表示驻车制动器处于制动状态。,1,7,1,1,"A:正确, B:错误",,,,,,,,https://wos.58cdn.com.cn/XyVuTsRqXyf/question/889-1754389768230.jpg,,本题考点为指示灯图中仪表板上的灯，圆圈里有个P是驻车制动器处于制动状态标志，所以选择正确注意区分圆圈里面是！的，表示制动系统异常或故障
890,890,图中指示灯亮表示（）,2,7,1,1,"A:油箱内燃油量低, B:油箱盖故障, C:发动机点火系统故障, D:发动机供油系统故障",油箱内燃油量低,油箱盖故障,发动机点火系统故障,发动机供油系统故障,,,,https://wos.58cdn.com.cn/XyVuTsRqXyf/question/890-1765446661828.jpg,,图中有黄色加油机标志，表示是燃油指示灯，车辆启动后一直亮起，说明油箱内燃油已到最低液面，要尽快加油注意区分发动机供油系统出现异常是红色
891,891,机动车仪表板上如图所示指示灯亮时，提醒发动机需要补充机油。,1,7,2,2,"A:正确, B:错误",,,,,,,,https://wos.58cdn.com.cn/XyVuTsRqXyf/question/891-1693897998799.jpg,,图中有黄色加油机标志，表示是燃油指示灯，车辆启动后一直亮起，说明油箱内燃油已到最低液面。题中说要补充机油，正确表述应该是补充燃油，所以选择错误。
892,892,图中指示灯亮表示（）,2,7,2,2,"A:发动机温度过低, B:发动机温度过高, C:油箱温度过高, D:油箱温度过低",发动机温度过低,发动机温度过高,油箱温度过高,油箱温度过低,,,,https://wos.58cdn.com.cn/XyVuTsRqXyf/question/892-1765446607213.jpg,,本题考点为指示灯图中有红色温度计，表示是水温指示灯，车辆启动后一直亮起，说明发动机温度过高，可能是冷却液不足，需要停车检查
33660,33660,冬季给电动汽车充电前，应提前预热电池。,1,7,1,1,"A:正确, B:错误",正确,错误,,,,,,,,冬季在为电动汽车充电之前，要提前预热电池。因为冬季气温较低，充电时电池会先给电池电芯加热，当电池电芯达到一定温度后才会开始给车辆充电。
894,894,图中指示灯亮时提醒发动机需要加注机油。,1,7,2,2,"A:正确, B:错误",,,,,,,,https://wos.58cdn.com.cn/XyVuTsRqXyf/question/894-1755684507434.jpg,,本题考点为指示灯图中有红色温度计，表示是水温指示灯，该指示灯亮起说明发动机温度过高，需要加注冷却液题中说需要加注机油，所以选择错误
895,895,图中指示灯亮表示（）。,2,7,3,3,"A:已开启前照灯近光, B:已开启前雾灯, C:已开启前照灯远光, D:已开启后雾灯",已开启前照灯近光,已开启前雾灯,已开启前照灯远光,已开启后雾灯,,,,https://wos.58cdn.com.cn/XyVuTsRqXyf/question/895-1760686469352.jpg,,本题考点为指示灯图中仪表板上的灯，光线为蓝色向左平行线，是远光灯蓝色光束直射向左是远光，绿色光束斜射左下是近光
896,896,机动车仪表板上如图所示指示灯亮表示什么 ?,2,7,4,4,"A:已开启前照灯远光, B:已开启前雾灯, C:已开启后雾灯, D:已开启前照灯近光",已开启前照灯远光,已开启前雾灯,已开启后雾灯,已开启前照灯近光,,,,https://wos.58cdn.com.cn/XyVuTsRqXyf/question/896-1693898010796.jpg,,本题考点为指示灯。图中仪表板上的灯，光线为绿色向左下斜线，是近光灯。蓝色光束直射向左是远光，绿色光束斜射左下是近光。
898,898,开启近光时，图中指示灯亮起。,1,7,2,2,"A:正确, B:错误",,,,,,,,https://wos.58cdn.com.cn/XyVuTsRqXyf/question/898-1754389879092.jpg,,本题考点为指示灯图中仪表板上的灯，光线为蓝色向左平行线，亮起表示开启远光灯图中说开启近光灯亮起，所以选择错误
899,899,机动车仪表板上如图所示指示灯亮表示什么？,2,7,1,1,"A:没有系好安全带, B:安全带出现故障, C:已经系好安全带, D:安全带系得过松",没有系好安全带,安全带出现故障,已经系好安全带,安全带系得过松,,,,https://wos.58cdn.com.cn/XyVuTsRqXyf/question/899-1693898018111.jpg,,本题考点为指示灯。图中仪表板上为红色被斜线分割的人形，是安全带指示灯。该灯一直亮起，说明没系好安全带。
900,900,图中指示灯亮时，提醒驾驶人座椅没调整好。,1,7,2,2,"A:正确, B:错误",,,,,,,,https://wos.58cdn.com.cn/XyVuTsRqXyf/question/900-1757561315007.jpg,,本题考点为指示灯图中仪表板上为红色被斜线分割的人形，是安全带指示灯该灯一直亮起，说明没系好安全带题中说座椅没调整好，所以选择错误
901,901,机动车仪表板上如图所示指示灯亮时，提醒驾驶人安全带插头未插入锁扣。,1,7,1,1,"A:正确, B:错误",,,,,,,,https://wos.58cdn.com.cn/XyVuTsRqXyf/question/901-1693898022822.jpg,,本题考点为指示灯。图中仪表板上为红色被斜线分割的人形，是安全带指示灯。该灯一直亮起，说明没系好安全带，安全带插头未插入锁扣，所以选择正确。
902,902,危险报警闪光灯可用于下列什么场合？,2,7,3,3,"A:在道路上跟车行驶时, B:遇到道路拥堵时, C:机动车发生故障停车时, D:引领后车行驶时",在道路上跟车行驶时,遇到道路拥堵时,机动车发生故障停车时,引领后车行驶时,,,,,,本题考点为危险报警闪光灯。机动车发生故障停车时，需要开启危险报警闪光灯。危险报警闪光灯是一种提醒其他车辆与行人注意本车发生了特殊情况的信号灯。
221318,221318,图中指示灯亮，应轻踩一下制动，只要有效可正常行车。,1,7,2,2,"A:正确, B:错误",正确,错误,,,,,,https://wos.58cdn.com.cn/XyVuTsRqXyf/question/221318-1755053557597.jpg,,本题考点为指示灯图中仪表板上的灯，圆圈里有个！是制动系统出现异常标志此指示灯亮起表示机动车制动系统故障，要将车辆停放到安全位置检查注意区分圆圈里面是P的，表示驻车制动器处于制动状态，即手刹没松开
903,903,机动车仪表板上如图所示指示灯亮表示什么？,2,7,2,2,"A:右转向指示灯闪烁, B:危险报警闪光灯闪烁, C:左转向指示灯闪烁, D:车前后位置灯闪烁",右转向指示灯闪烁,危险报警闪光灯闪烁,左转向指示灯闪烁,车前后位置灯闪烁,,,,https://wos.58cdn.com.cn/XyVuTsRqXyf/question/903-1693898025150.jpg,,本题考点为指示灯。图中仪表板上为两个嵌合的红色三角，是危险报警闪光灯，是一种提醒其他车辆与行人注意本车发生了特殊情况的信号灯。
904,904,机动车发生故障时，如下图所示指示灯闪烁。,1,7,2,2,"A:正确, B:错误",,,,,,,,https://wos.58cdn.com.cn/XyVuTsRqXyf/question/904-1693898027421.jpg,,本题考点为指示灯。图中仪表板上为两个嵌合的红色三角，是危险报警闪光灯，在机动车发生故障时需要手动开启。题中说发生故障时该灯闪烁是错误的，发生故障后该灯并不会自动闪烁，只有人工操作后才会闪烁。
905,905,开启危险报警闪光灯时，图中指示灯闪烁。,1,7,1,1,"A:正确, B:错误",,,,,,,,https://wos.58cdn.com.cn/XyVuTsRqXyf/question/905-1761034885398.jpg,,本题考点为指示灯图中仪表板上为两个嵌合的红色三角，是危险报警闪光灯，在机动车发生故障时手动开启后闪烁，所以选择正确
906,906,机动车仪表板上如图所示指示灯亮表示什么？,2,7,2,2,"A:左转向指示灯闪烁, B:右转向指示灯闪烁, C:车前后位置灯亮起, D:车前后示宽灯亮起",左转向指示灯闪烁,右转向指示灯闪烁,车前后位置灯亮起,车前后示宽灯亮起,,,,https://wos.58cdn.com.cn/XyVuTsRqXyf/question/906-1693898032205.jpg,,本题考点为指示灯。图中为绿色向右箭头，是右转向指示灯。哪边箭头亮就是哪边的转向灯，所以此图为右转向指示灯闪烁。当车主点亮转向灯时，该指示灯会同时点亮右转向指示灯，转向灯熄灭后，该指示灯自动熄灭。
33418,33418,驾驶装有ABS系统的汽车怎样采取紧急制动?,2,7,2,2,"A:逐渐踏下制动踏板, B:用力踏制动踏板, C:缓慢踏制动踏板, D:间歇踏制动踏板",逐渐踏下制动踏板,用力踏制动踏板,缓慢踏制动踏板,间歇踏制动踏板,,,,,,ABS是汽车防抱死制动系统，在使用时需要用力踩制动踏板才能够启动ABS系统，踩太轻是不能够启动ABS系统，从而在关键时刻减少伤害
907,907,机动车仪表板上如图所示指示灯亮表示什么？,2,7,3,3,"A:车前后位置灯亮起, B:右转向指示灯闪烁, C:左转向指示灯闪烁, D:车前后示宽灯亮起",车前后位置灯亮起,右转向指示灯闪烁,左转向指示灯闪烁,车前后示宽灯亮起,,,,https://wos.58cdn.com.cn/XyVuTsRqXyf/question/907-1693898034679.jpg,,本题考点为指示灯。图中为绿色向左箭头，是左转向指示灯。哪边箭头亮就是哪边的转向灯，所以此图为左转向指示灯闪烁。当车主点亮转向灯时，该指示灯会同时点亮右转向指示灯，转向灯熄灭后，该指示灯自动熄灭。
221323,221323,开启车辆盲区监视系统，可以辅助监测驾驶人视野盲区，并在盲区内出现其他道路使用者时发出警告。,1,7,1,1,"A:正确, B:错误",正确,错误,,,,,,,,盲区监视系统通过实时监测驾驶人视野盲区内的其他道路使用者，当检测到障碍物时发出提示或警告信息，帮助驾驶人避免因盲区导致的潜在危险
909,909,打开右转向灯开关，如下图所示指示灯亮起。,1,7,2,2,"A:正确, B:错误",,,,,,,,https://wos.58cdn.com.cn/XyVuTsRqXyf/question/909-1693898039366.jpg,,本题考点为指示灯。图中为绿色向左箭头，是左转向指示灯。哪边箭头亮就是哪边的转向灯，所以此图为左转向指示灯闪烁。题中说打开右转向开关，所以选择错误。
910,910,机动车仪表板上如图所示指示灯亮表示什么？,2,7,4,4,"A:充电电流过大, B:蓄电池损坏, C:电流表故障, D:充电电路故障",充电电流过大,蓄电池损坏,电流表故障,充电电路故障,,,,https://wos.58cdn.com.cn/XyVuTsRqXyf/question/910-1693898042054.jpg,,本题考点为指示灯。图中仪表板上像个电池有加减号，是电瓶指示灯，当显示为红色预警时，说明充电电路故障。
911,911,机动车仪表板上如下图指示灯亮表示什么？,2,7,1,1,"A:两侧车门开启, B:行李舱开启, C:发动机舱开启, D:燃油箱盖开启",两侧车门开启,行李舱开启,发动机舱开启,燃油箱盖开启,,,,https://wos.58cdn.com.cn/XyVuTsRqXyf/question/911-1693898044605.jpg,,本题考点为指示灯。图中黄色车辆两侧车门均打开，该灯亮起表示两侧车门开启，提醒驾驶员要关好车门再起步。
29327,29327,打开前后雾灯开关，如下图所示指示灯亮起。,1,7,2,2,"A:正确, B:错误",正确,错误,,,,,,https://wos.58cdn.com.cn/XyVuTsRqXyf/question/29327-1693901641376.jpg,,绿色光线向左是前雾灯，黄色光线向右是后雾灯图中是前后位置灯，也是示廓灯，是对称的绿色标志所以本题选错误
912,912,机动车仪表板上这个符号如下图表示什么?,2,7,2,2,"A:一侧车门开启, B:行李舱开启, C:发动机舱开启, D:燃油箱盖开启",一侧车门开启,行李舱开启,发动机舱开启,燃油箱盖开启,,,,https://wos.58cdn.com.cn/XyVuTsRqXyf/question/912-1693898046965.jpg,,本题考点为指示灯。图中黄色车辆后盖打开，该灯亮起表示行李舱开启，提醒驾驶员要关好行李舱后再起步。注意区分黄色车辆前盖打开为发动机舱开启。
221328,221328,开启车道偏离报警系统可以在汽车偏离车道时，发出报警提醒驾驶人。,1,7,1,1,"A:正确, B:错误",正确,错误,,,,,,,,车道偏离预警系统能在车辆偏离车道时发出报警提醒驾驶人该系统通过摄像头实时监测车道分界线，当检测到车辆偏离且未开启转向灯时，会在0.5秒内发出声光报警，提醒驾驶人及时纠正方向
913,913,机动车仪表板上这个符号如图所示表示什么?,2,7,3,3,"A:一侧车门开启, B:行李舱开启, C:发动机舱开启, D:燃油箱盖开启",一侧车门开启,行李舱开启,发动机舱开启,燃油箱盖开启,,,,https://wos.58cdn.com.cn/XyVuTsRqXyf/question/913-1693898049720.jpg,,本题考点为指示灯。图中黄色车辆前盖打开，该灯亮起表示发动机舱开启，提醒驾驶员要关好发动机舱后再起步。注意区分黄色车辆后盖打开为行李舱开启。
914,914,机动车仪表板上如图所示指示灯一直亮表示什么？,2,7,2,2,"A:防抱死制动系统故障, B:安全气囊处于故障状态, C:安全气囊处于工作状态, D:安全带没有系好",防抱死制动系统故障,安全气囊处于故障状态,安全气囊处于工作状态,安全带没有系好,,,,https://wos.58cdn.com.cn/XyVuTsRqXyf/question/914-1693898052227.jpg,,本题考点为指示灯。图中是黄色人形上方有圆球，该灯亮起表示安全气囊处于故障状态。只有安全气囊故障时，该灯才会一起亮起。
915,915,机动车仪表板上这个符号如图所示表示什么？,2,7,3,3,"A:近光灯开关, B:远光灯开关, C:车灯总开关, D:后雾灯开关",近光灯开关,远光灯开关,车灯总开关,后雾灯开关,,,,https://wos.58cdn.com.cn/XyVuTsRqXyf/question/915-1693898054816.jpg,,本题考点为指示灯。图中符号像太阳，表示车灯总开关，开启后全车灯光亮起。
916,916,机动车仪表板上如下图所示指示灯亮表示什么？,2,7,2,2,"A:空气内循环, B:空气外循环, C:迎面吹风, D:风窗玻璃除霜",空气内循环,空气外循环,迎面吹风,风窗玻璃除霜,,,,https://wos.58cdn.com.cn/XyVuTsRqXyf/question/916-1693898057722.jpg,,本题考点为指示灯。图中箭头从车外指向车内，该灯亮起表示空气外循环。注意区分箭头只在车内转是空气内循环。
221332,221332,开启自适应巡航控制系统时，可辅助车辆与前车保持适当距离。,1,7,1,1,"A:正确, B:错误",正确,错误,,,,,,,,自适应巡航控制系统（ACC）通过雷达或摄像头监测前方车辆，自动调节车速以保持预设的安全距离，适用于高速公路和城市道路等多种驾驶场景
917,917,机动车仪表板上如下图指示灯亮表示什么？,2,7,3,3,"A:迎面出风, B:空气外循环, C:空气内循环, D:风窗玻璃除霜",迎面出风,空气外循环,空气内循环,风窗玻璃除霜,,,,https://wos.58cdn.com.cn/XyVuTsRqXyf/question/917-1693898060054.jpg,,本题考点为指示灯。图中箭头只在车内转，该灯亮起表示空气内循环。注意区分箭头从车外指向车内是空气外循环。
918,918,机动车仪表板上这个符号如下图所示表示什么？,2,7,1,1,"A:冷风暖气风扇, B:空调制冷, C:空气循环, D:雪地起步模式",冷风暖气风扇,空调制冷,空气循环,雪地起步模式,,,,https://wos.58cdn.com.cn/XyVuTsRqXyf/question/918-1693898063039.jpg,,本题考点为指示灯。图中图案像风扇叶片，表示冷风暖气风扇，想要冷气或暖气都按它。
919,919,机动车仪表板上如下图所示指示灯亮表示什么？,2,7,2,2,"A:空气内循环, B:地板及迎面出风, C:空气外循环, D:侧面及地板出风",空气内循环,地板及迎面出风,空气外循环,侧面及地板出风,,,,https://wos.58cdn.com.cn/XyVuTsRqXyf/question/919-1693898065764.jpg,,本题考点为指示灯。图中两个箭头，一个指向人脸，一个指向地板，表示地板及迎面出风。注意区分只有一个箭头指向人脸为迎面出风。
920,920,机动车仪表板上如下图所示指示灯亮表示什么？,2,7,4,4,"A:空气内循环, B:侧面出风, C:空气外循环, D:迎面出风",空气内循环,侧面出风,空气外循环,迎面出风,,,,https://wos.58cdn.com.cn/XyVuTsRqXyf/question/920-1693898068233.jpg,,本题考点为指示灯。图中只有一个箭头指向人脸，表示迎面出风。注意区分两个箭头，一个指向人脸，一个指向地板，表示地板及迎面出风。
921,921,如下图所示这个符号的开关控制什么装置？,2,7,1,1,"A:前风窗玻璃刮水器, B:后风窗玻璃除霜, C:后风窗玻璃刮水器, D:前风窗玻璃除霜",前风窗玻璃刮水器,后风窗玻璃除霜,后风窗玻璃刮水器,前风窗玻璃除霜,,,,https://wos.58cdn.com.cn/XyVuTsRqXyf/question/921-1693898070616.jpg,,本题考点为指示灯。图中为扇形图标且只有一根白棍，表示前风窗玻璃刮水器。扇形图标是前风窗，方形的图标就是后风窗。
922,922,如下图所示这个符号的开关控制什么装置？,2,7,2,2,"A:后风窗玻璃除霜或除雾, B:前风窗玻璃刮水器及洗涤器, C:后风窗玻璃刮水器及洗涤器, D:前风窗玻璃除霜或除雾",后风窗玻璃除霜或除雾,前风窗玻璃刮水器及洗涤器,后风窗玻璃刮水器及洗涤器,前风窗玻璃除霜或除雾,,,,https://wos.58cdn.com.cn/XyVuTsRqXyf/question/922-1693898073460.jpg,,图中所示为前风窗玻璃刮水器及洗涤器。扇形图标是前风窗，方形的图标就是后风窗。
923,923,如下图所示这个符号的开关控制什么装置？,2,7,3,3,"A:后风窗玻璃除霜或除雾, B:前风窗玻璃刮水器及洗涤器, C:后风窗玻璃刮水器及洗涤器, D:前风窗玻璃除霜或除雾",后风窗玻璃除霜或除雾,前风窗玻璃刮水器及洗涤器,后风窗玻璃刮水器及洗涤器,前风窗玻璃除霜或除雾,,,,https://wos.58cdn.com.cn/XyVuTsRqXyf/question/923-1693898075793.jpg,,图中所示为后风窗玻璃刮水器及洗涤器。扇形图标是前风窗，方形的图标就是后风窗。
924,924,如下图所示这个符号的开关控制什么装置？,2,7,4,4,"A:儿童安全锁, B:两侧车窗玻璃, C:电动车门, D:车门锁住开锁",儿童安全锁,两侧车窗玻璃,电动车门,车门锁住开锁,,,,https://wos.58cdn.com.cn/XyVuTsRqXyf/question/924-1693898078306.jpg,,本题考点为仪表指示灯。图中盒子里有一把钥匙，表示车门锁住开锁标志。
925,925,如下图所示这个符号的开关控制什么装置？,2,7,1,1,"A:儿童安全锁, B:两侧车窗玻璃, C:电动车门, D:车门锁住开锁",儿童安全锁,两侧车窗玻璃,电动车门,车门锁住开锁,,,,https://wos.58cdn.com.cn/XyVuTsRqXyf/question/925-1693898080826.jpg,,本题考点为仪表指示灯。图中小孩被保护在圈里，是儿童安全锁标志。
926,926,机动车仪表板上如图所示指示灯亮表示什么？,2,7,4,4,"A:制动液不足, B:洗涤液不足, C:冷却系统故障, D:冷却液不足",制动液不足,洗涤液不足,冷却系统故障,冷却液不足,,,,https://wos.58cdn.com.cn/XyVuTsRqXyf/question/926-1693898083300.jpg,,本题考点为仪表指示灯。图中仪表板上水箱里面有红色火焰，表示冷却液不足。
33694,33694,驾驶电动汽车出行前，应检查剩余电量。,1,7,1,1,"A:正确, B:错误",,,,,,,,,,电动汽车出行前要查看车辆剩余电量，电量不足时及时充电。为确保出行顺畅，应保持电池电量充足。
927,927,机动车仪表板上如图所示指示灯亮，提示发电机向蓄电池充电。,1,7,2,2,"A:正确, B:错误",,,,,,,,https://wos.58cdn.com.cn/XyVuTsRqXyf/question/927-1693898085930.jpg,,本题考点为仪表指示灯。图中仪表板上像个电池有加减号，是电瓶指示灯，一直亮起，说明充电电路故障。
928,928,机动车仪表板上如图所示指示灯亮，提示两侧车门未关闭。,1,7,1,1,"A:正确, B:错误",,,,,,,,https://wos.58cdn.com.cn/XyVuTsRqXyf/question/928-1693898088285.jpg,,机动车两侧表示两边的车门，左侧提示左侧车门未关闭，右侧提示右侧车门未关闭。图中两侧车门都是开启状态，提示两侧车门未关闭。提醒司机车门是打开的状态。
26784,26784,开启近光灯时，图中指示灯亮起。,1,7,1,1,"A:正确, B:错误",正确,错误,,,,,,https://wos.58cdn.com.cn/XyVuTsRqXyf/question/26784-1755684604519.jpg,,图中仪表板上的灯，光线为绿色倾斜线，是近光灯光线是蓝色平行线，是远光灯
930,930,机动车仪表板上如图所示指示灯亮，提示右侧车门未关闭。,1,7,2,2,"A:正确, B:错误",,,,,,,,https://wos.58cdn.com.cn/XyVuTsRqXyf/question/930-1693898092919.jpg,,图中左侧门没关好，题干说右侧是错的。图中仪表板上黄色车辆左侧车门未关闭，提醒驾驶员要关好车门再起步。
932,932,机动车仪表板上（如图所示）亮，提示发动机舱开启。,1,7,2,2,"A:正确, B:错误",,,,,,,,https://wos.58cdn.com.cn/XyVuTsRqXyf/question/932-1693898097692.jpg,,机动车前盖表示发动机舱，后盖表示行李舱。图中后盖开启，该指示灯亮起时提示行李舱开启，驾驶员要关好后再起步。
933,933,机动车仪表板上如图所示指示灯一直亮，表示安全气囊处于工作状态。,1,7,2,2,"A:正确, B:错误",,,,,,,,https://wos.58cdn.com.cn/XyVuTsRqXyf/question/933-1693898100300.jpg,,图中黄色圆球表示安全气囊处于故障状态，题干说工作状态是错的。图中仪表板上黄色圆球表示安全气囊，只有当安全气囊处于故障状态才会一直亮起。
934,934,机动车仪表板上如图所示指示灯亮表示启用地板及前风窗玻璃吹风。,1,7,1,1,"A:正确, B:错误",,,,,,,,https://wos.58cdn.com.cn/XyVuTsRqXyf/question/934-1693898102792.jpg,,图中扇型表示前风窗，曲线向上表示前风窗玻璃吹风，一个是向下箭头表示向地板吹风。合起来是地板及前风窗玻璃吹风。
213158,213158,新能源汽车在雨雪天气充电时，应做好充电口防雨水措施。,1,7,1,1,"A:正确, B:错误",正确,错误,,,,,,,,本题考点为新能源汽车特殊天气充电相关内容新能源汽车在雨雪天气充电时，要对充电口采取防雨水措施，例如选择有遮蔽的充电桩，或使用防水罩，为电动汽车的充电接口配备一个防水罩，以防止雨水进入‌
935,935,图中指示灯一直亮，表示发动机控制系统故障。,1,7,1,1,"A:正确, B:错误",,,,,,,,https://wos.58cdn.com.cn/XyVuTsRqXyf/question/935-1755769388399.jpg,,本题考点为仪表指示灯图中仪表板上像水龙头一样的指示灯亮，表示发动机控制系统故障
213159,213159,初次驾驶新能源汽车时，为避免因加速影响过快可能导致的眩晕，驾驶人不宜高速行驶，急加速，急减速。,1,7,1,1,"A:正确, B:错误",正确,错误,,,,,,,,本题考点为新能源汽车相关内容新能源汽车电机响应快、加速迅猛，初次驾驶应避免急加速急减速，以缓解因瞬间动力变化导致的驾乘人员眩晕感
936,936,这种握转向盘的动作是正确的。,1,7,2,2,"A:正确, B:错误",,,,,,,,https://wos.58cdn.com.cn/XyVuTsRqXyf/question/936-1693898107823.jpg,,图中握法双手太靠上，操控性差，会有安全隐患。正确的握法是：双手握在转向盘的两侧，保持在一条直线上。
937,937,这是什么踏板？,2,7,2,2,"A:加速踏板, B:离合器踏板, C:制动踏板, D:驻车制动器",加速踏板,离合器踏板,制动踏板,驻车制动器,,,,https://wos.58cdn.com.cn/XyVuTsRqXyf/question/937-1715067670698.jpg,,本题考点为机动车踏板的位置和作用。图中问最左侧，是离合踏板。手动挡车辆脚下三个踏板，从左到右依次是离合、制动和加速踏板。
938,938,这是什么踏板？,2,7,3,3,"A:加速踏板, B:离合器踏板, C:制动踏板, D:驻车制动器",加速踏板,离合器踏板,制动踏板,驻车制动器,,,,https://wos.58cdn.com.cn/XyVuTsRqXyf/question/938-1715067720044.jpg,,本题考点为机动车踏板的位置和作用。图中问中间，是制动踏板。手动挡车辆脚下三个踏板，从左到右依次是离合、制动和加速踏板。
939,939,这是什么踏板？,2,7,1,1,"A:加速踏板, B:离合器踏板, C:制动踏板, D:驻车制动器",加速踏板,离合器踏板,制动踏板,驻车制动器,,,,https://wos.58cdn.com.cn/XyVuTsRqXyf/question/939-1715067831671.jpg,,本题考点为机动车踏板的位置和作用。图中问最右侧，是加速踏板。手动挡车辆脚下三个踏板，从左到右依次是离合、制动和加速踏板。
940,940,这是什么操纵装置？,2,7,3,3,"A:节气门操纵杆, B:驻车制动器操纵杆, C:变速器操纵杆, D:离合器操纵杆",节气门操纵杆,驻车制动器操纵杆,变速器操纵杆,离合器操纵杆,,,,https://wos.58cdn.com.cn/XyVuTsRqXyf/question/940-1715067889031.jpg,,本题考点为车辆制动装置的作用。图中所示为变速器操纵杆，开车时想要前进、倒车、驻车，都要通过它去控制调整。
941,941,这是什么操纵装置？,2,7,1,1,"A:驻车制动器操纵杆, B:节气门操纵杆, C:变速器操纵杆, D:离合器操纵杆",驻车制动器操纵杆,节气门操纵杆,变速器操纵杆,离合器操纵杆,,,,https://wos.58cdn.com.cn/XyVuTsRqXyf/question/941-1715067935526.jpg,,本题考点为车辆制动装置的作用。图中所示为驻车制动器操纵杆，即手刹，停车时向上拉起可防止溜车。
942,942,这是什么操纵装置？,2,7,3,3,"A:灯光开关, B:空调开关, C:点火开关, D:雨刷开关",灯光开关,空调开关,点火开关,雨刷开关,,,,https://wos.58cdn.com.cn/XyVuTsRqXyf/question/942-1715067985908.jpg,,图中所示为点火开关。点火开关分为4个档位，4个档位的功能是：LOCK：切断电源，锁定方向盘；ACC：接通附件电源（比如收音机等附件）；ON：接通除起动机外的全车全部电源；START：接通起动机电源，起动发动机。
943,943,将点火开关转到ACC位置起动机工作。,1,7,2,2,"A:正确, B:错误",,,,,,,,https://wos.58cdn.com.cn/XyVuTsRqXyf/question/943-1715068022071.jpg,,图中指向ACC，表示只接通附件电源，即仅可使用收音机等只有转到START时，才会让起动机工作图中为点火开关，点火开关4个档位的功能是：LOCK：切断电源，锁定方向盘；ACC：接通附件电源（比如收音机等附件）；ON：接通电源，发动机工作；START：接通起动机电源，起动发动机
945,945,点火开关在LOCK位置拔出钥匙转向盘会锁住。,1,7,1,1,"A:正确, B:错误",,,,,,,,https://wos.58cdn.com.cn/XyVuTsRqXyf/question/945-1715068074084.jpg,,图中指向LOCK，拔出钥匙后，会切断电源，锁定方向盘图中为点火开关，点火开关4个档位的功能是：LOCK：切断电源，锁定方向盘；ACC：接通附件电源（比如收音机等附件）；ON：接通电源，发动机工作；START：接通起动机电源，起动发动机
178,178,这位驾驶人违反法律规定的行为是什么？,2,7,3,3,"A:没按规定握转向盘, B:座椅角度不对, C:没系安全带, D:驾驶姿势不正确",没按规定握转向盘,座椅角度不对,没系安全带,驾驶姿势不正确,,,,https://wos.58cdn.com.cn/XyVuTsRqXyf/question/178-1693897233334.jpg,,本题考点为安全带使用规范。上路行驶时，驾驶员必须系安全带，图中驾驶人违反了这一规定。《道路交通安全法》第五十一条：机动车行驶时，驾驶人、乘坐人员应当按规定使用安全带，摩托车驾驶人及乘坐人员应当按规定戴安全头盔。
946,946,点火开关在START位置起动机起动。,1,7,1,1,"A:正确, B:错误",,,,,,,,https://wos.58cdn.com.cn/XyVuTsRqXyf/question/946-1715068110616.jpg,,图中指向START，表示接通起动机电源，起动发动机图中为点火开关，点火开关4个档位的功能是：LOCK：切断电源，锁定方向盘；ACC：接通附件电源（比如收音机等附件）；ON：接通电源，发动机工作；START：接通起动机电源，起动发动机
179,179,驾驶机动车在上道路行驶前驾驶人要按规定系好安全带。,1,7,1,1,"A:正确, B:错误",,,,,,,,,,本题考点为安全带使用规范。驾驶员要在上路行驶前按规定系好安全带，所以选择正确。《道路交通安全法》第五十一条：机动车行驶时，驾驶人、乘坐人员应当按规定使用安全带，摩托车驾驶人及乘坐人员应当按规定戴安全头盔。
947,947,红圈内的装置是（）。,2,7,1,1,"A:灯光、信号组合开关, B:倒车灯开关, C:刮水器开关, D:危险报警闪光灯开关",灯光、信号组合开关,倒车灯开关,刮水器开关,危险报警闪光灯开关,,,,https://wos.58cdn.com.cn/XyVuTsRqXyf/question/947-1755054152772.jpg,,本题考点为各类开关的区分和作用图中所示为灯光、信号组合开关，在方向盘左侧
180,180,机动车上路行驶时，前排乘车人可不系安全带。,1,7,2,2,"A:正确, B:错误",,,,,,,,,,系安全带不分前后排，驾驶人、乘车人都要系好，所以选择错误。《道路交通安全法》第五十一条：机动车行驶时，驾驶人、乘坐人员应当按规定使用安全带，摩托车驾驶人及乘坐人员应当按规定戴安全头盔。
948,948,提拉这个开关控制机动车哪个部位？,2,7,2,2,"A:倒车灯, B:左右转向灯, C:示廓灯, D:报警闪光灯",倒车灯,左右转向灯,示廓灯,报警闪光灯,,,,https://wos.58cdn.com.cn/XyVuTsRqXyf/question/948-1745575385623.jpg,,本题考点为各类开关的区分和作用图中所示为左右转向灯开关转向灯操作：上提是右转向灯亮起，下压是左转向灯
181,181,机动车行驶中，车上少年儿童可不使用安全带。,1,7,2,2,"A:正确, B:错误",,,,,,,,,,所有乘车人都要系好安全带，少年儿童也不例外，还需根据年龄配备安全座椅加强保护，所以选择错误。《道路交通安全法》第五十一条：机动车行驶时，驾驶人、乘坐人员应当按规定使用安全带，摩托车驾驶人及乘坐人员应当按规定戴安全头盔。
949,949,旋转开关这一档控制机动车哪个部位？,2,7,3,3,"A:左右转向灯, B:近光灯, C:前后雾灯, D:远光灯",左右转向灯,近光灯,前后雾灯,远光灯,,,,https://wos.58cdn.com.cn/XyVuTsRqXyf/question/949-1693898146996.jpg,,本题考点为各类开关的区分和作用。图中所示为前后雾灯开关。方向向左是前雾灯，方向向右是后雾灯。判断哪个灯光亮，就看白点对准哪个图标。
950,950,将转向灯开关向上提，左转向灯亮。,1,7,2,2,"A:正确, B:错误",,,,,,,,https://wos.58cdn.com.cn/XyVuTsRqXyf/question/950-1693898150010.jpg,,题目中说向上提时左转向灯亮起，是错误的，因为向上提是右转向灯亮起。而图中显示刚好是左转向灯亮起，给大家操作和结果一致的错觉，一定要注意观察。转向灯操作：上提时右转向灯亮起，下压时左转向灯亮起。
33462,33462,打开右转向灯开关，如下图所示指示灯亮起。,1,7,1,1,"A:正确, B:错误",正确,错误,,,,,,https://wos.58cdn.com.cn/XyVuTsRqXyf/question/33462-1693901873581.jpg,,哪个箭头亮就是哪边的转向灯。图中是右转向灯。当车主点亮转向灯时，该指示灯会同时点亮左转向指示灯，转向灯熄灭后，该指示灯自动熄灭。
951,951,将转向灯开关向下拉，右转向灯亮。,1,7,2,2,"A:正确, B:错误",,,,,,,,https://wos.58cdn.com.cn/XyVuTsRqXyf/question/951-1693898153129.jpg,,请大家记住上提是右转向灯，下压是左转向灯。题目描述的是将转向灯开关向下拉，应该是左转向灯亮起，而图中右转向灯亮起，所以本题选择错误。
952,952,灯光开关旋转到这个位置时，全车灯光点亮。,1,7,2,2,"A:正确, B:错误",,,,,,,,https://wos.58cdn.com.cn/XyVuTsRqXyf/question/952-1724654705161.jpg,,本题考点为各类开关的区分和作用。图中所示为近光灯开关。此开关表示不是全车灯亮，而是近光灯点亮。
953,953,灯光开关在该位置时，前雾灯点亮。,1,7,1,1,"A:正确, B:错误",,,,,,,,https://wos.58cdn.com.cn/XyVuTsRqXyf/question/953-1735009522925.jpg,,本题考点为各类开关的区分和作用图中的光线线条方向向左，是前雾灯；方向向右，是后雾灯本题中白点对应的是前雾灯，所以图中所示为前雾灯点亮
955,955,图中操纵装置控制的是（）。,2,7,4,4,"A:转向灯, B:除雾器, C:前照灯, D:刮水器",转向灯,除雾器,前照灯,刮水器,,,,https://wos.58cdn.com.cn/XyVuTsRqXyf/question/955-1755053805799.jpg,,本题考点为各类开关的区分和作用图中所示为刮水器开关，位于方向盘右侧，用来控制雨刷
956,956,这是什么操纵装置？,2,7,1,1,"A:除雾器开关, B:转向灯开关, C:前照灯开关, D:刮水器开关",除雾器开关,转向灯开关,前照灯开关,刮水器开关,,,,https://wos.58cdn.com.cn/XyVuTsRqXyf/question/956-1693898169033.jpg,,本题考点为各类开关的区分和作用。图中所示为除霜器开关。上方扇形图案的按钮是前挡风除霜，下方长方形按钮是后挡风除霜。
957,957,这个开关控制机动车哪个部位？,2,7,2,2,"A:风窗玻璃除雾器, B:风窗玻璃刮水器, C:危险报警闪光灯, D:照明、信号装置",风窗玻璃除雾器,风窗玻璃刮水器,危险报警闪光灯,照明、信号装置,,,,https://wos.58cdn.com.cn/XyVuTsRqXyf/question/957-1693898173237.jpg,,图中所示为风窗玻璃刮水器。风窗玻璃除雾器和危险报警闪光灯都是按钮形式的，照明、信号装置在方向盘左侧。
958,958,按下这个开关，后风窗玻璃除霜器开始工作。,1,7,2,2,"A:正确, B:错误",,,,,,,,https://wos.58cdn.com.cn/XyVuTsRqXyf/question/958-1693898176252.jpg,,本题考点为各类开关的区分和作用。图中所示为除霜器开关。上方扇形图案的按钮是前挡风除霜，下方长方形按钮是后挡风除霜。
959,959,上下拨动图中开关，前挡风玻璃刮水器开始工作。,1,7,1,1,"A:正确, B:错误",,,,,,,,https://wos.58cdn.com.cn/XyVuTsRqXyf/question/959-1693898180078.jpg,,本题考点为各类开关的区分和作用图中所示为风窗玻璃刮水器开关此开关安装在转向盘右侧，上下扳动可控制前风窗玻璃刮水器，用来控制雨刷
960,960,安全头枕在发生追尾事故时，能有效保护驾驶人的什么部位？,2,7,3,3,"A:腰部, B:胸部, C:颈部, D:头部",腰部,胸部,颈部,头部,,,,,,汽车被追尾时，安全头枕能有效保护驾驶人和乘车人的颈椎。调整头枕高度时，保持头枕中心与后脑中心平齐，才能发挥保护作用。
961,961,安全头枕用于在发生追尾事故时保护驾驶人的头部不受伤害。,1,7,2,2,"A:正确, B:错误",,,,,,,,,,汽车被追尾时，安全头枕能有效保护驾驶人和乘车人的颈椎。调整头枕高度时，保持头枕中心与后脑中心平齐，才能发挥保护作用。
963,963,机动车发生正面碰撞时，安全气囊加上安全带的双重保护才能充分发挥作用。,1,7,1,1,"A:正确, B:错误",,,,,,,,,,安全气囊+安全带=双重保护。驾驶人在发生碰撞时身体被安全带拉住，安全气囊弹出保护驾驶人，正面安全气囊与安全带配合才能充分发挥保护作用。
964,964,机动车在发生碰撞时，安全带可以减轻驾乘人员伤害。,1,7,1,1,"A:正确, B:错误",,,,,,,,,,本题考点为安全带的作用。安全带在紧急情况下，可以迅速拉紧把人束缚在座椅上，减轻对驾乘人员的伤害。
965,965,机动车在紧急制动时ABS系统会起到什么作用？,2,7,4,4,"A:切断动力输出, B:自动控制方向, C:减轻制动惯性, D:防止车轮抱死",切断动力输出,自动控制方向,减轻制动惯性,防止车轮抱死,,,,https://wos.58cdn.com.cn/XyVuTsRqXyf/question/965-1693898182968.jpg,,ABS是防抱死制动系统，作用是保证车辆在任何路面上进行紧急制动时，防止车轮抱死，保持前轮转向能力，避免出现侧滑等现象。
966,966,防抱死制动系统（ABS）在什么情况下可以最大限度发挥制动器效能?,2,7,4,4,"A:间歇制动, B:持续制动, C:缓踏制动踏板, D:紧急制动",间歇制动,持续制动,缓踏制动踏板,紧急制动,,,,,,ABS是防抱死制动系统，作用是保证车辆在任何路面上进行紧急制动时，防止车轮抱死，保持前轮转向能力，避免出现侧滑等现象。
967,967,机动车紧急制动时，ABS系统在提供最大制动力的同时能使车前轮保持转向能力。,1,7,1,1,"A:正确, B:错误",,,,,,,,,,ABS是防抱死制动系统，作用是保证车辆在任何路面上进行紧急制动时，防止车轮抱死，保持前轮转向能力，避免出现侧滑等现象。
969,969,驾驶有ABS系统的机动车在紧急制动的同时转向可能会发生侧滑。,1,7,1,1,"A:正确, B:错误",,,,,,,,,,ABS是防抱死制动系统，作用是保证车辆在任何路面上进行紧急制动时，防止车轮抱死，保持前轮转向能力，避免出现侧滑等现象如果制动时同时转向，是有可能发生侧滑的
33737,33737,驾驶电动汽车，以下说法错误的是什么？,2,7,4,4,"A:出行前，应确认剩余电量, B:充电时不应在车上存放易燃易爆物, C:电量不足要及时充电, D:车辆上应配备普通灭火器",出行前，应确认剩余电量,充电时不应在车上存放易燃易爆物,电量不足要及时充电,车辆上应配备普通灭火器,,,,,,电动汽车应该配备专用的车载灭火器。电动汽车的电池着火后，普通灭火器是无法进行灭火的。驾驶电动车出车前应先检查车辆的剩余电量，避免中途出现电量缺少耽误出行；充电时不应在车上存放易燃易爆物，当电量出现不足时要及时充电。
970,970,安装防抱死制动装置（ABS）的机动车紧急制动时，可用力踏制动踏板。,1,7,1,1,"A:正确, B:错误",,,,,,,,,,安装ABS系统的车辆紧急制动时，要用力踏制动踏板（即猛踩刹车），才能防止车轮抱死。
971,971,安装防抱死制动装置（ABS）的机动车制动时，制动距离会大大缩短，因此不必保持安全车距。,1,7,2,2,"A:正确, B:错误",,,,,,,,,,ABS无法有效缩短制动距离。ABS是防抱死制动系统，作用是保证车辆在任何路面上进行紧急制动时，防止车轮抱死，保持前轮转向能力，避免出现侧滑等现象。
972,972,安全气囊是一种什么装置？,2,7,4,4,"A:驾驶人头颈保护系统, B:防抱死制动系统, C:电子制动力分配系统, D:辅助驾乘人员保护系统",驾驶人头颈保护系统,防抱死制动系统,电子制动力分配系统,辅助驾乘人员保护系统,,,,,,安全气囊是辅助驾乘人员保护系统。当车辆发生碰撞时，气囊会迅速膨胀，在驾驶人、乘车人的正面和侧面形成保护气垫，从而降低驾乘人员伤害程度。
973,973,正面安全气囊与什么配合才能充分发挥保护作用？,2,7,1,1,"A:座椅安全带, B:防抱死制动系统, C:座椅安全头枕, D:安全玻璃",座椅安全带,防抱死制动系统,座椅安全头枕,安全玻璃,,,,https://wos.58cdn.com.cn/XyVuTsRqXyf/question/973-1715072721033.jpg,,安全气囊+安全带=双重保护。图中驾驶人在发生碰撞时身体被安全带拉住，前方的安全气囊弹出保护驾驶人，正面安全气囊与安全带配合才能充分发挥保护作用。所以选择座椅安全带。
13528,13528,假如你驾车行驶在颠簸路段时，以下做法正确的是什么？,2,7,2,2,"A:稳住加速踏板, B:挂低挡挡位缓抬加速踏板, C:挂高挡位缓抬加速踏板, D:挂低挡踏满加速踏板",稳住加速踏板,挂低挡挡位缓抬加速踏板,挂高挡位缓抬加速踏板,挂低挡踏满加速踏板,,,,,,驾车通过颠簸路段，要挂低挡挡位缓抬加速踏板缓抬加速踏板是因为凹凸不平的路面极易发生颠簸，速度越快颠簸越严重，容易损伤轮胎，还会影响安全驾驶挂低挡是为了获得更多的发动机牵引力
13534,13534,以下安全带系法正确的是？,2,7,1,1,"A:图1, B:图2, C:图3, D:图4",图1,图2,图3,图4,,,,https://wos.58cdn.com.cn/XyVuTsRqXyf/question/13534-1693900322659.jpg,,安全带正确系法：肩部安全带斜着从胸前通过，不要放在胳膊下；腰部安全带系在髋部，不要系在腹部。所以图1是正确的。
13535,13535,以下哪个仪表表示发动机转速表？,2,7,1,1,"A:如图A所示, B:如图B所示, C:如图C所示, D:如图D所示",如图A所示,如图B所示,如图C所示,如图D所示,,,,https://wos.58cdn.com.cn/XyVuTsRqXyf/question/13535-1693900324456.jpg,,图A是转速表，图B是速度和里程表，图C是水温表，图D是燃油表。题干问转速表，图中找数字小、不超过10的仪表，因此选图A。
13536,13536,以下哪个仪表表示速度和里程表？,2,7,2,2,"A:如图A所示, B:如图B所示, C:如图C所示, D:如图D所示",如图A所示,如图B所示,如图C所示,如图D所示,,,,https://wos.58cdn.com.cn/XyVuTsRqXyf/question/13536-1693900327983.jpg,,图A是转速表，图B是速度和里程表，图C是水温表，图D是燃油表。题干问速度和里程表，选图B。
13537,13537,以下哪个仪表表示水温表？,2,7,3,3,"A:如图A所示, B:如图B所示, C:如图C所示, D:如图D所示",如图A所示,如图B所示,如图C所示,如图D所示,,,,https://wos.58cdn.com.cn/XyVuTsRqXyf/question/13537-1693900331430.jpg,,图A是转速表，图B是速度和里程表，图C是水温表，图D是燃油表。题干问水温表，图中找温度计，选如图C所示。
13538,13538,以下哪个仪表表示燃油表？,2,7,4,4,"A:如图中A所示, B:如图中B所示, C:如图中C所示, D:如图中D所示",如图中A所示,如图中B所示,如图中C所示,如图中D所示,,,,https://wos.58cdn.com.cn/XyVuTsRqXyf/question/13538-1693900335107.jpg,,图A是转速表，图B是速度和里程表，图C是水温表，图D是燃油表。题干问燃油表，图中找加油机，选图D。
13539,13539,图中哪个报警灯亮，提示充电电路异常或故障？,2,7,4,4,"A:如图A所示, B:如图B所示, C:如图C所示, D:如图D所示",如图A所示,如图B所示,如图C所示,如图D所示,,,,https://wos.58cdn.com.cn/XyVuTsRqXyf/question/13539-1693900338784.jpg,,图A是燃油指示灯，图B是制动系统指示灯，图C是ABS指示灯，图D是电瓶指示灯。题干问充电电路异常或故障灯，图中找正负极+-标志，选如图D所示。
13540,13540,哪个报警灯亮，提示发动机控制系统异常或故障？,2,7,3,3,"A:如图A所示, B:如图B所示, C:如图C所示, D:如图D所示",如图A所示,如图B所示,如图C所示,如图D所示,,,,https://wos.58cdn.com.cn/XyVuTsRqXyf/question/13540-1693900341939.jpg,,图A是燃油指示灯，图B是气囊指示灯，图C是发动机指示灯，图D是水温指示灯。题干问发动机控制系统异常或故障灯，图中找发动机+check标志，选如图C所示。
13541,13541,为提示车辆和行人注意，雾天必须开启哪个灯？,2,7,4,4,"A:如图中A所示, B:如图中B所示, C:如图中C所示, D:如图中D所示",如图中A所示,如图中B所示,如图中C所示,如图中D所示,,,,https://wos.58cdn.com.cn/XyVuTsRqXyf/question/13541-1693900345598.jpg,,图A是前风窗玻璃刮水器及洗涤器开关，图B是远光指示灯，图C是转向指示灯，图D是雾灯指示灯。雾天要开启雾灯，图中找光线倾斜且有纵向线的，选图D。
225509,225509,图中指示灯亮，应及时到附近加油站加油，以免造成车辆滞留公路，发生交通事故。,1,7,1,1,"A:正确, B:错误",正确,错误,,,,,,https://wos.58cdn.com.cn/XyVuTsRqXyf/question/225509-1760949405074.jpg,,图中有黄色加油机标志，表示是燃油指示灯，车辆启动后一直亮起，说明油箱内燃油已到最低液面，要尽快到附近加油站加油注意区分发动机供油系统出现异常是红色
13543,13543,以下哪个指示灯亮时，表示发动机机油压力过低？,2,7,1,1,"A:如图中A所示, B:如图中B所示, C:如图中C所示, D:如图中D所示",如图中A所示,如图中B所示,如图中C所示,如图中D所示,,,,https://wos.58cdn.com.cn/XyVuTsRqXyf/question/13543-1693900350609.jpg,,图A是机油指示灯，图B是前雾灯指示灯，图C是ABS指示灯，图D是水温指示灯。题干问机油压力过低指示灯，图中找滴油的油壶，选图A。
13544,13544,机油压力报警灯持续亮，可边行驶，边观察，等待报警灯自行熄灭。,1,7,2,2,"A:正确, B:错误",,,,,,,,,,机油报警灯亮起，如果继续行驶，容易造成发动机损坏，影响行车安全
13545,13545,以下哪个指示灯亮时，表示防抱死制动系统出现故障？,2,7,3,3,"A:如图中A所示, B:如图中B所示, C:如图中C所示, D:如图中D所示",如图中A所示,如图中B所示,如图中C所示,如图中D所示,,,,https://wos.58cdn.com.cn/XyVuTsRqXyf/question/13545-1693900354285.jpg,,图A是机油指示灯，图B是前雾灯指示灯，图C是ABS指示灯，图D是水温指示灯。题干问防抱死制动系统故障灯，图中找ABS标志，选图C。
13546,13546,行车中下列哪个灯亮，提示驾驶人车辆制动系统出现异常？,2,7,3,3,"A:如图中A所示, B:如图中B所示, C:如图中C所示, D:如图中D所示",如图中A所示,如图中B所示,如图中C所示,如图中D所示,,,,https://wos.58cdn.com.cn/XyVuTsRqXyf/question/13546-1693900357827.jpg,,图A是燃油指示灯，图B是水温指示灯，图C是制动系统指示灯，图D是发动机指示灯题干问制动系统出现异常，图中找圈里带！的标志，选图C
13547,13547,行车中，制动报警灯亮，应试踩一下制动，只要有效可正常行车。,1,7,2,2,"A:正确, B:错误",,,,,,,,,,行车无小事，制动报警灯亮了，说明制动有问题，需要停车检查。如果再继续行驶有安全隐患。
225515,225515,红圈内指示灯亮，提示右侧车门未关闭。,1,7,1,1,"A:正确, B:错误",正确,错误,,,,,,https://wos.58cdn.com.cn/XyVuTsRqXyf/question/225515-1760951139349.jpg,,图中仪表板上红圈中右侧车门未关闭，提醒驾驶员要关好车门再起步此指示灯用来显示车辆各车门情况，任意车门未关上或未关好，该指示灯都会点亮相应的车门指示灯
13548,13548,以下哪个指示灯亮时，表示油箱内燃油已到最低液面？,2,7,4,4,"A:如图A所示, B:如图B所示, C:如图C所示, D:如图D所示",如图A所示,如图B所示,如图C所示,如图D所示,,,,https://wos.58cdn.com.cn/XyVuTsRqXyf/question/13548-1693900361393.jpg,,图A是机油指示灯，图B是前雾灯指示灯，图C是ABS指示灯，图D是燃油指示灯。题干问燃油到最低时会亮的指示灯，选图D。
13549,13549,行车中，燃油报警灯亮，应及时到附近加油站加油，以免造成车辆乘员滞留公路，发生交通事故。,1,7,1,1,"A:正确, B:错误",,,,,,,,,,本题考点为仪表指示灯。燃油报警灯亮，说明车辆马上就要没油了，需尽快补充。否则可能会滞留公路，还会造成油泵损坏。
13550,13550,以下哪个指示灯亮时，表示发动机温度过高？,2,7,2,2,"A:如图A所示, B:如图B所示, C:如图C所示, D:如图D所示",如图A所示,如图B所示,如图C所示,如图D所示,,,,https://wos.58cdn.com.cn/XyVuTsRqXyf/question/13550-1693900366227.jpg,,图A是机油指示灯，图B是水温指示灯，图C是ABS指示灯，图D是燃油指示灯。题干问发动机温度过高，图中找温度计，选图B。
225518,225518,红圈内指示灯亮，提示两侧车门未关闭。,1,7,1,1,"A:正确, B:错误",正确,错误,,,,,,https://wos.58cdn.com.cn/XyVuTsRqXyf/question/225518-1760951026889.jpg,,机动车两侧表示两边的车门，左侧提示左侧车门未关闭，右侧提示右侧车门未关闭图中红圈内两侧车门都是开启状态，提示两侧车门未关闭提醒司机车门是打开的状态
13551,13551,行车中水温报警灯亮，下列可能是其原因的是？,2,7,3,3,"A:缺少润滑油, B:指示灯损坏, C:缺少冷却液, D:冷却液过多",缺少润滑油,指示灯损坏,缺少冷却液,冷却液过多,,,,,,水温报警灯亮，说明发动机温度过高，可能是冷却液不足，需要补充。
13552,13552,以下哪个指示灯亮时，提醒驾驶人安全带插头未插入锁扣？,2,7,1,1,"A:如图A所示, B:如图B所示, C:如图C所示, D:如图D所示",如图A所示,如图B所示,如图C所示,如图D所示,,,,https://wos.58cdn.com.cn/XyVuTsRqXyf/question/13552-1693900369584.jpg,,图A是安全带指示灯，图B是水温指示灯，图C是ABS指示灯，图D是燃油指示灯。题干问安全带未插入，图中找有安全带的标志，选如图A所示。
218608,218608,可以在电池电量不足的情况下长期停放电动车辆。,1,7,2,2,"A:正确, B:错误",正确,错误,,,,,,,,‌电动车辆在电量不足的情况下长期停放会对电池造成不可逆的损伤‌在电量不足的情况下停放可能会导致电池容量下降等情况，应避免让动力电池长时间处于亏电状态
225520,225520,"红圈内指示灯亮，提示发动机舱开启。
",1,7,2,2,"A:正确, B:错误",正确,错误,,,,,,https://wos.58cdn.com.cn/XyVuTsRqXyf/question/225520-1760950942700.jpg,,本题考点为指示灯图中红圈中指示灯车辆后盖打开，该灯亮起表示行李舱开启，提醒驾驶员要关好行李舱后再起步注意区分车辆前盖打开为发动机舱开启
218609,218609,驾驶人不得触摸、拆卸或更换车辆上带有高压警示标识的零部件、橙色电缆及其连接器，以防高压电击。,1,7,1,1,"A:正确, B:错误",正确,错误,,,,,,,,为保证自身安全，驾驶人不得触摸、拆卸或更换车辆上带有高压警示标识的零部件、橙色电缆及其连接器‌驾驶人需严格遵守安全规范，避免直接接触这些部件及其连接器，以防电击风险‌‌
13554,13554,车辆发生意外，要及时打开哪个灯？,2,7,4,4,"A:如图A所示, B:如图B所示, C:如图C所示, D:如图D所示",如图A所示,如图B所示,如图C所示,如图D所示,,,,https://wos.58cdn.com.cn/XyVuTsRqXyf/question/13554-1693900374981.jpg,,图A是示廓灯，图B是雾灯指示灯，图C是远光指示灯，图D是危险报警闪光灯。车辆发生意外后，要开启危险报警闪光灯，图中找双红三角灯，选图D。
218610,218610,驾车时应避免在路况复杂、交通标线不完整的情况下使用自适应巡航控制系统。,1,7,1,1,"A:正确, B:错误",正确,错误,,,,,,,,驾车时遇路况复杂、交通标线不完整，这时不可以使用自适应巡航控制系统（ACC）因为系统可能无法准确识别路况，导致控制失效或反应延迟，增加安全风险
225522,225522,红圈内符号表示（）。,2,7,3,3,"A:前风窗玻璃刮水器及洗涤器, B:后风窗玻璃除霜或除雾, C:后风窗玻璃刮水器及洗涤器, D:前风窗玻璃除霜或除雾",前风窗玻璃刮水器及洗涤器,后风窗玻璃除霜或除雾,后风窗玻璃刮水器及洗涤器,前风窗玻璃除霜或除雾,,,,https://wos.58cdn.com.cn/XyVuTsRqXyf/question/225522-1760950865608.jpg,,图中所示为后风窗玻璃刮水器及洗涤器扇形图标是前风窗，方形的图标就是后风窗
218611,218611,开启自动紧急制动辅助系统时，驾驶人仍要保证对制动踏板的控制。,1,7,1,1,"A:正确, B:错误",正确,错误,,,,,,,,‌开启自动紧急制动辅助系统时，驾驶人仍需保证对制动踏板的控制‌自动紧急制动辅助系统（AEB）虽然可以在紧急情况下自动触发制动，但驾驶人仍然需要保持对制动踏板的控制，以确保系统的有效性和安全性
2549,2549,下列哪个指示灯亮表示车辆在使用近光灯？,2,7,3,3,"A:如图中A所示, B:如图中B所示, C:如图中C所示, D:如图中D所示",如图中A所示,如图中B所示,如图中C所示,如图中D所示,,,,https://wos.58cdn.com.cn/XyVuTsRqXyf/question/2549-1693899385950.jpg,,本题考点为指示灯图A是示廓灯，图B是前后雾灯，图C是近光灯，图D是制动系统出现异常或故障所以图C中指示灯亮，表示车辆在使用近光灯
218613,218613,红圈内的符号表示（ ）。,2,7,1,1,"A:前风窗玻璃刮水器及洗涤器, B:后风窗玻璃刮水器及洗涤器, C:后风窗玻璃除霜或除雾, D:前风窗玻璃除霜或除雾",前风窗玻璃刮水器及洗涤器,后风窗玻璃刮水器及洗涤器,后风窗玻璃除霜或除雾,前风窗玻璃除霜或除雾,,,,https://wos.58cdn.com.cn/XyVuTsRqXyf/question/218613-1751511306358.jpg,,图中所示为前风窗玻璃刮水器及洗涤器扇形图标是前风窗，方形的图标就是后风窗
2550,2550,车辆使用远光灯，下列哪个指示灯会亮？,2,7,4,4,"A:图1, B:图2, C:图3, D:图4",图1,图2,图3,图4,,,,https://wos.58cdn.com.cn/XyVuTsRqXyf/question/2550-1754389597799.jpg,,本题考点为指示灯图1是驻车制动器处于制动状态标志；图2是前后雾灯；图3是示廓灯；图4是远光灯所以使用远光灯时，图4中的指示灯会亮
210170,210170,驾驶电动汽车，图中指示灯亮表示（ ）。,2,7,1,1,"A:驱动电机故障, B:驱动功率限制, C:低荷电状态警告, D:动力蓄电池故障",驱动电机故障,驱动功率限制,低荷电状态警告,动力蓄电池故障,,,,https://wos.58cdn.com.cn/XyVuTsRqXyf/question/210170-1746762891395.jpg,,本题考点为新能源汽车仪表指示灯该指示灯亮起表示驱动电机发生故障图中标志中有一个红色！和大号电池选项中找电机故障，因此本题选驱动电机故障
210171,210171,驾驶电动汽车，图中指示灯亮表示（ ）。,2,7,1,1,"A:动力蓄电池高温报警, B:正在充电, C:低荷电状态警告, D:动力蓄电池故障",动力蓄电池高温报警,正在充电,低荷电状态警告,动力蓄电池故障,,,,https://wos.58cdn.com.cn/XyVuTsRqXyf/question/210171-1746763367499.jpg,,本题考点为新能源汽车仪表指示灯该指示灯亮起表示动力蓄电池高温报警图中标志中有一个红色温度计和加减号选项中找电池高温，因此本题选动力蓄电池高温报警
210172,210172,驾驶电动汽车，图中指示灯亮表示（ ）。,2,7,3,3,"A:驱动电机故障, B:动力蓄电池故障, C:系统故障, D:低荷电状态警告",驱动电机故障,动力蓄电池故障,系统故障,低荷电状态警告,,,,https://wos.58cdn.com.cn/XyVuTsRqXyf/question/210172-1746763131397.jpg,,本题考点为新能源汽车仪表指示灯该指示灯亮起表示车辆出现一级系统故障图中标志中有一个红色！和机动车选项中找系统，因此本题选系统故障
